course_id,course_title,is_paid,price,num_subscribers,num_reviews,num_lectures,level,content_duration,published_timestamp,subject,profit,published_date,published_time,year,month,day
1070968,Ultimate Investment Banking Course,TRUE,200,2147,23,51,All Levels,1.5 hours,2017-01-18T20:58:58Z,Business Finance,429400,18-01-2017,20:58:58Z,2017,1,18
1113822,Complete GST Course & Certification - Grow Your CA Practice,TRUE,75,2792,923,274,All Levels,39 hours,2017-03-09T16:34:20Z,Business Finance,209400,09-03-2017,16:34:20Z,2017,3,9
1006314,Financial Modeling for Business Analysts and Consultants,TRUE,45,2174,74,51,Intermediate Level,2.5 hours,2016-12-19T19:26:30Z,Business Finance,97830,19-12-2016,19:26:30Z,2016,12,19
1210588,Beginner to Pro - Financial Analysis in Excel 2017,TRUE,95,2451,11,36,All Levels,3 hours,2017-05-30T20:07:24Z,Business Finance,232845,30-05-2017,20:07:24Z,2017,5,30
1011058,How To Maximize Your Profits Trading Options,TRUE,200,1276,45,26,Intermediate Level,2 hours,2016-12-13T14:57:18Z,Business Finance,255200,13-12-2016,14:57:18Z,2016,12,13
192870,Trading Penny Stocks: A Guide for All Levels In 2017,TRUE,150,9221,138,25,All Levels,3 hours,2014-05-02T15:13:30Z,Business Finance,1383150,02-05-2014,15:13:30Z,2014,5,2
739964,Investing And Trading For Beginners: Mastering Price Charts,TRUE,65,1540,178,26,Beginner Level,1 hour,2016-02-21T18:23:12Z,Business Finance,100100,21-02-2016,18:23:12Z,2016,2,21
403100,"Trading Stock Chart Patterns For Immediate, Explosive Gains",TRUE,95,2917,148,23,All Levels,2.5 hours,2015-01-30T22:13:03Z,Business Finance,277115,30-01-2015,22:13:03Z,2015,1,30
476268,Options Trading 3 : Advanced Stock Profit and Success Method,TRUE,195,5172,34,38,Expert Level,2.5 hours,2015-05-28T00:14:03Z,Business Finance,1008540,28-05-2015,00:14:03Z,2015,5,28
1167710,The Only Investment Strategy You Need For Your Retirement,TRUE,200,827,14,15,All Levels,1 hour,2017-04-18T18:13:32Z,Business Finance,165400,18-04-2017,18:13:32Z,2017,4,18
592338,Forex Trading Secrets of the Pros With Amazon's AWS,TRUE,200,4284,93,76,All Levels,5 hours,2015-09-11T16:47:02Z,Business Finance,856800,11-09-2015,16:47:02Z,2015,9,11
975046,Trading Options With Money Flow,TRUE,200,1380,42,17,All Levels,1 hour,2016-10-18T22:52:31Z,Business Finance,276000,18-10-2016,22:52:31Z,2016,10,18
742602,Financial Management Risk and Return For Securities,TRUE,30,3607,21,19,All Levels,1.5 hours,2016-02-03T18:04:01Z,Business Finance,108210,03-02-2016,18:04:01Z,2016,2,3
794151,Forex Trading Course: Work Smarter Not Harder Proven Results,TRUE,195,4061,52,16,All Levels,2 hours,2016-03-16T15:40:19Z,Business Finance,791895,16-03-2016,15:40:19Z,2016,3,16
1196544,Python Algo Trading: Sentiment Trading with News,TRUE,200,294,19,42,All Levels,7 hours,2017-04-28T16:41:44Z,Business Finance,58800,28-04-2017,16:41:44Z,2017,4,28
504036,Short Selling: Learn To Sell Stocks Before The Fall,TRUE,75,2276,106,19,Intermediate Level,1.5 hours,2015-06-22T21:18:35Z,Business Finance,170700,22-06-2015,21:18:35Z,2015,6,22
719698,Basic Technical Analysis: Learn the structure of the market,TRUE,20,4919,79,16,Beginner Level,1.5 hours,2016-01-08T17:21:26Z,Business Finance,98380,08-01-2016,17:21:26Z,2016,1,8
564966,The Complete Chart Pattern Trading Course: A Proven Approach,TRUE,200,2666,115,52,All Levels,4 hours,2015-08-10T21:07:35Z,Business Finance,533200,10-08-2015,21:07:35Z,2015,8,10
606928,7 Deadly Mistakes of Investing that Will Slash Your Profits!,TRUE,50,5354,24,23,All Levels,1.5 hours,2015-09-21T18:10:34Z,Business Finance,267700,21-09-2015,18:10:34Z,2015,9,21
58977,Financial Statements Made Easy,TRUE,95,8095,249,12,Beginner Level,35 mins,2013-06-09T00:21:26Z,Business Finance,769025,09-06-2013,00:21:26Z,2013,6,9
1242604,Winning Forex Trading with Live Forex Trading Examples,TRUE,200,809,3,25,All Levels,2 hours,2017-06-06T02:54:04Z,Business Finance,161800,06-06-2017,02:54:04Z,2017,6,6
798740,Forex Traders - Create Your First Trading Robot. No Coding!,TRUE,200,2295,84,39,All Levels,4 hours,2016-05-02T19:26:48Z,Business Finance,459000,02-05-2016,19:26:48Z,2016,5,2
506568,Create A Business From Home Trading Stocks Today In 2017,TRUE,75,10149,83,16,All Levels,2 hours,2015-05-26T17:25:46Z,Business Finance,761175,26-05-2015,17:25:46Z,2015,5,26
1020760,Introduction to Accounting : Mastering Financial Statements,TRUE,50,1916,38,23,Beginner Level,1 hour,2016-12-05T22:14:17Z,Business Finance,95800,05-12-2016,22:14:17Z,2016,12,5
859742,The Complete Ethereum Course: Get .01 Ether In Your Wallet,TRUE,45,2507,333,40,All Levels,2 hours,2016-05-30T18:53:46Z,Business Finance,112815,30-05-2016,18:53:46Z,2016,5,30
383414,Beginner to Pro in PowerPoint: Complete PowerPoint Training,TRUE,150,5786,518,50,All Levels,5 hours,2015-01-31T15:34:05Z,Business Finance,867900,31-01-2015,15:34:05Z,2015,1,31
353044,Investing 101: The Complete Online Investing Course,TRUE,200,5334,373,42,All Levels,4.5 hours,2014-11-28T17:49:03Z,Business Finance,1066800,28-11-2014,17:49:03Z,2014,11,28
447362,Create Your Own Hedge Fund: Trade Stocks Like A Fund Manager,TRUE,175,4005,237,25,Intermediate Level,2 hours,2015-04-12T20:13:47Z,Business Finance,700875,12-04-2015,20:13:47Z,2015,4,12
831066,Learn MQL5: Build an 8-Currency Hedging Robot (MetaTrader 5),TRUE,150,2877,103,81,All Levels,4.5 hours,2016-04-26T22:41:46Z,Business Finance,431550,26-04-2016,22:41:46Z,2016,4,26
1266306,Forex Trading: Your Complete Guide to Get Started Like a Pro,TRUE,140,1026,25,37,Beginner Level,3 hours,2017-06-27T22:21:31Z,Business Finance,143640,27-06-2017,22:21:31Z,2017,6,27
1170894,Python Algo Stock Trading: Automate Your Trading!,TRUE,95,1165,21,41,Beginner Level,2.5 hours,2017-05-28T23:41:03Z,Business Finance,110675,28-05-2017,23:41:03Z,2017,5,28
948974,THE Forex Robot: Incredible ROI (Robot Included),TRUE,200,1843,171,35,All Levels,1.5 hours,2016-10-04T15:20:57Z,Business Finance,368600,04-10-2016,15:20:57Z,2016,10,4
380970,The Complete Bitcoin Course: Get .001 Bitcoin In Your Wallet,TRUE,45,8797,449,80,All Levels,6.5 hours,2015-01-09T03:55:15Z,Business Finance,395865,09-01-2015,03:55:15Z,2015,1,9
1217778,Mastering High Probability Iron Condor Options Trading,TRUE,200,1030,11,22,All Levels,2 hours,2017-06-01T05:22:08Z,Business Finance,206000,01-06-2017,05:22:08Z,2017,6,1
1246208,The Complete Short Course on Ethereum,TRUE,200,1041,12,28,All Levels,1.5 hours,2017-06-11T19:02:03Z,Business Finance,208200,11-06-2017,19:02:03Z,2017,6,11
434774,Options Trading Stocks: Proven Toolbox For Financial Success,TRUE,195,7884,118,68,Intermediate Level,10 hours,2015-05-19T23:25:41Z,Business Finance,1537380,19-05-2015,23:25:41Z,2015,5,19
308690,Forex Trading A-Z™ - With LIVE Examples of Forex Trading,TRUE,195,16900,2476,52,Beginner Level,5.5 hours,2014-12-12T23:58:39Z,Business Finance,3295500,12-12-2014,23:58:39Z,2014,12,12
888716,"Introduction to Finance, Accounting, Modeling and Valuation",TRUE,200,11441,1118,61,All Levels,4.5 hours,2016-06-28T06:12:23Z,Business Finance,2288200,28-06-2016,06:12:23Z,2016,6,28
321410,Beginner to Pro in Excel: Financial Modeling and Valuation,TRUE,195,22257,2697,138,All Levels,7.5 hours,2014-11-25T23:00:40Z,Business Finance,4340115,25-11-2014,23:00:40Z,2014,11,25
965832,The Complete Investment Banking Course 2017,TRUE,195,8575,809,110,All Levels,5.5 hours,2016-10-10T16:16:26Z,Business Finance,1672125,10-10-2016,16:16:26Z,2016,10,10
648826,The Complete Financial Analyst Course 2017,TRUE,195,24481,2347,174,All Levels,10 hours,2016-01-21T01:38:48Z,Business Finance,4773795,21-01-2016,01:38:48Z,2016,1,21
1035472,Python for Finance: Investment Fundamentals & Data Analytics,TRUE,195,3811,278,103,All Levels,6.5 hours,2017-03-30T22:17:09Z,Business Finance,743145,30-03-2017,22:17:09Z,2017,3,30
1154754,Financial Modeling for Startups & Small Businesses,TRUE,195,4991,137,79,Beginner Level,11.5 hours,2017-03-29T22:36:05Z,Business Finance,973245,29-03-2017,22:36:05Z,2017,3,29
627540,Options Trading - How to Win with Weekly Options,TRUE,115,7489,1190,25,Intermediate Level,1 hour,2015-10-22T21:54:28Z,Business Finance,861235,22-10-2015,21:54:28Z,2015,10,22
301442,Black Algo Trading: Build Your Trading Robot,TRUE,200,20195,1113,227,All Levels,16 hours,2014-10-27T22:01:36Z,Business Finance,4039000,27-10-2014,22:01:36Z,2014,10,27
640100,Accounting & Financial Statement Analysis: Complete Training,TRUE,150,10042,594,43,All Levels,3 hours,2015-10-22T00:03:48Z,Business Finance,1506300,22-10-2015,00:03:48Z,2015,10,22
1247394,Cryptocurrency Trading: Complete Guide To Trading Altcoins,TRUE,95,367,42,35,All Levels,5 hours,2017-06-21T23:18:47Z,Business Finance,34865,21-06-2017,23:18:47Z,2017,6,21
260470,Forex Robots: Expect To Earn 175% P.A. Forex Robot Included!,TRUE,200,10603,872,42,All Levels,5.5 hours,2014-10-12T21:19:11Z,Business Finance,2120600,12-10-2014,21:19:11Z,2014,10,12
1214702,Three Steps Trading - Live Trading - Real Account,TRUE,190,1197,11,46,All Levels,5 hours,2017-05-24T23:02:07Z,Business Finance,227430,24-05-2017,23:02:07Z,2017,5,24
848664,Option Trading for Rookies:  Understand Options Completely,TRUE,150,2893,65,62,All Levels,2 hours,2016-08-10T15:27:06Z,Business Finance,433950,10-08-2016,15:27:06Z,2016,8,10
1142570,How I Learned Stock Trading (and How You Can Too),TRUE,200,1580,12,53,Expert Level,2 hours,2017-05-02T21:20:54Z,Business Finance,316000,02-05-2017,21:20:54Z,2017,5,2
325834,Learn to Trade for Profit: Find and Trade Winning Stocks,TRUE,95,10605,71,77,All Levels,3 hours,2014-10-24T18:13:49Z,Business Finance,1007475,24-10-2014,18:13:49Z,2014,10,24
411168,Trading Inside Bars - Master 1 Easy Pattern To Be Successful,TRUE,125,2996,200,23,Intermediate Level,2 hours,2015-03-09T00:24:38Z,Business Finance,374500,09-03-2015,00:24:38Z,2015,3,9
885974,Four Fundamentals of Financial Planning,TRUE,30,6219,23,20,All Levels,1 hour,2017-02-14T04:42:58Z,Business Finance,186570,14-02-2017,04:42:58Z,2017,2,14
1151092,Options Trading - Calendar Spread Course for Every Trader,TRUE,200,1113,11,17,All Levels,1.5 hours,2017-04-02T21:46:00Z,Business Finance,222600,02-04-2017,21:46:00Z,2017,4,2
358326,Dividend Investing: Build Your Portfolio for a Better Future,TRUE,60,8314,83,47,Beginner Level,4 hours,2015-01-24T06:31:19Z,Business Finance,498840,24-01-2015,06:31:19Z,2015,1,24
153210,Learn Accounting. Understand Business.,TRUE,200,5572,123,33,Beginner Level,5.5 hours,2014-03-27T17:58:37Z,Business Finance,1114400,27-03-2014,17:58:37Z,2014,3,27
834836,How to Consistently Win Trading Stocks in 30 Days or Less,TRUE,145,1433,169,15,Intermediate Level,1 hour,2016-05-09T05:44:33Z,Business Finance,207785,09-05-2016,05:44:33Z,2016,5,9
1171994,A Beginner's Guide to Quantopian Futures API,TRUE,20,936,6,11,Intermediate Level,1.5 hours,2017-04-11T00:59:50Z,Business Finance,18720,11-04-2017,00:59:50Z,2017,4,11
1239068,How to Buy Cheap Options - Options Trading Pricing Model,TRUE,200,658,2,19,All Levels,1 hour,2017-06-02T18:12:45Z,Business Finance,131600,02-06-2017,18:12:45Z,2017,6,2
985922,Excel Crash Course: Master Excel for Financial Analysis,TRUE,105,8121,689,40,All Levels,3.5 hours,2016-10-18T00:51:59Z,Business Finance,852705,18-10-2016,00:51:59Z,2016,10,18
765562,"Comprehensive Guide to Financial Markets, Investing &Trading",TRUE,60,4187,600,79,Beginner Level,9 hours,2016-02-29T18:45:41Z,Business Finance,251220,29-02-2016,18:45:41Z,2016,2,29
165964,Stock Trading Ninja: Complete System For Trading Success,TRUE,155,9445,497,38,All Levels,4.5 hours,2014-02-19T19:04:28Z,Business Finance,1463975,19-02-2014,19:04:28Z,2014,2,19
855172,Hedge and Mutual Fund Careers: The Complete Guide,TRUE,200,3255,340,102,All Levels,8.5 hours,2016-06-20T20:17:12Z,Business Finance,651000,20-06-2016,20:17:12Z,2016,6,20
258232,Algorithmic Trading In Forex: Create Your First Forex Robot!,TRUE,185,7941,713,40,All Levels,6.5 hours,2014-08-11T08:01:14Z,Business Finance,1469085,11-08-2014,08:01:14Z,2014,8,11
994754,The Power Modeling Bootcamp: Advanced Excel in 10 Days,TRUE,150,1680,158,76,All Levels,5.5 hours,2016-11-26T04:09:14Z,Business Finance,252000,26-11-2016,04:09:14Z,2016,11,26
43319,Options Trading Basics (3-Course Bundle),TRUE,180,10100,985,45,Beginner Level,11 hours,2013-02-25T11:36:06Z,Business Finance,1818000,25-02-2013,11:36:06Z,2013,2,25
408440,How to Win 97% of Your Options Trades,TRUE,125,5050,461,26,All Levels,1.5 hours,2015-02-10T04:21:40Z,Business Finance,631250,10-02-2015,04:21:40Z,2015,2,10
918688,How I Make Consistent Returns Trading Options,TRUE,200,2310,162,26,All Levels,3.5 hours,2016-10-05T17:42:52Z,Business Finance,462000,05-10-2016,17:42:52Z,2016,10,5
308694,"Forex Strategies: Kelly Criterion, Larry Williams and more!",TRUE,185,5528,506,32,All Levels,3 hours,2015-02-19T11:31:27Z,Business Finance,1022680,19-02-2015,11:31:27Z,2015,2,19
199450,"Elite Trend Trader: Learn To Trade Stocks, Options & Forex",TRUE,125,6451,237,28,All Levels,5 hours,2014-04-16T13:58:31Z,Business Finance,806375,16-04-2014,13:58:31Z,2014,4,16
401784,Options Trading Introduction: Day Trade Stock Options,TRUE,95,12394,218,30,Beginner Level,2.5 hours,2015-02-20T21:39:41Z,Business Finance,1177430,20-02-2015,21:39:41Z,2015,2,20
1122792,The Almost Perfect Options Trading Strategy System - Unique,TRUE,200,1793,18,15,All Levels,1 hour,2017-03-03T21:43:05Z,Business Finance,358600,03-03-2017,21:43:05Z,2017,3,3
709500,Forex Trading -  Learn to Trade Forex Like the Banks,TRUE,20,3223,240,23,All Levels,1 hour,2016-03-30T15:29:03Z,Business Finance,64460,30-03-2016,15:29:03Z,2016,3,30
285638,Learn to Trade for Profit:Trading with Japanese Candlesticks,TRUE,60,16385,273,45,Beginner Level,3 hours,2014-09-02T03:53:13Z,Business Finance,983100,02-09-2014,03:53:13Z,2014,9,2
1135126,The Most Powerful Options Spread Trading Front Ratio Spread,TRUE,200,1487,16,18,All Levels,2 hours,2017-03-08T21:09:41Z,Business Finance,297400,08-03-2017,21:09:41Z,2017,3,8
834558,What Finance Job is for You? Explanation of 14 Finance Roles,TRUE,200,2951,232,60,All Levels,4 hours,2016-05-04T05:22:32Z,Business Finance,590200,04-05-2016,05:22:32Z,2016,5,4
551968,The Blueprint for Successful Stock Trading,TRUE,120,2697,331,15,All Levels,1 hour,2015-08-13T18:58:05Z,Business Finance,323640,13-08-2015,18:58:05Z,2015,8,13
1005658,Trading for Beginners - Intermediate Level,TRUE,150,3979,40,39,Beginner Level,5 hours,2016-11-09T01:45:20Z,Business Finance,596850,09-11-2016,01:45:20Z,2016,11,9
746432,Start Trading Stocks Using Technical Analysis!,TRUE,25,3190,244,45,All Levels,4 hours,2016-02-03T17:10:31Z,Business Finance,79750,03-02-2016,17:10:31Z,2016,2,3
1057242,Learn How to Set Up an Incubator Hedge Fund - Step-by-Step,TRUE,200,1406,71,54,Expert Level,1.5 hours,2017-01-18T20:55:27Z,Business Finance,281200,18-01-2017,20:55:27Z,2017,1,18
284118,VPS for Forex Trading - Protect Your Forex Robots,TRUE,160,4252,225,24,All Levels,2 hours,2014-09-19T04:07:58Z,Business Finance,680320,19-09-2014,04:07:58Z,2014,9,19
302562,Introduction to Accounting: The Language of Business,TRUE,20,11958,370,134,Beginner Level,11.5 hours,2014-10-02T09:16:55Z,Business Finance,239160,02-10-2014,09:16:55Z,2014,10,2
596598,Basic Excel for Basic Bookkeeping and Accounting,TRUE,95,7743,340,33,Beginner Level,1.5 hours,2015-09-10T00:30:48Z,Business Finance,735585,10-09-2015,00:30:48Z,2015,9,10
860890,"Using 'The Greeks To Understand Options""",TRUE,50,2134,55,5,All Levels,1 hour,2016-07-13T18:37:40Z,Business Finance,106700,13-07-2016,18:37:40Z,2016,7,13
951050,Trading Options For Consistent Returns: Calendar Spreads,TRUE,200,1214,69,20,All Levels,1.5 hours,2016-10-07T04:58:46Z,Business Finance,242800,07-10-2016,04:58:46Z,2016,10,7
796450,How to Create Your Personal Budget,TRUE,20,3870,53,10,All Levels,1 hour,2016-03-21T21:09:49Z,Business Finance,77400,21-03-2016,21:09:49Z,2016,3,21
502772,The Complete Value Investing Course: A Proven Approach,TRUE,200,2146,212,49,All Levels,4.5 hours,2015-06-16T22:43:07Z,Business Finance,429200,16-06-2015,22:43:07Z,2015,6,16
1102462,FOREX Trading with Price Action,TRUE,195,484,57,19,Beginner Level,1 hour,2017-03-14T18:30:55Z,Business Finance,94380,14-03-2017,18:30:55Z,2017,3,14
1062092,Emini ES Futures - Advanced Non Directional Options Trading,TRUE,200,1057,15,14,All Levels,1.5 hours,2017-01-11T20:48:19Z,Business Finance,211400,11-01-2017,20:48:19Z,2017,1,11
891484,Forex Trading - Advanced Fundamental Analysis,TRUE,20,1754,100,49,Intermediate Level,2.5 hours,2016-06-30T17:06:46Z,Business Finance,35080,30-06-2016,17:06:46Z,2016,6,30
1217064,How To Invest With Tiny Capital In Stocks ?,TRUE,20,1239,5,6,Beginner Level,42 mins,2017-05-23T16:07:09Z,Business Finance,24780,23-05-2017,16:07:09Z,2017,5,23
382204,Learn How To Successfully Trade Stocks: In 5 Simple Steps,TRUE,95,2493,276,108,All Levels,9.5 hours,2015-01-31T19:02:09Z,Business Finance,236835,31-01-2015,19:02:09Z,2015,1,31
1259560,Test your knowledge in Basics of Accounting,TRUE,30,1000,11,0,Beginner Level,218 questions,2017-06-20T05:56:52Z,Business Finance,30000,20-06-2017,05:56:52Z,2017,6,20
308696,Forex MetaTrader 4: Master MT4 Like A Pro Forex Trader,TRUE,150,2602,402,57,Beginner Level,5 hours,2015-10-28T17:32:56Z,Business Finance,390300,28-10-2015,17:32:56Z,2015,10,28
1270254,Test your Knowledge in Cost Accounting,TRUE,30,999,3,0,All Levels,18 questions,2017-06-27T10:43:44Z,Business Finance,29970,27-06-2017,10:43:44Z,2017,6,27
474928,Intermediate Options trading concepts for Stocks and Options,TRUE,40,2000,30,9,All Levels,1 hour,2015-04-13T20:28:04Z,Business Finance,80000,13-04-2015,20:28:04Z,2015,4,13
1148774,Options Trading 101: The Basics,FALSE,0,1514,66,11,Beginner Level,33 mins,2017-03-23T22:19:57Z,Business Finance,0,23-03-2017,22:19:57Z,2017,3,23
959144,Practical Accounts APP Overview,TRUE,20,1361,1,14,Intermediate Level,3 hours,2016-10-04T23:38:32Z,Business Finance,27220,04-10-2016,23:38:32Z,2016,10,4
1233350,Bitcoin Profits for Beginners,TRUE,100,61,18,30,Beginner Level,1.5 hours,2017-06-09T17:01:05Z,Business Finance,6100,09-06-2017,17:01:05Z,2017,6,9
572744,Trend Traders Club: How To Find And Trade Fast Moving Trends,TRUE,75,1513,31,60,All Levels,5.5 hours,2015-08-04T19:16:51Z,Business Finance,113475,04-08-2015,19:16:51Z,2015,8,4
724062,Financial Statements Basics,TRUE,20,1374,19,9,Beginner Level,2 hours,2016-01-14T18:58:56Z,Business Finance,27480,14-01-2016,18:58:56Z,2016,1,14
474212,High performance Stock Trading using key Options techniques,TRUE,40,2103,15,6,All Levels,1.5 hours,2015-04-12T22:28:45Z,Business Finance,84120,12-04-2015,22:28:45Z,2015,4,12
771276,Introduction to Financial Statement Analysis,TRUE,20,1480,25,25,Beginner Level,1.5 hours,2016-03-21T17:00:37Z,Business Finance,29600,21-03-2016,17:00:37Z,2016,3,21
388164,Basics of Economics (College Level),TRUE,25,2516,12,20,All Levels,1.5 hours,2015-01-08T13:55:52Z,Business Finance,62900,08-01-2015,13:55:52Z,2015,1,8
133536,Stock Market Investing for Beginners,FALSE,0,50855,2698,15,Beginner Level,1.5 hours,2013-12-25T19:53:34Z,Business Finance,0,25-12-2013,19:53:34Z,2013,12,25
655300,Accounting for Beginners : Learn Basics in under 1 Hour,TRUE,50,1971,13,20,Beginner Level,1.5 hours,2015-12-03T17:08:10Z,Business Finance,98550,03-12-2015,17:08:10Z,2015,12,3
949504,Straddle Options Trading - Profit in Any Market Direction,TRUE,200,837,9,19,All Levels,1 hour,2016-10-03T17:32:40Z,Business Finance,167400,03-10-2016,17:32:40Z,2016,10,3
265960,Fundamentals of Forex Trading,FALSE,0,17160,620,23,All Levels,1 hour,2014-08-29T20:10:38Z,Business Finance,0,29-08-2014,20:10:38Z,2014,8,29
680044,"Binary Options: Trading Strategies, 90% Accuracy and Signals",TRUE,195,1723,38,24,Beginner Level,1 hour,2015-12-14T18:29:57Z,Business Finance,335985,14-12-2015,18:29:57Z,2015,12,14
923616,Website Investing 101 - Buying & Selling Online Businesses,FALSE,0,6811,151,51,All Levels,2 hours,2016-08-05T17:03:15Z,Business Finance,0,05-08-2016,17:03:15Z,2016,8,5
741898,Practical Accounts & Bookkeeping Automated Overview ,TRUE,20,2060,17,30,All Levels,4.5 hours,2016-01-28T21:43:31Z,Business Finance,41200,28-01-2016,21:43:31Z,2016,1,28
381330,Live Account - ETF Trading System - Hacking The Stock Market,TRUE,150,2318,19,16,All Levels,5 hours,2014-12-31T03:29:21Z,Business Finance,347700,31-12-2014,03:29:21Z,2014,12,31
545918,Stock Market Leverage: How to Start Trading Options Wisely,TRUE,95,2153,14,13,Beginner Level,1.5 hours,2015-07-27T18:39:51Z,Business Finance,204535,27-07-2015,18:39:51Z,2015,7,27
191854,Stock Market Foundations,FALSE,0,19339,794,9,Beginner Level,2 hours,2014-03-31T21:35:06Z,Business Finance,0,31-03-2014,21:35:06Z,2014,3,31
471546,Crash Course on Working Capital Management,TRUE,20,3177,8,8,All Levels,1 hour,2015-04-16T17:35:54Z,Business Finance,63540,16-04-2015,17:35:54Z,2015,4,16
866584,Advanced Accounting A Complete Study for CA / CMA / CFA / CS,TRUE,150,1535,16,462,All Levels,62 hours,2016-06-03T17:42:27Z,Business Finance,230250,03-06-2016,17:42:27Z,2016,6,3
889824,61% Profit In 1 Month - Crush Your Forex Trading Paradigm,TRUE,20,1027,29,25,All Levels,1.5 hours,2016-07-18T22:38:56Z,Business Finance,20540,18-07-2016,22:38:56Z,2016,7,18
1191504,How to create a routine Trading,TRUE,25,307,8,5,All Levels,8 mins,2017-05-01T18:50:43Z,Business Finance,7675,01-05-2017,18:50:43Z,2017,5,1
585752,"Forex Trading Secrets |MT4 Robot (EA) inside, no coding",TRUE,150,2096,48,29,All Levels,41 mins,2015-08-24T22:16:54Z,Business Finance,314400,24-08-2015,22:16:54Z,2015,8,24
671578,Forex SOS Course: Trading Tweaks And Working Forex Strategy,TRUE,50,1315,48,59,Beginner Level,2.5 hours,2015-11-18T22:40:10Z,Business Finance,65750,18-11-2015,22:40:10Z,2015,11,18
151668,Introduction to Financial Modeling,FALSE,0,29167,1463,8,Intermediate Level,1.5 hours,2014-05-27T16:22:16Z,Business Finance,0,27-05-2014,16:22:16Z,2014,5,27
1105344,Quantitative Aptitude for Banking & Competitive Examinations,TRUE,50,1056,1,42,All Levels,3 hours,2017-02-09T19:33:52Z,Business Finance,52800,09-02-2017,19:33:52Z,2017,2,9
44836,Option Spreads and Credit Spreads Bundle,TRUE,180,2212,194,24,Expert Level,4.5 hours,2013-03-05T18:27:38Z,Business Finance,398160,05-03-2013,18:27:38Z,2013,3,5
840300,B Com Accountancy I (Paper ECO 02 IGNOU),TRUE,50,2946,6,284,All Levels,31.5 hours,2016-05-05T23:07:43Z,Business Finance,147300,05-05-2016,23:07:43Z,2016,5,5
1100054,FOREX TRADING - Learn in a quick + profitable way + support,TRUE,100,271,48,47,All Levels,3.5 hours,2017-02-20T23:45:20Z,Business Finance,27100,20-02-2017,23:45:20Z,2017,2,20
421054,Auditing Basics (Professional Course Level),TRUE,25,3771,10,35,All Levels,2.5 hours,2015-02-13T14:37:18Z,Business Finance,94275,13-02-2015,14:37:18Z,2015,2,13
528784,Stock market Investing Encyclopedia: How to invest in stocks,TRUE,200,3143,11,39,Intermediate Level,3 hours,2015-11-10T22:55:53Z,Business Finance,628600,10-11-2015,22:55:53Z,2015,11,10
637430,Learn the basics of preparing accounting statements,TRUE,20,1951,30,20,Intermediate Level,33 mins,2015-10-13T21:07:22Z,Business Finance,39020,13-10-2015,21:07:22Z,2015,10,13
236080,Elliott Wave -Forex Trading With The Elliott Wave Theory,TRUE,90,4022,35,14,Expert Level,1 hour,2016-12-15T15:49:13Z,Business Finance,361980,15-12-2016,15:49:13Z,2016,12,15
777444,Corporate Finance - A Brief Introduction,FALSE,0,11724,649,17,Beginner Level,1.5 hours,2016-03-04T05:58:09Z,Business Finance,0,04-03-2016,05:58:09Z,2016,3,4
474238,Excel functions to analyze and visualize data,TRUE,20,2283,54,16,Intermediate Level,2 hours,2015-04-20T18:52:32Z,Business Finance,45660,20-04-2015,18:52:32Z,2015,4,20
1245244,Building Financial Statements in Excel,TRUE,35,1181,1,18,Beginner Level,1 hour,2017-06-29T23:34:42Z,Business Finance,41335,29-06-2017,23:34:42Z,2017,6,29
1051570,Transfer Pricing A Complete Analysis,TRUE,50,1852,3,14,All Levels,2.5 hours,2016-12-28T18:19:16Z,Business Finance,92600,28-12-2016,18:19:16Z,2016,12,28
262370,Accounting: Get Hired Without Work Experience,TRUE,100,4661,187,20,All Levels,1 hour,2014-09-01T21:43:47Z,Business Finance,466100,01-09-2014,21:43:47Z,2014,9,1
1188178,Forex Trading for Beginners - Basics,TRUE,50,989,9,11,All Levels,1 hour,2017-04-24T16:42:56Z,Business Finance,49450,24-04-2017,16:42:56Z,2017,4,24
824592,Basic Bookkeeping Hacks,TRUE,20,5841,16,28,All Levels,1.5 hours,2016-06-14T15:43:23Z,Business Finance,116820,14-06-2016,15:43:23Z,2016,6,14
1147458,Complete Trading Plan Course for Stocks & Forex (10 Hours),TRUE,200,1087,14,61,All Levels,9.5 hours,2017-03-23T05:54:27Z,Business Finance,217400,23-03-2017,05:54:27Z,2017,3,23
1243448,"Forex Trading with Fixed 'Risk through Options Trading""",TRUE,200,611,4,26,Beginner Level,1 hour,2017-06-07T17:15:07Z,Business Finance,122200,07-06-2017,17:15:07Z,2017,6,7
730414,"Intro to Investment Banking, M&A, IPO, Modeling + Free Book",TRUE,60,1922,149,15,All Levels,20 hours,2016-01-21T01:25:31Z,Business Finance,115320,21-01-2016,01:25:31Z,2016,1,21
252396,How to Pick The Right Penny Stocks To Invest In 2017,TRUE,150,9015,65,23,All Levels,2.5 hours,2014-07-01T20:04:27Z,Business Finance,1352250,01-07-2014,20:04:27Z,2014,7,1
1198166,Top 10 Trading Ideas in the Equities Market,TRUE,20,661,4,12,All Levels,1 hour,2017-05-02T21:59:07Z,Business Finance,13220,02-05-2017,21:59:07Z,2017,5,2
920604,Intro to Financial Modeling,TRUE,105,1077,110,55,Beginner Level,6 hours,2016-08-19T20:12:24Z,Business Finance,113085,19-08-2016,20:12:24Z,2016,8,19
215728,Shark Accounting - Building a Business by the Numbers!,TRUE,20,6050,140,17,Beginner Level,1.5 hours,2014-05-18T19:08:04Z,Business Finance,121000,18-05-2014,19:08:04Z,2014,5,18
722174,Forex Trading MAKE YOUR FIRST TRADE TODAY!,TRUE,150,3523,46,45,All Levels,4 hours,2016-01-10T21:39:39Z,Business Finance,528450,10-01-2016,21:39:39Z,2016,1,10
48841,Accounting in 60 Minutes - A Brief Introduction,FALSE,0,56659,4397,16,Beginner Level,1.5 hours,2013-04-07T21:39:25Z,Business Finance,0,07-04-2013,21:39:25Z,2013,4,7
907444,SAP FICO For Beginners - A Guide to SAP Financial Accounts,TRUE,100,1444,101,59,Beginner Level,5 hours,2016-07-25T16:08:07Z,Business Finance,144400,25-07-2016,16:08:07Z,2016,7,25
317030,Learn how to double your Forex Trading Account in one trade,TRUE,60,2900,424,36,Intermediate Level,2.5 hours,2014-10-19T22:04:51Z,Business Finance,174000,19-10-2014,22:04:51Z,2014,10,19
891490,"Accounting Superpowers: Learn Accounts, Understand Business!",TRUE,200,1437,96,34,Beginner Level,2.5 hours,2016-08-08T22:23:09Z,Business Finance,287400,08-08-2016,22:23:09Z,2016,8,8
1070886,Python Algo Trading: FX Trading with Oanda,TRUE,200,453,42,33,Intermediate Level,3 hours,2017-03-14T00:39:45Z,Business Finance,90600,14-03-2017,00:39:45Z,2017,3,14
812616,Save on Your Taxes,TRUE,20,2437,12,23,All Levels,1.5 hours,2016-11-16T17:38:38Z,Business Finance,48740,16-11-2016,17:38:38Z,2016,11,16
407984,Financial Model Basics: Build a model from start to finish,TRUE,30,5057,142,13,Beginner Level,1 hour,2015-02-06T07:12:25Z,Business Finance,151710,06-02-2015,07:12:25Z,2015,2,6
214046,Option Trading for Rookies: The Covered Call Option Strategy,TRUE,95,6092,25,29,Beginner Level,1.5 hours,2016-11-03T05:22:20Z,Business Finance,578740,03-11-2016,05:22:20Z,2016,11,3
512400,EFT for Stock Options Trading Success & Making Better Trades,TRUE,95,4530,13,31,All Levels,1.5 hours,2015-08-06T19:08:20Z,Business Finance,430350,06-08-2015,19:08:20Z,2015,8,6
377370,Learn to Trade the Stock Market without Blowing Your Profits,TRUE,60,6967,16,34,All Levels,1 hour,2017-05-02T20:53:24Z,Business Finance,418020,02-05-2017,20:53:24Z,2017,5,2
1175694,Get a Credit Repair Publication On Amazon and Live LIFE..,TRUE,20,727,11,25,Beginner Level,3 hours,2017-04-26T18:17:51Z,Business Finance,14540,26-04-2017,18:17:51Z,2017,4,26
945750,Fundamentals of Accounting,TRUE,20,1560,43,25,All Levels,3 hours,2016-08-31T22:03:44Z,Business Finance,31200,31-08-2016,22:03:44Z,2016,8,31
1085580,"RSI, Options Trading & Technical Analysis (3 Course Bundle)",TRUE,200,1047,9,46,All Levels,3.5 hours,2017-01-26T22:55:27Z,Business Finance,209400,26-01-2017,22:55:27Z,2017,1,26
1188410,Basics of Mutual Funds for CA / CMA / CS / CFA Exams,TRUE,125,1045,2,17,Intermediate Level,1 hour,2017-04-24T21:59:45Z,Business Finance,130625,24-04-2017,21:59:45Z,2017,4,24
402836,Accounting 101: How to read an Accounting Balance Sheet,TRUE,200,3050,86,22,Beginner Level,2 hours,2015-01-27T09:27:49Z,Business Finance,610000,27-01-2015,09:27:49Z,2015,1,27
588764,Stock Options Day Trading Mindset for Success,TRUE,200,2988,21,43,All Levels,4.5 hours,2015-09-29T19:15:24Z,Business Finance,597600,29-09-2015,19:15:24Z,2015,9,29
576946,Introduction to bookkeeping and Accounting,TRUE,35,2623,158,20,Beginner Level,1 hour,2015-08-21T20:33:25Z,Business Finance,91805,21-08-2015,20:33:25Z,2015,8,21
543242,Learn to Trade The News,TRUE,200,1924,351,544,All Levels,46.5 hours,2015-07-16T22:03:29Z,Business Finance,384800,16-07-2015,22:03:29Z,2015,7,16
502240,"Value Investing, Taught by Six Superinvestors",TRUE,200,3804,267,66,All Levels,5 hours,2015-06-19T21:22:17Z,Business Finance,760800,19-06-2015,21:22:17Z,2015,6,19
598266,Trading for everyone - The Independent Investor Course I,TRUE,120,4133,15,36,Beginner Level,4 hours,2015-10-08T20:23:36Z,Business Finance,495960,08-10-2015,20:23:36Z,2015,10,8
814068,Get Acquired: Learn From The Head Of Acquisitions For eBay,TRUE,195,1420,70,29,All Levels,2.5 hours,2016-04-28T18:04:46Z,Business Finance,276900,28-04-2016,18:04:46Z,2016,4,28
1076920,Stock Market investment: Practical Accounting,TRUE,125,1120,6,43,Beginner Level,3 hours,2017-01-23T17:04:49Z,Business Finance,140000,23-01-2017,17:04:49Z,2017,1,23
1103272,"How to remove 'Risk from Penny Stocks - Options Trading""",TRUE,200,668,12,22,All Levels,1 hour,2017-02-07T00:45:51Z,Business Finance,133600,07-02-2017,00:45:51Z,2017,2,7
441112,Accounting Basics in 66 Minutes (absolutely for beginners),TRUE,25,4086,31,14,All Levels,1.5 hours,2015-03-08T21:13:13Z,Business Finance,102150,08-03-2015,21:13:13Z,2015,3,8
1022108,"Tax Accounting: Difficult Topic, Made Easy to Understand",TRUE,200,1033,10,29,All Levels,2 hours,2017-01-11T16:17:20Z,Business Finance,206600,11-01-2017,16:17:20Z,2017,1,11
1028030,Analysis of Company Financial Statements,TRUE,20,832,34,34,All Levels,1.5 hours,2016-12-07T20:19:37Z,Business Finance,16640,07-12-2016,20:19:37Z,2016,12,7
1018380,Forex Trading Like Banks – Step by Step with Live Examples,TRUE,195,677,45,40,All Levels,4.5 hours,2016-12-18T16:13:47Z,Business Finance,132015,18-12-2016,16:13:47Z,2016,12,18
575676,Fundamentals of Investing!,TRUE,20,3125,54,13,Beginner Level,2 hours,2015-08-09T18:34:30Z,Business Finance,62500,09-08-2015,18:34:30Z,2015,8,9
1105216,Bank Financial Management A Comprehensive Study,TRUE,50,1081,6,21,All Levels,1.5 hours,2017-02-10T00:51:57Z,Business Finance,54050,10-02-2017,00:51:57Z,2017,2,10
936328,Learn to Trade Forex and Stocks: From Beginner to Advanced,TRUE,200,1645,25,42,All Levels,2 hours,2016-09-07T20:33:30Z,Business Finance,329000,07-09-2016,20:33:30Z,2016,9,7
43441,"Master 'Technical Analysis and Chart reading skills Bundle""",TRUE,120,3348,352,13,All Levels,3 hours,2013-02-25T21:38:29Z,Business Finance,401760,25-02-2013,21:38:29Z,2013,2,25
1103718,Naked Put Options Trade Covered Call & Poor Man Covered Call,TRUE,200,939,7,19,All Levels,1.5 hours,2017-02-10T22:40:57Z,Business Finance,187800,10-02-2017,22:40:57Z,2017,2,10
584410,The Ultimate Guide to Dividend & Dividend Growth Investing,TRUE,200,2115,59,88,All Levels,5.5 hours,2015-11-13T18:10:25Z,Business Finance,423000,13-11-2015,18:10:25Z,2015,11,13
625568,Charting for Beginners 101: Technical Analysis Demystified,TRUE,45,2230,102,10,All Levels,1.5 hours,2015-10-09T21:27:49Z,Business Finance,100350,09-10-2015,21:27:49Z,2015,10,9
297742,Build a DCF Valuation Model,TRUE,50,2053,234,44,All Levels,5.5 hours,2014-10-01T18:49:29Z,Business Finance,102650,01-10-2014,18:49:29Z,2014,10,1
24877,Introductory Financial Accounting,TRUE,80,1793,265,54,Beginner Level,10 hours,2012-10-03T03:20:10Z,Business Finance,143440,03-10-2012,03:20:10Z,2012,10,3
1188742,Introduction to Cryptocurrencies and Blockchain,FALSE,0,3775,138,11,Beginner Level,2 hours,2017-05-01T21:18:54Z,Business Finance,0,01-05-2017,21:18:54Z,2017,5,1
597716,Trade Pullback Candlestick Strategy - Make Consistent Pips,TRUE,200,521,67,24,All Levels,3 hours,2016-02-24T17:30:41Z,Business Finance,104200,24-02-2016,17:30:41Z,2016,2,24
415802,Accounting Standards Basics (Professional Course Level),TRUE,20,2222,9,12,All Levels,42 mins,2015-02-07T15:06:57Z,Business Finance,44440,07-02-2015,15:06:57Z,2015,2,7
323950,Use the Magic Multiple Moving Average Forex Trading system,TRUE,50,1097,252,10,Intermediate Level,1 hour,2014-11-08T02:21:54Z,Business Finance,54850,08-11-2014,02:21:54Z,2014,11,8
488818,QuickBooks 2015 Training for Newbies,TRUE,200,2506,21,76,Beginner Level,6 hours,2015-05-11T23:16:54Z,Business Finance,501200,11-05-2015,23:16:54Z,2015,5,11
610890,TRADING PSYCHOLOGY: Trading Mindset Mastery,TRUE,120,975,23,23,Intermediate Level,1 hour,2015-09-30T18:57:45Z,Business Finance,117000,30-09-2015,18:57:45Z,2015,9,30
638980,Option Trading: How to Adjust Delta-Neutral Strangles!,TRUE,145,1398,15,26,All Levels,1.5 hours,2015-10-19T23:01:15Z,Business Finance,202710,19-10-2015,23:01:15Z,2015,10,19
599684,Profitable binary option trading strategy,TRUE,195,1096,24,24,All Levels,1.5 hours,2015-10-29T00:34:09Z,Business Finance,213720,29-10-2015,00:34:09Z,2015,10,29
332848,Tax Strategy: Financial Planning for Beginners,TRUE,200,1703,59,25,All Levels,2 hours,2014-11-04T01:37:23Z,Business Finance,340600,04-11-2014,01:37:23Z,2014,11,4
354324,Accounting 2 Simplified for You,TRUE,45,1446,23,27,Beginner Level,5 hours,2014-12-09T08:31:40Z,Business Finance,65070,09-12-2014,08:31:40Z,2014,12,9
379682,Project Funding Modelling (for Professionals),TRUE,20,2736,3,8,All Levels,1.5 hours,2014-12-29T09:00:17Z,Business Finance,54720,29-12-2014,09:00:17Z,2014,12,29
319020,Investing: How I Consistently Beat The Stock Market,TRUE,200,2000,31,34,All Levels,4.5 hours,2014-12-11T20:35:05Z,Business Finance,400000,11-12-2014,20:35:05Z,2014,12,11
713258,Bookkeeping Basics:  Understand the Fundamentals,TRUE,75,853,45,48,Beginner Level,4.5 hours,2016-11-06T22:33:44Z,Business Finance,63975,06-11-2016,22:33:44Z,2016,11,6
537884,Leasing - A Comprehensive Study (Professional Course Level),TRUE,20,3094,2,22,All Levels,3.5 hours,2015-07-17T22:10:39Z,Business Finance,61880,17-07-2015,22:10:39Z,2015,7,17
919906,Trading Options For Consistent Returns: Options Basics,FALSE,0,4077,281,20,Beginner Level,1.5 hours,2016-08-18T21:57:04Z,Business Finance,0,18-08-2016,21:57:04Z,2016,8,18
46010,TechniTrader Leading Hybrid Indicator Trading,TRUE,20,4117,54,5,Intermediate Level,1 hour,2013-04-04T21:36:10Z,Business Finance,82340,04-04-2013,21:36:10Z,2013,4,4
777932,Financial modeling: Build a DCF equity valuation model,TRUE,20,1369,17,31,All Levels,1.5 hours,2016-03-06T21:33:58Z,Business Finance,27380,06-03-2016,21:33:58Z,2016,3,6
773934,CryptoArbitrager: Bitcoin Trading Robot (no mining),TRUE,150,1224,42,14,All Levels,33 mins,2016-03-23T21:13:52Z,Business Finance,183600,23-03-2016,21:13:52Z,2016,3,23
221306,Accounting Is Easy (for Beginners),TRUE,20,3870,12,90,All Levels,9 hours,2014-05-20T18:13:38Z,Business Finance,77400,20-05-2014,18:13:38Z,2014,5,20
830994,Non Directional Weekly Options Trading System - ETF & Emini,TRUE,200,897,22,21,All Levels,2 hours,2016-05-24T15:43:06Z,Business Finance,179400,24-05-2016,15:43:06Z,2016,5,24
723510,The Complete Position Trading Course: Position Trading Stock,TRUE,45,1311,36,5,All Levels,1 hour,2016-01-15T18:10:47Z,Business Finance,58995,15-01-2016,18:10:47Z,2016,1,15
42643,Master Iron Condors - Double the credit for half the risk,TRUE,60,1338,139,7,Expert Level,1 hour,2013-03-02T13:27:41Z,Business Finance,80280,02-03-2013,13:27:41Z,2013,3,2
411778,Basics of investing in Mutual Funds,TRUE,20,1589,26,42,Intermediate Level,1.5 hours,2015-03-03T01:22:39Z,Business Finance,31780,03-03-2015,01:22:39Z,2015,3,3
366514,A Value Investing Approach to the Stock Market,TRUE,20,1189,12,15,All Levels,1.5 hours,2015-02-19T20:40:23Z,Business Finance,23780,19-02-2015,20:40:23Z,2015,2,19
471588,Learn how to INVEST for huge profits or make it big trading!,TRUE,50,701,12,37,All Levels,5.5 hours,2015-06-19T22:49:13Z,Business Finance,35050,19-06-2015,22:49:13Z,2015,6,19
390096,"How to Fund your Million Dollar Idea: Equity, Debt, Unfund",TRUE,50,1105,3,54,Intermediate Level,6 hours,2015-02-11T06:52:30Z,Business Finance,55250,11-02-2015,06:52:30Z,2015,2,11
607876,Mastering Candlestick Charting : High Probability Trading,TRUE,50,123,16,35,All Levels,2 hours,2015-09-22T00:05:53Z,Business Finance,6150,22-09-2015,00:05:53Z,2015,9,22
249950,Binary Options Course - Level 2,FALSE,0,5874,207,9,Intermediate Level,2 hours,2014-06-26T02:00:55Z,Business Finance,0,26-06-2014,02:00:55Z,2014,6,26
792216,Stock Technical Analysis with R,TRUE,50,354,32,49,All Levels,7 hours,2016-03-18T20:46:05Z,Business Finance,17700,18-03-2016,20:46:05Z,2016,3,18
45139,"Get to know the VIX Index (aka 'The Fear Index)""",TRUE,60,727,64,9,All Levels,1 hour,2013-03-08T11:42:48Z,Business Finance,43620,08-03-2013,11:42:48Z,2013,3,8
692176,Apply finance concepts for smart project management,FALSE,0,3465,161,24,Beginner Level,2 hours,2016-02-23T21:05:46Z,Business Finance,0,23-02-2016,21:05:46Z,2016,2,23
1224262,Introduction to Futures Trading and Live Trade Demonstration,TRUE,60,54,4,6,Expert Level,43 mins,2017-05-24T14:16:09Z,Business Finance,3240,24-05-2017,14:16:09Z,2017,5,24
598094,Crowdfunding to Win,TRUE,40,627,15,15,All Levels,1.5 hours,2015-09-23T22:16:35Z,Business Finance,25080,23-09-2015,22:16:35Z,2015,9,23
40039,Comprehensive Forex Mastery Program,TRUE,45,650,107,97,All Levels,10 hours,2013-02-07T19:50:45Z,Business Finance,29250,07-02-2013,19:50:45Z,2013,2,7
1266148,Preparation of Consolidated Financial Statements (Basic),FALSE,0,965,0,18,Intermediate Level,1.5 hours,2017-06-28T20:37:13Z,Business Finance,0,28-06-2017,20:37:13Z,2017,6,28
791422,Succeed in Bonds Even if You Don't Know Where to Start,TRUE,200,1113,6,8,All Levels,1 hour,2017-02-03T04:34:07Z,Business Finance,222600,03-02-2017,04:34:07Z,2017,2,3
352150,Learn to Trade for Profit: Ten Most Profitable Trading Rules,TRUE,95,739,28,45,All Levels,2 hours,2014-12-23T15:28:09Z,Business Finance,70205,23-12-2014,15:28:09Z,2014,12,23
791436,Succeed in Lotto Even if You Don't Know Where to Start!,TRUE,20,1201,12,18,All Levels,1.5 hours,2017-05-11T22:19:28Z,Business Finance,24020,11-05-2017,22:19:28Z,2017,5,11
537878,CFA Corporate Finance Level 2,TRUE,50,2474,6,128,All Levels,17.5 hours,2015-07-07T20:35:21Z,Business Finance,123700,07-07-2015,20:35:21Z,2015,7,7
923184,Pin Bars: The Most Powerful Forex Trading Signal,TRUE,200,494,16,19,All Levels,1 hour,2016-08-10T13:10:13Z,Business Finance,98800,10-08-2016,13:10:13Z,2016,8,10
476256,Stock Options Trades Using Interactive Brokers,TRUE,95,1580,26,14,Intermediate Level,1 hour,2015-09-07T20:21:39Z,Business Finance,150100,07-09-2015,20:21:39Z,2015,9,7
552504,Introduction to Options - Strategies For Consistent Profits,TRUE,40,617,44,55,All Levels,4.5 hours,2015-08-16T22:14:02Z,Business Finance,24680,16-08-2015,22:14:02Z,2015,8,16
537888,Risk in Forex Transactions - for CA / CS / CFA exams,TRUE,20,2235,3,9,All Levels,1 hour,2015-09-29T17:27:02Z,Business Finance,44700,29-09-2015,17:27:02Z,2015,9,29
385686,Basics of Business Statistics (College Level),TRUE,20,2293,9,28,All Levels,2 hours,2015-01-06T13:05:53Z,Business Finance,45860,06-01-2015,13:05:53Z,2015,1,6
738900,"Trading Seasonal Price Patterns in Stocks, Futures, & Forex!",TRUE,200,1094,8,13,Beginner Level,2 hours,2016-03-30T04:56:57Z,Business Finance,218800,30-03-2016,04:56:57Z,2016,3,30
57415,Interpreting Financial Statements,TRUE,20,1449,29,23,Beginner Level,1.5 hours,2013-06-06T21:50:57Z,Business Finance,28980,06-06-2013,21:50:57Z,2013,6,6
155344,Introduction to Bookkeeping (Accounting),TRUE,20,3251,10,59,Beginner Level,12 hours,2014-01-31T20:40:36Z,Business Finance,65020,31-01-2014,20:40:36Z,2014,1,31
42491,CREDIT SPREAD SURGERY - Bear Call and Bull Put Mastery ,TRUE,60,607,55,16,Intermediate Level,2 hours,2013-03-05T11:31:37Z,Business Finance,36420,05-03-2013,11:31:37Z,2013,3,5
511952,Investment Banking: How to Land a Job on Wall Street,TRUE,75,1218,30,63,All Levels,3.5 hours,2015-06-11T19:09:17Z,Business Finance,91350,11-06-2015,19:09:17Z,2015,6,11
530246,Learn To Invest In Index Funds and ETFs In 7 Easy Steps,TRUE,20,1132,33,18,All Levels,1 hour,2015-07-20T23:48:08Z,Business Finance,22640,20-07-2015,23:48:08Z,2015,7,20
862786,Financial modeling: Build a multiples valuation model,TRUE,20,656,17,20,All Levels,1.5 hours,2016-05-30T18:00:22Z,Business Finance,13120,30-05-2016,18:00:22Z,2016,5,30
165122,Trade Recap I - A Real Look at Futures Options Markets,TRUE,20,3339,4,11,Beginner Level,1.5 hours,2014-02-17T09:22:13Z,Business Finance,66780,17-02-2014,09:22:13Z,2014,2,17
530768,Advanced Stock Options for Serious Equity Investors!,TRUE,200,1271,23,7,Expert Level,1.5 hours,2015-09-22T19:48:31Z,Business Finance,254200,22-09-2015,19:48:31Z,2015,9,22
218416,Trading Binary Options for Fun and Profit,TRUE,20,1574,24,46,All Levels,2 hours,2015-02-21T00:36:13Z,Business Finance,31480,21-02-2015,00:36:13Z,2015,2,21
619296,CFA: Fast Track your career in Finance,TRUE,20,1393,27,21,Beginner Level,2 hours,2015-09-29T20:12:53Z,Business Finance,27860,29-09-2015,20:12:53Z,2015,9,29
717278,How to be a Profitable Forex Trader,TRUE,20,1029,13,7,All Levels,41 mins,2016-05-04T00:01:47Z,Business Finance,20580,04-05-2016,00:01:47Z,2016,5,4
445916,Excel Dashboard - Interactive Excel Dashboard and Charts,TRUE,30,843,54,34,All Levels,3 hours,2015-03-19T16:57:50Z,Business Finance,25290,19-03-2015,16:57:50Z,2015,3,19
267984,Accounting 101: Learn Business Finance Forecasting in 60mins,TRUE,95,1730,12,12,All Levels,1.5 hours,2014-07-24T15:20:39Z,Business Finance,164350,24-07-2014,15:20:39Z,2014,7,24
180362,The Securities Trade Lifecycle,TRUE,50,1182,110,22,All Levels,4 hours,2014-03-12T13:40:53Z,Business Finance,59100,12-03-2014,13:40:53Z,2014,3,12
364810,Double your Forex Account using the MAGIC MA trading robot,TRUE,65,1160,117,24,Intermediate Level,2.5 hours,2014-12-10T21:45:30Z,Business Finance,75400,10-12-2014,21:45:30Z,2014,12,10
692722,Technical Analysis 101: How to Profit During Market Crashes,TRUE,95,1730,18,53,All Levels,2 hours,2016-01-27T17:38:23Z,Business Finance,164350,27-01-2016,17:38:23Z,2016,1,27
298558,Advanced Accounting for Investment Banking,TRUE,50,1260,80,38,Intermediate Level,4 hours,2014-10-01T18:51:06Z,Business Finance,63000,01-10-2014,18:51:06Z,2014,10,1
480752,Investing In Stocks With 10 Simple Rules,TRUE,95,871,79,59,All Levels,2 hours,2015-06-16T21:35:07Z,Business Finance,82745,16-06-2015,21:35:07Z,2015,6,16
637922,Venture Capital. What is it and Why it Matters to You!,TRUE,50,1566,48,25,All Levels,2.5 hours,2015-10-14T17:50:29Z,Business Finance,78300,14-10-2015,17:50:29Z,2015,10,14
337320,Cash Flow Valuation: Develop Your Financial Literacy,TRUE,105,2987,23,19,All Levels,2 hours,2014-12-22T13:39:16Z,Business Finance,313635,22-12-2014,13:39:16Z,2014,12,22
876646,Direction-Independ Trading - Elite Forex Traders  Strategy,TRUE,120,973,15,28,All Levels,2.5 hours,2016-06-21T22:46:41Z,Business Finance,116760,21-06-2016,22:46:41Z,2016,6,21
529424,How to Become a Financial Analyst from Scratch!,TRUE,40,2177,31,38,Beginner Level,5 hours,2015-07-07T18:59:39Z,Business Finance,87080,07-07-2015,18:59:39Z,2015,7,7
720814,First Steps to Trading the Forexmarkets : Technical Analysis,TRUE,35,1772,19,15,Beginner Level,3.5 hours,2016-01-08T21:40:03Z,Business Finance,62020,08-01-2016,21:40:03Z,2016,1,8
515326,Financial analysis: Compare performance of companies,TRUE,20,1850,40,20,All Levels,1 hour,2015-06-01T20:09:03Z,Business Finance,37000,01-06-2015,20:09:03Z,2015,6,1
1218552,Forex for Beginners: Easy Forex Trading for Beginners,FALSE,0,1780,32,9,Beginner Level,1 hour,2017-05-18T16:48:46Z,Business Finance,0,18-05-2017,16:48:46Z,2017,5,18
851106,Investment Crowdfunding 101 (a.k.a Equity Crowdfunding),FALSE,0,4607,181,11,Beginner Level,32 mins,2016-05-17T00:43:59Z,Business Finance,0,17-05-2016,00:43:59Z,2016,5,17
429308,Read financial statements like a pro,TRUE,50,12,1,38,Intermediate Level,4 hours,2015-03-02T23:49:35Z,Business Finance,600,02-03-2015,23:49:35Z,2015,3,2
302450,10 Numbers Every Business Owner Should Know,TRUE,20,13,1,9,All Levels,1 hour,2015-03-08T19:11:24Z,Business Finance,260,08-03-2015,19:11:24Z,2015,3,8
1117834,Learn How To Trade Gold In 2017,TRUE,200,2,1,16,All Levels,1 hour,2017-04-06T04:59:32Z,Business Finance,400,06-04-2017,04:59:32Z,2017,4,6
190816,IAS 18 - Revenue,FALSE,0,2571,32,23,All Levels,4.5 hours,2014-03-29T14:10:31Z,Business Finance,0,29-03-2014,14:10:31Z,2014,3,29
244000,Forex Trading: The High ROI Forex Trading End of Day Course,TRUE,125,8,1,19,Intermediate Level,2.5 hours,2014-06-16T11:02:39Z,Business Finance,1000,16-06-2014,11:02:39Z,2014,6,16
429482,Fundraise the Simplified Way: A Crowdfunding Blueprint,TRUE,35,7,1,19,All Levels,1 hour,2015-02-23T04:37:14Z,Business Finance,245,23-02-2015,04:37:14Z,2015,2,23
831940,Fundamentals of Accounting for Business Owners,TRUE,20,217,0,47,Beginner Level,2.5 hours,2017-02-06T16:35:44Z,Business Finance,4340,06-02-2017,16:35:44Z,2017,2,6
833770,Practical Financial Statement Analysis,TRUE,75,22,5,45,All Levels,4.5 hours,2017-05-01T23:22:07Z,Business Finance,1650,01-05-2017,23:22:07Z,2017,5,1
658764,Forex Management - Detailed Study for CA / CS / CFA Exams,TRUE,50,131,2,38,All Levels,3 hours,2015-11-03T18:54:45Z,Business Finance,6550,03-11-2015,18:54:45Z,2015,11,3
707224,Financial Statement Review 101:  How to Find Errors,TRUE,30,5,2,15,Beginner Level,2 hours,2017-02-03T16:23:16Z,Business Finance,150,03-02-2017,16:23:16Z,2017,2,3
64739,Professional Risk Manager (PRM) Certification: Level 1,TRUE,50,116,10,51,All Levels,24 hours,2013-07-23T20:18:35Z,Business Finance,5800,23-07-2013,20:18:35Z,2013,7,23
907716,International Tax  - Tax Beyond boundaries,TRUE,100,27,6,235,All Levels,19.5 hours,2016-09-06T15:03:27Z,Business Finance,2700,06-09-2016,15:03:27Z,2016,9,6
1030976,The Complete Financial Statement Analysis Course,TRUE,150,912,12,37,Beginner Level,3 hours,2017-01-11T02:52:19Z,Business Finance,136800,11-01-2017,02:52:19Z,2017,1,11
722682,Advanced Excel functions,TRUE,20,1964,47,15,All Levels,1.5 hours,2016-01-12T20:03:45Z,Business Finance,39280,12-01-2016,20:03:45Z,2016,1,12
1122146,Penny Stocks Value & Chart Pattern Trading (2 Course Bundle),TRUE,200,1033,2,31,Beginner Level,1.5 hours,2017-02-22T21:36:08Z,Business Finance,206600,22-02-2017,21:36:08Z,2017,2,22
808506,Candlestick Analysis For Professional Traders,TRUE,95,913,117,48,Expert Level,2 hours,2016-05-18T16:04:14Z,Business Finance,86735,18-05-2016,16:04:14Z,2016,5,18
673016,Build A Career In Forex Trading- Learn Fundamental Analysis,TRUE,200,2092,77,52,All Levels,3.5 hours,2015-11-23T20:42:22Z,Business Finance,418400,23-11-2015,20:42:22Z,2015,11,23
358062,Financial Modeling: Build a Complete DCF Valuation Model,TRUE,95,2240,185,44,All Levels,2.5 hours,2014-12-03T21:41:25Z,Business Finance,212800,03-12-2014,21:41:25Z,2014,12,3
372234,Hands-on Financial Modeling (With 6 Excel Templates),TRUE,30,4601,38,14,Intermediate Level,4 hours,2015-04-02T17:51:17Z,Business Finance,138030,02-04-2015,17:51:17Z,2015,4,2
822514,CAIIB Advanced Bank Management (Part I),TRUE,25,2953,20,211,All Levels,20.5 hours,2016-04-15T18:43:40Z,Business Finance,73825,15-04-2016,18:43:40Z,2016,4,15
1045726,Stock Market investment:Non financial fundamental analysis,TRUE,125,1091,4,29,Beginner Level,3 hours,2016-12-20T14:36:59Z,Business Finance,136375,20-12-2016,14:36:59Z,2016,12,20
943426,Learn How to Play CashFlow Game,TRUE,35,1459,11,26,Beginner Level,1 hour,2016-10-17T21:16:49Z,Business Finance,51065,17-10-2016,21:16:49Z,2016,10,17
46927,Basics of Business Finance,TRUE,30,4855,64,24,Beginner Level,4 hours,2013-03-22T17:42:18Z,Business Finance,145650,22-03-2013,17:42:18Z,2013,3,22
567070,Accounting Made Easy 2,TRUE,50,4034,8,40,Intermediate Level,3 hours,2015-09-16T18:57:23Z,Business Finance,201700,16-09-2015,18:57:23Z,2015,9,16
867440,"Bitcoin: el futuro del dinero, hoy",TRUE,200,57,22,19,Intermediate Level,3 hours,2016-06-06T00:06:37Z,Business Finance,11400,06-06-2016,00:06:37Z,2016,6,6
501996,Aprende a invertir practicando,TRUE,35,26,9,42,All Levels,2 hours,2015-05-28T18:12:44Z,Business Finance,910,28-05-2015,18:12:44Z,2015,5,28
1103590,Trading con retrocesos de Fibonacci,TRUE,25,14,4,15,All Levels,2.5 hours,2017-02-07T15:34:03Z,Business Finance,350,07-02-2017,15:34:03Z,2017,2,7
1172370,Mit Finanzwissen zu besserem Unternehmertum,TRUE,50,49,3,23,Beginner Level,3 hours,2017-05-10T15:10:34Z,Business Finance,2450,10-05-2017,15:10:34Z,2017,5,10
673702,Como hacer empresa en 10 sesiones prácticas,TRUE,20,11,2,10,Intermediate Level,30 mins,2015-11-19T18:20:45Z,Business Finance,220,19-11-2015,18:20:45Z,2015,11,19
821108,المحاسبة للإداريين و غير المحاسبين,TRUE,20,9,3,17,Beginner Level,43 mins,2016-04-23T22:57:42Z,Business Finance,180,23-04-2016,22:57:42Z,2016,4,23
863998,株式投資で本当のファンダメンタル分析ができるようになる,TRUE,20,91,7,30,All Levels,2 hours,2016-06-21T17:59:58Z,Business Finance,1820,21-06-2016,17:59:58Z,2016,6,21
822926,Curso de Trading práctico basado en casos reales,TRUE,20,44,6,55,All Levels,10 hours,2016-08-29T16:36:38Z,Business Finance,880,29-08-2016,16:36:38Z,2016,8,29
666254,Curso Avanzado de Trading,TRUE,125,106,11,100,All Levels,20.5 hours,2015-11-28T06:25:44Z,Business Finance,13250,28-11-2015,06:25:44Z,2015,11,28
421546,สอนเทรดไบนารี่ อ๊อฟชั่นอย่างง่าย,FALSE,0,2079,258,25,All Levels,2 hours,2015-02-15T12:17:56Z,Business Finance,0,15-02-2015,12:17:56Z,2015,2,15
518886,MQL4 Tutorial Golden Goose,TRUE,20,135,5,12,Beginner Level,1.5 hours,2015-06-07T19:32:46Z,Business Finance,2700,07-06-2015,19:32:46Z,2015,6,7
868128,Análise de Concessão de Crédito,TRUE,20,31,11,20,All Levels,10.5 hours,2016-06-29T20:21:24Z,Business Finance,620,29-06-2016,20:21:24Z,2016,6,29
986034,Technical Analysis Using Elliott Wave Theory,TRUE,60,217,7,16,All Levels,1 hour,2016-11-01T19:30:11Z,Business Finance,13020,01-11-2016,19:30:11Z,2016,11,1
42642,The Basics Of Volume Analysis,TRUE,60,611,57,13,All Levels,1.5 hours,2013-02-24T13:23:14Z,Business Finance,36660,24-02-2013,13:23:14Z,2013,2,24
471428,Crash Course on Cost of Capital and Capital Structuring,FALSE,0,5007,41,19,All Levels,3 hours,2015-04-13T17:52:57Z,Business Finance,0,13-04-2015,17:52:57Z,2015,4,13
600206,Business Accounting Made Easy,TRUE,50,1168,5,26,Beginner Level,5.5 hours,2015-09-05T05:15:07Z,Business Finance,58400,05-09-2015,05:15:07Z,2015,9,5
283780,Build a DCF Model from Scratch,FALSE,0,4653,395,5,All Levels,31 mins,2014-09-14T21:13:26Z,Business Finance,0,14-09-2014,21:13:26Z,2014,9,14
52118,"Multiply your returns using 'Value Investing"",https://www.udemy.com/multiply-your-returns-using-value-investing/,true,20,1942,19,63,All Levels,4.5 hours,2015-07-23T00:08:33Z
874284,Weekly Forex Analysis by Baraq FX""",FALSE,0,3035,12,14,All Levels,1.5 hours,2016-06-20T21:02:36Z,Business Finance,0,20-06-2016,21:02:36Z,2016,6,20
42640,Technical Analysis - A practical approach for trade entry,TRUE,60,454,52,15,Expert Level,2 hours,2013-02-24T04:47:36Z,Business Finance,27240,24-02-2013,04:47:36Z,2013,2,24
767256,Mastering Technical Analysis : Maximizing Trading Profits,TRUE,60,325,14,62,All Levels,5 hours,2016-03-04T15:33:46Z,Business Finance,19500,04-03-2016,15:33:46Z,2016,3,4
843854,The Complete Guide to Professional Trading with Elliott Wave,TRUE,115,228,49,43,All Levels,4.5 hours,2016-05-11T16:40:05Z,Business Finance,26220,11-05-2016,16:40:05Z,2016,5,11
247558,A Complete Guide to Becoming a Trader on the Forex Market,TRUE,25,562,11,15,All Levels,1 hour,2014-06-28T05:52:41Z,Business Finance,14050,28-06-2014,05:52:41Z,2014,6,28
696616,Stock Market for Beginners - Complete Starter Toolkit,TRUE,120,577,45,82,Intermediate Level,6.5 hours,2016-03-31T18:22:30Z,Business Finance,69240,31-03-2016,18:22:30Z,2016,3,31
205810,Beginners Binary Options Course,FALSE,0,10540,799,14,Beginner Level,1.5 hours,2014-04-27T06:58:27Z,Business Finance,0,27-04-2014,06:58:27Z,2014,4,27
507486,Technical Analysis 101: Secrets of Trading Revealed,TRUE,150,912,27,81,All Levels,2.5 hours,2015-07-16T22:29:32Z,Business Finance,136800,16-07-2015,22:29:32Z,2015,7,16
965306,Forex: What's a Trend and When it is Strong and Reliable,FALSE,0,2955,43,30,Intermediate Level,2 hours,2016-10-05T15:39:55Z,Business Finance,0,05-10-2016,15:39:55Z,2016,10,5
1128662,Volatility Trading Analysis with R,TRUE,50,190,13,45,Expert Level,6 hours,2017-03-06T21:26:55Z,Business Finance,9500,06-03-2017,21:26:55Z,2017,3,6
1068986,How To Profit From Stock Market Volatility,FALSE,0,1736,36,11,All Levels,36 mins,2017-01-23T18:23:58Z,Business Finance,0,23-01-2017,18:23:58Z,2017,1,23
627706,Awaken the Accountant in You | Master the Accounting Basics,TRUE,35,1135,10,16,Beginner Level,1.5 hours,2015-11-24T23:55:22Z,Business Finance,39725,24-11-2015,23:55:22Z,2015,11,24
255280,WE WILL PAY YOU TO TRADE WITH US,TRUE,20,2101,51,11,All Levels,2 hours,2014-08-18T21:09:54Z,Business Finance,42020,18-08-2014,21:09:54Z,2014,8,18
628944,Situational Trading: Proven Option Strategy for any Scenario,TRUE,200,1048,11,16,All Levels,1.5 hours,2015-11-06T19:01:58Z,Business Finance,209600,06-11-2015,19:01:58Z,2015,11,6
537886,Portfolio Management for CA / CS / CFA exams,TRUE,20,1740,5,8,All Levels,1 hour,2015-07-21T19:24:17Z,Business Finance,34800,21-07-2015,19:24:17Z,2015,7,21
517938,Algorithmic Trading in MATLAB: WFAToolbox App GUI (Finance),TRUE,20,1749,41,21,All Levels,1 hour,2015-06-23T22:37:31Z,Business Finance,34980,23-06-2015,22:37:31Z,2015,6,23
779678,Finding an Unlimited Amount of Investors,TRUE,80,1187,6,6,All Levels,42 mins,2016-03-03T22:25:41Z,Business Finance,94960,03-03-2016,22:25:41Z,2016,3,3
494330,Bookkeeping Made Easy,TRUE,70,1263,21,18,Beginner Level,1.5 hours,2015-07-14T00:00:48Z,Business Finance,88410,14-07-2015,00:00:48Z,2015,7,14
153926,BITCOIN VISUALLY. Part I.,TRUE,50,115,6,31,Beginner Level,4 hours,2014-03-16T14:36:01Z,Business Finance,5750,16-03-2014,14:36:01Z,2014,3,16
806122,Learn and Master the Basics of Finance,TRUE,20,43,17,39,Beginner Level,3 hours,2016-09-25T20:37:51Z,Business Finance,860,25-09-2016,20:37:51Z,2016,9,25
725658,FOREX : LearnTo Trade the Improved ( Advanced ) Patterns,TRUE,75,55,2,27,All Levels,5.5 hours,2016-01-13T03:15:11Z,Business Finance,4125,13-01-2016,03:15:11Z,2016,1,13
1032234,Mastering the Market : (Technical Analysis + Candlestick),TRUE,90,18,7,97,All Levels,7 hours,2016-12-16T15:01:34Z,Business Finance,1620,16-12-2016,15:01:34Z,2016,12,16
996542,Mastering Countertrend Trading : High Profit Trading Pattern,TRUE,40,14,5,11,All Levels,1 hour,2016-10-29T19:15:04Z,Business Finance,560,29-10-2016,19:15:04Z,2016,10,29
756520,Exam 1 Review - Managerial Accounting (U of H),TRUE,30,47,9,22,Beginner Level,2 hours,2016-02-11T16:23:46Z,Business Finance,1410,11-02-2016,16:23:46Z,2016,2,11
768028,* An Integrated Approach to the Fundamentals of Accounting,TRUE,200,134,14,123,All Levels,5.5 hours,2016-03-15T17:23:07Z,Business Finance,26800,15-03-2016,17:23:07Z,2016,3,15
73030,Get to grips with the CFA calculator,TRUE,20,153,8,14,All Levels,1.5 hours,2013-08-05T16:02:15Z,Business Finance,3060,05-08-2013,16:02:15Z,2013,8,5
476880,Financial Model Fundamentals-Learn the Essential Skills,TRUE,75,47,5,27,All Levels,2.5 hours,2015-06-01T20:58:11Z,Business Finance,3525,01-06-2015,20:58:11Z,2015,6,1
773060,Forex: Economic News Trading,TRUE,25,42,14,11,All Levels,41 mins,2016-02-29T18:44:03Z,Business Finance,1050,29-02-2016,18:44:03Z,2016,2,29
552058,Analyze Real Estate Investments | Financial Modeling,TRUE,20,120,18,21,All Levels,2 hours,2015-07-21T21:45:17Z,Business Finance,2400,21-07-2015,21:45:17Z,2015,7,21
509512,Forex For Beginners - A Guide To Currency Trading,TRUE,20,68,10,23,Beginner Level,30 mins,2015-05-25T18:19:21Z,Business Finance,1360,25-05-2015,18:19:21Z,2015,5,25
497236,Raise Your Credit Score to 800 Or More....,TRUE,50,844,33,40,All Levels,2 hours,2015-07-12T19:05:43Z,Business Finance,42200,12-07-2015,19:05:43Z,2015,7,12
471556,Financial Management Budgeting Techniques,TRUE,20,2045,3,10,All Levels,2 hours,2015-04-12T16:28:31Z,Business Finance,40900,12-04-2015,16:28:31Z,2015,4,12
403602,Forex Killing Divergence - How to trade with precision,TRUE,20,1168,38,11,All Levels,41 mins,2015-01-25T18:41:28Z,Business Finance,23360,25-01-2015,18:41:28Z,2015,1,25
326948,Working Capital Management for CA / CFA / CPA Exams,TRUE,25,2342,9,33,Intermediate Level,3.5 hours,2014-10-25T13:00:19Z,Business Finance,58550,25-10-2014,13:00:19Z,2014,10,25
537896,Risk Analysis - Capital Budgeting for CA / CS / CFA exams,TRUE,20,2268,4,47,All Levels,5.5 hours,2015-07-07T20:21:29Z,Business Finance,45360,07-07-2015,20:21:29Z,2015,7,7
797762,Corporate Finance 101: Financial Statement Analysis & Ratios,TRUE,50,967,16,43,All Levels,8 hours,2016-03-20T21:39:38Z,Business Finance,48350,20-03-2016,21:39:38Z,2016,3,20
674350,Mastering Futures Options for Beginners - Your Top 5 Plays!,TRUE,200,1185,10,33,Beginner Level,2.5 hours,2016-02-02T20:35:37Z,Business Finance,237000,02-02-2016,20:35:37Z,2016,2,2
439362,"Professional Options Trading, Simplified",TRUE,200,631,49,21,All Levels,2 hours,2015-04-17T21:59:15Z,Business Finance,126200,17-04-2015,21:59:15Z,2015,4,17
42634,"Advanced Options Concepts - Probability, Greeks, Simulation",TRUE,60,968,81,10,Intermediate Level,2 hours,2013-02-27T13:05:27Z,Business Finance,58080,27-02-2013,13:05:27Z,2013,2,27
494800,Accounting Basics - A Complete Study,TRUE,180,1132,70,332,All Levels,29 hours,2015-05-06T23:27:45Z,Business Finance,203760,06-05-2015,23:27:45Z,2015,5,6
1222836,Case Studies in Macro Economics,TRUE,50,114,1,22,Beginner Level,4 hours,2017-05-25T17:00:12Z,Business Finance,5700,25-05-2017,17:00:12Z,2017,5,25
990440,My Forex Strategy that win consistently over and over,TRUE,200,204,23,9,Intermediate Level,1.5 hours,2016-10-29T14:51:53Z,Business Finance,40800,29-10-2016,14:51:53Z,2016,10,29
109988,Understand Banks & Financial Markets ,TRUE,30,1548,24,34,All Levels,3 hours,2013-12-19T21:19:37Z,Business Finance,46440,19-12-2013,21:19:37Z,2013,12,19
815482,Stock Technical Analysis with Python,TRUE,50,409,35,46,All Levels,8 hours,2016-04-12T00:40:03Z,Business Finance,20450,12-04-2016,00:40:03Z,2016,4,12
569436,How to Become an Accountant from scratch!,TRUE,40,1169,7,15,Beginner Level,3 hours,2015-08-20T20:24:00Z,Business Finance,46760,20-08-2015,20:24:00Z,2015,8,20
803664,How to invest in Gold,TRUE,50,249,14,39,Beginner Level,2.5 hours,2016-06-14T17:10:19Z,Business Finance,12450,14-06-2016,17:10:19Z,2016,6,14
213154,Automate Your Finances,TRUE,20,690,17,21,Beginner Level,1 hour,2014-05-08T23:09:32Z,Business Finance,13800,08-05-2014,23:09:32Z,2014,5,8
484132,MBA Accounting and Finance for Managers(Paper MS04 of IGNOU),TRUE,150,1340,4,272,All Levels,26 hours,2015-07-19T19:43:52Z,Business Finance,201000,19-07-2015,19:43:52Z,2015,7,19
640062,Accounting Made Easy: A Quick Guide to Financial Accounting,TRUE,95,274,41,18,All Levels,1.5 hours,2015-10-26T23:22:09Z,Business Finance,26030,26-10-2015,23:22:09Z,2015,10,26
363404,Futures/Commodity Training (Basics),FALSE,0,4863,202,6,Beginner Level,1.5 hours,2015-02-07T07:04:07Z,Business Finance,0,07-02-2015,07:04:07Z,2015,2,7
454724,Cost Accounting Marginal Costing Theory and Practice,TRUE,20,1923,4,31,All Levels,2.5 hours,2015-03-24T19:07:08Z,Business Finance,38460,24-03-2015,19:07:08Z,2015,3,24
702278,The Big Volatility Short: The Best Trade On Wall Street!,TRUE,200,224,35,16,All Levels,1.5 hours,2016-04-25T16:25:53Z,Business Finance,44800,25-04-2016,16:25:53Z,2016,4,25
323196,Master Finance in Three Hours,TRUE,20,721,12,29,Beginner Level,3 hours,2014-10-28T20:48:49Z,Business Finance,14420,28-10-2014,20:48:49Z,2014,10,28
1225686,Learn Options on Futures for Hedging Options and Stocks,TRUE,60,51,2,6,Expert Level,42 mins,2017-05-23T22:23:38Z,Business Finance,3060,23-05-2017,22:23:38Z,2017,5,23
443584,Option selling trading as income source. Beginners friendly,TRUE,195,1276,46,61,All Levels,6 hours,2015-04-06T17:34:49Z,Business Finance,248820,06-04-2015,17:34:49Z,2015,4,6
1034074,Introduction to Value Growth Investing,FALSE,0,2768,83,10,All Levels,1 hour,2016-12-20T16:08:26Z,Business Finance,0,20-12-2016,16:08:26Z,2016,12,20
1209694,Become A Forex Trader - Forex trading like a professional,FALSE,0,1735,31,19,All Levels,2.5 hours,2017-05-28T14:35:47Z,Business Finance,0,28-05-2017,14:35:47Z,2017,5,28
418732,Hedge Fund Trading System,FALSE,0,8985,584,12,All Levels,1 hour,2015-03-06T01:11:18Z,Business Finance,0,06-03-2015,01:11:18Z,2015,3,6
757450,Bulletproof Personal Finance: Expert Asset Allocation,TRUE,45,1119,22,18,All Levels,1 hour,2016-02-10T04:57:32Z,Business Finance,50355,10-02-2016,04:57:32Z,2016,2,10
403468,Financial Accounting: The Complete Introductory Crash Course,TRUE,100,2591,44,69,All Levels,10 hours,2015-01-26T20:09:29Z,Business Finance,259100,26-01-2015,20:09:29Z,2015,1,26
761808,Learn About Trading Options from a real wallstreet trader,TRUE,20,1046,17,12,All Levels,1 hour,2016-02-21T22:40:55Z,Business Finance,20920,21-02-2016,22:40:55Z,2016,2,21
614510,Forex Rate -Why it fluctuates -for CA / CMA / CS / CFA Exams,TRUE,20,2239,4,7,All Levels,1 hour,2015-09-20T20:25:11Z,Business Finance,44780,20-09-2015,20:25:11Z,2015,9,20
519776,How to Build a Massive Stock Portfolio from Zero!,TRUE,200,1882,51,129,All Levels,11 hours,2015-07-20T23:07:38Z,Business Finance,376400,20-07-2015,23:07:38Z,2015,7,20
805336,Introductory Forex Trading Course,FALSE,0,5931,158,15,Beginner Level,3.5 hours,2016-05-04T22:34:45Z,Business Finance,0,04-05-2016,22:34:45Z,2016,5,4
828254,Budgeting Hacks to Build Wealth!,FALSE,0,4931,154,7,Beginner Level,32 mins,2016-05-31T15:10:45Z,Business Finance,0,31-05-2016,15:10:45Z,2016,5,31
471440,Accounting and Finance for Bankers - A Comprehensive Study,TRUE,180,3056,9,316,All Levels,24.5 hours,2015-04-10T19:24:28Z,Business Finance,550080,10-04-2015,19:24:28Z,2015,4,10
478598,Forex Prep Academy for Beginners-Real trades!,TRUE,75,1303,21,44,Beginner Level,3 hours,2015-06-19T15:22:42Z,Business Finance,97725,19-06-2015,15:22:42Z,2015,6,19
394636,Accounting for Deferred Taxes (Professional Course Level),TRUE,25,2924,6,11,All Levels,1.5 hours,2015-01-15T13:19:33Z,Business Finance,73100,15-01-2015,13:19:33Z,2015,1,15
512004,TRADING TRUTHS,TRUE,50,1405,14,27,All Levels,2 hours,2015-06-12T17:34:50Z,Business Finance,70250,12-06-2015,17:34:50Z,2015,6,12
1194426,The Binary Institute - Introductory Course in Binary Options,FALSE,0,1121,12,6,All Levels,1 hour,2017-04-27T23:49:48Z,Business Finance,0,27-04-2017,23:49:48Z,2017,4,27
538540,Forex Trading vs Option Trading,TRUE,95,1776,14,29,All Levels,2.5 hours,2015-07-08T21:09:43Z,Business Finance,168720,08-07-2015,21:09:43Z,2015,7,8
406922,How to Invest in Stocks + Billionaire Investing Tips,TRUE,40,1643,18,19,All Levels,2 hours,2015-07-01T20:43:10Z,Business Finance,65720,01-07-2015,20:43:10Z,2015,7,1
743914,Value Investing For Beginners,TRUE,100,801,48,25,Beginner Level,2.5 hours,2016-05-11T17:20:38Z,Business Finance,80100,11-05-2016,17:20:38Z,2016,5,11
419308,TRADING TACTICS,TRUE,145,951,25,62,All Levels,6 hours,2015-02-13T20:19:58Z,Business Finance,137895,13-02-2015,20:19:58Z,2015,2,13
542028,MQL4 Tutorial Bootcamp - Trading Robot Coding in Metatrader4,TRUE,30,1278,33,23,Beginner Level,43 mins,2015-07-02T21:57:04Z,Business Finance,38340,02-07-2015,21:57:04Z,2015,7,2
482534,Ultimate Retirement: Build Your Own Dynamic Retirement Plan,TRUE,50,1184,15,37,All Levels,6 hours,2015-07-28T00:45:02Z,Business Finance,59200,28-07-2015,00:45:02Z,2015,7,28
716136,build a solid foundation for trading options,TRUE,20,1115,8,8,All Levels,1 hour,2016-05-26T21:17:14Z,Business Finance,22300,26-05-2016,21:17:14Z,2016,5,26
737514,Forex Scam: Avoid the scam today,TRUE,20,1086,27,28,All Levels,2 hours,2016-02-05T00:04:50Z,Business Finance,21720,05-02-2016,00:04:50Z,2016,2,5
471446,Cost Accounting Crash Course,TRUE,20,3730,11,17,All Levels,2.5 hours,2015-04-10T21:01:47Z,Business Finance,74600,10-04-2015,21:01:47Z,2015,4,10
920424,Option Trading for Rookies: Basic Option Strategies,TRUE,95,810,27,61,All Levels,2.5 hours,2016-08-25T18:10:44Z,Business Finance,76950,25-08-2016,18:10:44Z,2016,8,25
49886,Business Analysis:  Working with Use Cases,TRUE,90,2338,224,5,All Levels,1.5 hours,2013-04-17T19:33:22Z,Business Finance,210420,17-04-2013,19:33:22Z,2013,4,17
292462,Learn to Raise the Funds You Need via Crowdfunding,TRUE,20,3403,29,70,All Levels,8 hours,2014-09-19T20:38:16Z,Business Finance,68060,19-09-2014,20:38:16Z,2014,9,19
211874,Business finances,TRUE,75,4695,7,20,Beginner Level,1 hour,2014-05-07T01:51:09Z,Business Finance,352125,07-05-2014,01:51:09Z,2014,5,7
754028,Financial Accounting - A Brief Introduction,FALSE,0,17847,1440,17,Beginner Level,1 hour,2016-02-24T14:53:28Z,Business Finance,0,24-02-2016,14:53:28Z,2016,2,24
546924,Trading Economic Indicators - Complete Trading System,TRUE,50,2692,25,25,Beginner Level,1.5 hours,2015-09-17T18:47:54Z,Business Finance,134600,17-09-2015,18:47:54Z,2015,9,17
105972,Foundation of Options Trading and Investing,TRUE,20,6374,21,14,All Levels,1 hour,2013-10-16T04:41:28Z,Business Finance,127480,16-10-2013,04:41:28Z,2013,10,16
556068,Option Trading - How To Earn If You Can't Predict The Market,TRUE,145,2305,19,30,All Levels,1.5 hours,2015-07-22T19:02:23Z,Business Finance,334225,22-07-2015,19:02:23Z,2015,7,22
1053272,The Financial Analyst Skills Training (FAST) course 2017,TRUE,100,589,31,138,All Levels,10 hours,2017-01-02T17:44:17Z,Business Finance,58900,02-01-2017,17:44:17Z,2017,1,2
1273896,Covered Calls - Powerful Income Strategy for Stock Traders,TRUE,60,22,0,8,Beginner Level,1 hour,2017-07-03T15:13:33Z,Business Finance,1320,03-07-2017,15:13:33Z,2017,7,3
317572,Accounting 1 Simplified for You,TRUE,45,2490,95,13,Beginner Level,3 hours,2014-11-10T03:28:26Z,Business Finance,112050,10-11-2014,03:28:26Z,2014,11,10
738910,[Value Investing] Where White People Keep Their Money,TRUE,200,2715,70,20,Expert Level,4 hours,2016-05-25T21:04:41Z,Business Finance,543000,25-05-2016,21:04:41Z,2016,5,25
1015274,How to Start Investing: Made Simple and Easy,TRUE,200,1506,12,12,All Levels,1 hour,2016-11-25T04:52:51Z,Business Finance,301200,25-11-2016,04:52:51Z,2016,11,25
934574,Basics of Commerce A Complete Study,TRUE,150,2197,4,105,All Levels,5.5 hours,2016-12-21T16:30:33Z,Business Finance,329550,21-12-2016,16:30:33Z,2016,12,21
1110470,The Passive Investing Blueprint - Build Wealth Passively,TRUE,200,338,32,66,All Levels,3.5 hours,2017-03-08T22:37:44Z,Business Finance,67600,08-03-2017,22:37:44Z,2017,3,8
988804,7 Steps: Your Introduction to Trading,TRUE,25,1076,22,176,Beginner Level,5 hours,2016-11-04T22:07:32Z,Business Finance,26900,04-11-2016,22:07:32Z,2016,11,4
529718,Forex - Elliott Wave Theory with Fibonacci. ,TRUE,20,2769,54,32,All Levels,1.5 hours,2015-06-19T22:06:07Z,Business Finance,55380,19-06-2015,22:06:07Z,2015,6,19
998872,The Actuarial Profession: Basic Sciences and Principles,TRUE,25,1531,6,7,Beginner Level,35 mins,2016-11-20T20:47:37Z,Business Finance,38275,20-11-2016,20:47:37Z,2016,11,20
1023670,Investing in stocks: Avoid stock market loss,TRUE,125,1136,12,13,Beginner Level,1 hour,2016-11-29T19:05:57Z,Business Finance,142000,29-11-2016,19:05:57Z,2016,11,29
571394,QuickBooks Online: Complete Guide & Certification tips,TRUE,50,2187,218,91,All Levels,13 hours,2015-08-03T17:46:24Z,Business Finance,109350,03-08-2015,17:46:24Z,2015,8,3
637176,Build Financial Models & Value Companies The Easy Way,TRUE,20,1609,137,18,All Levels,1 hour,2015-10-13T00:45:13Z,Business Finance,32180,13-10-2015,00:45:13Z,2015,10,13
677802,Adventure Capital: How to pay off debt ,TRUE,20,2895,56,14,Beginner Level,1 hour,2015-11-23T21:19:00Z,Business Finance,57900,23-11-2015,21:19:00Z,2015,11,23
1084642,Chart Patterns Trading Demystified,TRUE,200,1023,8,29,All Levels,2.5 hours,2017-02-08T03:49:44Z,Business Finance,204600,08-02-2017,03:49:44Z,2017,2,8
739390,Financial Planning & Analysis: Building a Company's Budget,TRUE,150,1988,137,27,All Levels,1.5 hours,2016-06-15T23:45:51Z,Business Finance,298200,15-06-2016,23:45:51Z,2016,6,15
1134864,Simple things you must know before start FOREX (OFFER),TRUE,200,1053,20,15,Beginner Level,44 mins,2017-03-10T22:11:34Z,Business Finance,210600,10-03-2017,22:11:34Z,2017,3,10
489146,Practical Finance,TRUE,20,4497,281,11,All Levels,1 hour,2015-07-14T18:14:16Z,Business Finance,89940,14-07-2015,18:14:16Z,2015,7,14
910650,Forex Trading: Comprehensive & Concise Forex Trading Course,TRUE,160,2379,33,44,All Levels,3.5 hours,2016-08-06T00:52:21Z,Business Finance,380640,06-08-2016,00:52:21Z,2016,8,6
1079040,Leaps Options Trading System - Diagonal Leaps Options Spread,TRUE,200,993,19,16,All Levels,1 hour,2017-01-19T19:09:29Z,Business Finance,198600,19-01-2017,19:09:29Z,2017,1,19
109622,Finance - Ratios Analysis & Interpretations,TRUE,30,10338,52,41,Beginner Level,2.5 hours,2013-10-23T18:34:25Z,Business Finance,310140,23-10-2013,18:34:25Z,2013,10,23
881378,Forex Trading -  Learn to Trade From Scratch!,TRUE,20,1423,103,37,Beginner Level,1.5 hours,2016-06-19T14:56:45Z,Business Finance,28460,19-06-2016,14:56:45Z,2016,6,19
474150,Technical Analysis tools for Stocks and Options trading,TRUE,40,3555,89,11,All Levels,1.5 hours,2015-04-12T18:31:07Z,Business Finance,142200,12-04-2015,18:31:07Z,2015,4,12
1046724,Quantitative Trading Analysis with R,TRUE,50,567,40,53,All Levels,7.5 hours,2016-12-22T18:24:55Z,Business Finance,28350,22-12-2016,18:24:55Z,2016,12,22
1095116,Penny Stocks King: How 2 really Trade Penny Stocks (6 Hours),TRUE,200,1085,17,48,All Levels,6 hours,2017-02-03T16:44:02Z,Business Finance,217000,03-02-2017,16:44:02Z,2017,2,3
233900,Get Started With Penny Stocks -Step by Step Guide to Trading,TRUE,200,7159,61,18,All Levels,2 hours,2014-06-02T03:34:56Z,Business Finance,1431800,02-06-2014,03:34:56Z,2014,6,2
116128,CPA 101: How To Master Affiliate Marketing In No Time,TRUE,100,11517,92,21,All Levels,1.5 hours,2013-11-09T21:46:52Z,Business Finance,1151700,09-11-2013,21:46:52Z,2013,11,9
1249164,Corporate Internal Controls and Fraud Controls,TRUE,50,1,0,12,Intermediate Level,2 hours,2017-06-29T17:27:52Z,Business Finance,50,29-06-2017,17:27:52Z,2017,6,29
877106,"Forex trading tactics, that work!",TRUE,20,10,1,5,Beginner Level,36 mins,2016-06-16T20:23:51Z,Business Finance,200,16-06-2016,20:23:51Z,2016,6,16
65105,Professional Risk Manager (PRM) Certification: Level 2,TRUE,50,41,1,55,All Levels,7.5 hours,2013-07-23T20:24:14Z,Business Finance,2050,23-07-2013,20:24:14Z,2013,7,23
889066,Trading Options Basics,TRUE,200,8,0,8,Beginner Level,1.5 hours,2016-07-01T03:13:22Z,Business Finance,1600,01-07-2016,03:13:22Z,2016,7,1
28172,Practical Trading on Financial Futures & Options Markets,TRUE,50,43,0,25,Beginner Level,4 hours,2012-11-12T15:01:43Z,Business Finance,2150,12-11-2012,15:01:43Z,2012,11,12
257996,Bookkeeping made simple,TRUE,30,23,1,19,Beginner Level,1 hour,2015-02-13T12:50:30Z,Business Finance,690,13-02-2015,12:50:30Z,2015,2,13
811534,The Visual Learning Basic Accounting Course,TRUE,20,9,0,6,Beginner Level,1 hour,2016-05-03T21:14:25Z,Business Finance,180,03-05-2016,21:14:25Z,2016,5,3
95176,ChalkTalk: Financial Accounting,TRUE,20,25,1,108,All Levels,3.5 hours,2014-01-23T22:33:18Z,Business Finance,500,23-01-2014,22:33:18Z,2014,1,23
880564,The 7 fundamentals to Successful Cashflow Management,TRUE,25,7,0,12,All Levels,1 hour,2016-07-11T17:22:40Z,Business Finance,175,11-07-2016,17:22:40Z,2016,7,11
613944,How to trade options,TRUE,45,12,1,9,Intermediate Level,43 mins,2015-09-20T21:45:48Z,Business Finance,540,20-09-2015,21:45:48Z,2015,9,20
1208148,Coaching Course:Investment Analysis for your clients,TRUE,200,1,0,6,Intermediate Level,34 mins,2017-06-23T16:35:04Z,Business Finance,200,23-06-2017,16:35:04Z,2017,6,23
24815,Harnessing the Power of Growth Stocks,TRUE,50,29,2,7,Intermediate Level,2 hours,2012-10-31T01:05:18Z,Business Finance,1450,31-10-2012,01:05:18Z,2012,10,31
736836,The Investment Banking Recruitment Series,TRUE,40,17,6,26,All Levels,3.5 hours,2016-02-06T01:21:33Z,Business Finance,680,06-02-2016,01:21:33Z,2016,2,6
462474,Business Banking 101,TRUE,25,132,3,14,All Levels,1.5 hours,2015-04-06T18:05:26Z,Business Finance,3300,06-04-2015,18:05:26Z,2015,4,6
73938,CFA Level I Workshop 2: Financial Reporting & Analysis I ,TRUE,20,126,2,5,All Levels,1 hour,2013-08-12T13:26:27Z,Business Finance,2520,12-08-2013,13:26:27Z,2013,8,12
158444,Breakout Patterns Workshop by Pattern Trader,TRUE,60,32,6,15,All Levels,1.5 hours,2016-09-09T04:22:05Z,Business Finance,1920,09-09-2016,04:22:05Z,2016,9,9
577198,Asset Protection Using Offshore Companies,TRUE,20,480,3,21,All Levels,1 hour,2015-08-12T17:28:53Z,Business Finance,9600,12-08-2015,17:28:53Z,2015,8,12
993160,Get Credit for Your EIN That's Not Linked to Your SSN,TRUE,20,27,4,15,Beginner Level,1.5 hours,2016-12-14T17:29:34Z,Business Finance,540,14-12-2016,17:29:34Z,2016,12,14
233294,Financial Translation,TRUE,20,167,6,29,Beginner Level,1.5 hours,2014-06-11T17:50:13Z,Business Finance,3340,11-06-2014,17:50:13Z,2014,6,11
281844,How to Pick Stocks,TRUE,20,131,3,28,All Levels,1.5 hours,2014-09-15T19:45:17Z,Business Finance,2620,15-09-2014,19:45:17Z,2014,9,15
1072156,Binary Beginners Mastery Strategy.,FALSE,0,927,8,14,Beginner Level,1 hour,2017-05-02T18:58:47Z,Business Finance,0,02-05-2017,18:58:47Z,2017,5,2
607362,Accounting 101-Master Class for Understanding Business,TRUE,20,37,2,43,All Levels,2.5 hours,2015-10-10T04:45:42Z,Business Finance,740,10-10-2015,04:45:42Z,2015,10,10
1069866,High-Frequency Trading & Dark Pools,TRUE,40,19,11,22,Beginner Level,2 hours,2017-04-18T21:43:21Z,Business Finance,760,18-04-2017,21:43:21Z,2017,4,18
25794,How To Crowdfund,TRUE,30,43,6,17,All Levels,1.5 hours,2012-10-02T22:00:03Z,Business Finance,1290,02-10-2012,22:00:03Z,2012,10,2
387348,Financial Statement Fundamentals for Small Biz & Investors,TRUE,30,751,1,61,Beginner Level,3 hours,2015-05-14T21:17:53Z,Business Finance,22530,14-05-2015,21:17:53Z,2015,5,14
475912,Master The Stock Market with practice,TRUE,35,49,10,42,All Levels,2 hours,2015-05-15T18:04:34Z,Business Finance,1715,15-05-2015,18:04:34Z,2015,5,15
332690,Introduction to Trade Theory (Technical Analysis) For Stocks,TRUE,20,45,4,6,Beginner Level,1 hour,2014-11-24T04:14:02Z,Business Finance,900,24-11-2014,04:14:02Z,2014,11,24
830870,Forex Trading For Beginners: Technical Trading,FALSE,0,1685,29,16,Beginner Level,2 hours,2016-04-28T22:42:54Z,Business Finance,0,28-04-2016,22:42:54Z,2016,4,28
199822,IAS 12 - Accounting for Income Taxes (Basics),FALSE,0,4269,60,17,All Levels,4.5 hours,2014-05-17T13:19:55Z,Business Finance,0,17-05-2014,13:19:55Z,2014,5,17
56058,Surpassing Your Kickstarter Goals,TRUE,30,124,7,12,All Levels,1 hour,2013-05-24T17:42:25Z,Business Finance,3720,24-05-2013,17:42:25Z,2013,5,24
587232,Simple Linear Regression Analysis ( A Complete Course ),TRUE,200,811,5,29,All Levels,1.5 hours,2015-08-27T19:42:37Z,Business Finance,162200,27-08-2015,19:42:37Z,2015,8,27
398798,Forex: Learn to Trade Forex and FX Consistently,TRUE,50,956,4,21,All Levels,5.5 hours,2015-01-20T04:28:14Z,Business Finance,47800,20-01-2015,04:28:14Z,2015,1,20
130366,Trading: High-ROI Trading,TRUE,190,126,20,47,Intermediate Level,12.5 hours,2014-02-05T19:02:33Z,Business Finance,23940,05-02-2014,19:02:33Z,2014,2,5
530430,Fundraising 101,TRUE,95,26,4,5,Beginner Level,1 hour,2015-06-17T23:50:28Z,Business Finance,2470,17-06-2015,23:50:28Z,2015,6,17
615204,Professional Bookkeeping & Accounting 2 - Bank Daybook,TRUE,35,91,6,36,All Levels,2 hours,2015-11-01T18:29:15Z,Business Finance,3185,01-11-2015,18:29:15Z,2015,11,1
441016,Filing with Companies House UK,TRUE,30,30,5,9,All Levels,1 hour,2015-03-08T19:26:34Z,Business Finance,900,08-03-2015,19:26:34Z,2015,3,8
598722,"Build, Grow, and Protect Your Assets: A Step-by-Step Guide",TRUE,195,226,26,26,All Levels,3.5 hours,2015-09-23T03:00:27Z,Business Finance,44070,23-09-2015,03:00:27Z,2015,9,23
1225674,The Advantages of ETF Options and Index Options Trading,TRUE,60,52,3,9,Intermediate Level,1 hour,2017-05-23T21:04:42Z,Business Finance,3120,23-05-2017,21:04:42Z,2017,5,23
1167536,Learn to Trade Forex - from Beginner to Professional,TRUE,195,89,7,64,All Levels,12.5 hours,2017-04-06T16:59:36Z,Business Finance,17355,06-04-2017,16:59:36Z,2017,4,6
979616,"Investing In Stocks For Big Gains, Fundamental Investing",TRUE,200,267,11,21,All Levels,2 hours,2016-10-22T14:28:36Z,Business Finance,53400,22-10-2016,14:28:36Z,2016,10,22
528488,Introduction to Equity Markets,FALSE,0,4770,64,31,Beginner Level,6.5 hours,2015-07-30T19:00:30Z,Business Finance,0,30-07-2015,19:00:30Z,2015,7,30
832832,Beginners Guide To Ichimoku Trading,TRUE,20,265,16,17,All Levels,1 hour,2016-04-27T20:06:23Z,Business Finance,5300,27-04-2016,20:06:23Z,2016,4,27
256094,Financial Management - Ratio Analysis,TRUE,20,2046,9,72,Beginner Level,5.5 hours,2014-07-05T15:25:07Z,Business Finance,40920,05-07-2014,15:25:07Z,2014,7,5
975074,ALGOTECH Hedge Fund Method for Stock Market Trading,TRUE,20,605,19,4,All Levels,19 mins,2016-10-10T21:05:19Z,Business Finance,12100,10-10-2016,21:05:19Z,2016,10,10
436488,Futures/Commodity Trading,TRUE,50,472,34,23,All Levels,5.5 hours,2015-03-05T22:58:02Z,Business Finance,23600,05-03-2015,22:58:02Z,2015,3,5
72644,Complete Claritas Investment Certificate,TRUE,50,388,56,35,All Levels,11.5 hours,2013-08-05T16:01:50Z,Business Finance,19400,05-08-2013,16:01:50Z,2013,8,5
980408,Introduction to the economics of public services regulation,TRUE,80,98,35,69,Intermediate Level,8 hours,2017-01-03T17:57:55Z,Business Finance,7840,03-01-2017,17:57:55Z,2017,1,3
343886,Accounting Standard 3 - An Analysis,TRUE,25,1888,6,11,Intermediate Level,1 hour,2014-11-14T07:42:47Z,Business Finance,47200,14-11-2014,07:42:47Z,2014,11,14
837322,Essentials of money value: Get a financial Life !,TRUE,20,0,0,20,All Levels,37 mins,2016-05-16T18:28:30Z,Business Finance,0,16-05-2016,18:28:30Z,2016,5,16
1157298,Introduction to Forex Trading Business For Beginners,TRUE,20,0,0,27,Beginner Level,1.5 hours,2017-04-23T16:19:01Z,Business Finance,0,23-04-2017,16:19:01Z,2017,4,23
1282064,Cryptocurrency (BTC & ETH) Investment & Trading Course 2017,TRUE,20,0,0,7,Beginner Level,2.5 hours,2017-07-06T21:46:30Z,Business Finance,0,06-07-2017,21:46:30Z,2017,7,6
1247992,Introduction to Project Management for Finance and Acct'g,TRUE,50,0,0,9,Beginner Level,2 hours,2017-07-03T21:40:32Z,Business Finance,0,03-07-2017,21:40:32Z,2017,7,3
1251582,Best Practices in Corporate Budgeting,TRUE,50,0,0,9,Intermediate Level,2 hours,2017-06-29T22:01:56Z,Business Finance,0,29-06-2017,22:01:56Z,2017,6,29
1258666,Financial Statement Auditing Cycles,TRUE,50,0,0,9,Intermediate Level,2 hours,2017-06-29T23:20:10Z,Business Finance,0,29-06-2017,23:20:10Z,2017,6,29
1168172,Case studies on credit appraisal for bankers,TRUE,20,0,0,15,Beginner Level,3.5 hours,2017-05-01T20:16:26Z,Business Finance,0,01-05-2017,20:16:26Z,2017,5,1
1233314,Building a Balanced Scorecard,TRUE,50,0,0,11,Intermediate Level,2 hours,2017-07-03T21:38:22Z,Business Finance,0,03-07-2017,21:38:22Z,2017,7,3
1276182,Options Trading Foundation: Your journey to competency...,TRUE,95,0,0,5,Intermediate Level,1 hour,2017-07-05T04:41:54Z,Business Finance,0,05-07-2017,04:41:54Z,2017,7,5
1187084,Forex how traders beat the markest with little experience,TRUE,100,0,0,16,All Levels,1 hour,2017-07-06T21:16:13Z,Business Finance,0,06-07-2017,21:16:13Z,2017,7,6
1084454,CFA Level 2- Quantitative Methods,TRUE,40,0,0,35,All Levels,5.5 hours,2017-07-02T14:29:35Z,Business Finance,0,02-07-2017,14:29:35Z,2017,7,2
885413,Foundations of Investing,TRUE,40,0,0,18,Beginner Level,2 hours,2016-07-27T21:07:46Z,Business Finance,0,27-07-2016,21:07:46Z,2016,7,27
178602,Capital Market Road Map,TRUE,50,495,47,21,All Levels,4 hours,2014-03-11T16:15:21Z,Business Finance,24750,11-03-2014,16:15:21Z,2014,3,11
601912,TRADING: 5K CHALLENGE,TRUE,55,375,10,19,Intermediate Level,1 hour,2015-09-12T00:13:34Z,Business Finance,20625,12-09-2015,00:13:34Z,2015,9,12
831170,CurrencyFair - Avoid Bank Charges when converting currencies,FALSE,0,1730,34,11,All Levels,40 mins,2016-05-05T14:38:15Z,Business Finance,0,05-05-2016,14:38:15Z,2016,5,5
327788,Bitcoin - A Comprehensive Guide,TRUE,20,283,13,35,All Levels,2.5 hours,2015-01-27T04:10:17Z,Business Finance,5660,27-01-2015,04:10:17Z,2015,1,27
324656,Forex Trading,TRUE,95,136,14,25,All Levels,4.5 hours,2014-11-18T10:52:45Z,Business Finance,12920,18-11-2014,10:52:45Z,2014,11,18
1220862,"The True ' Secret Sauce  For Stock Market Success""",TRUE,200,23,2,30,All Levels,3 hours,2017-06-11T16:01:03Z,Business Finance,4600,11-06-2017,16:01:03Z,2017,6,11
403628,Bookkeeping to Command Senior Bookkeeping Wages,TRUE,55,683,16,58,All Levels,4.5 hours,2015-03-06T01:31:54Z,Business Finance,37565,06-03-2015,01:31:54Z,2015,3,6
280842,Take Your Career to the Next Level with MBA Finance,TRUE,50,618,10,19,All Levels,2 hours,2015-10-29T23:18:23Z,Business Finance,30900,29-10-2015,23:18:23Z,2015,10,29
306360,How to Read Financial Statements:  Build Financial Literacy.,TRUE,25,188,10,20,Beginner Level,1.5 hours,2014-12-19T18:23:17Z,Business Finance,4700,19-12-2014,18:23:17Z,2014,12,19
521234,Accounting Books of Accounts (College Level),TRUE,20,911,2,18,All Levels,1.5 hours,2015-06-05T19:01:45Z,Business Finance,18220,05-06-2015,19:01:45Z,2015,6,5
327962,Forex Trading Profitably,TRUE,20,512,13,15,All Levels,40 mins,2014-11-04T12:37:45Z,Business Finance,10240,04-11-2014,12:37:45Z,2014,11,4
790034,Learn How to Trade Pump and Dumps. 5 Setups Well Explained.,TRUE,50,769,10,18,All Levels,2 hours,2016-03-14T17:17:00Z,Business Finance,38450,14-03-2016,17:17:00Z,2016,3,14
400976,Bitcoin Trading 101,TRUE,95,302,6,19,All Levels,2 hours,2015-01-29T08:03:35Z,Business Finance,28690,29-01-2015,08:03:35Z,2015,1,29
892446,Visualizing Data,TRUE,40,149,2,63,Intermediate Level,6.5 hours,2016-07-22T13:09:03Z,Business Finance,5960,22-07-2016,13:09:03Z,2016,7,22
322118,IFRS Financial Reporting,TRUE,55,72,9,15,All Levels,3.5 hours,2014-10-24T16:55:03Z,Business Finance,3960,24-10-2014,16:55:03Z,2014,10,24
1029062,Forex Trading System: Correlation EUR/GBP vs GBP/USD,TRUE,50,33,4,26,Intermediate Level,1 hour,2016-12-14T15:49:54Z,Business Finance,1650,14-12-2016,15:49:54Z,2016,12,14
1048496,"SAP Crystal Reports:Master-Detail,Cross-Tab,Sub-Reports",TRUE,50,13,1,9,All Levels,2 hours,2016-12-26T17:39:05Z,Business Finance,650,26-12-2016,17:39:05Z,2016,12,26
501502,Learn Financial Accounting Different,TRUE,20,79,1,58,All Levels,6 hours,2015-05-24T21:14:23Z,Business Finance,1580,24-05-2015,21:14:23Z,2015,5,24
74004,CFA Level I Workshop 4: Fixed Income and Equity,TRUE,20,139,3,6,All Levels,1.5 hours,2013-08-12T13:51:50Z,Business Finance,2780,12-08-2013,13:51:50Z,2013,8,12
226084,"IAS37 - Provisions, Contingents Liabilities & Assets",FALSE,0,2247,53,29,All Levels,4 hours,2014-06-30T08:58:16Z,Business Finance,0,30-06-2014,08:58:16Z,2014,6,30
968056,What You Should Know to Become a Trader,TRUE,125,17,2,14,All Levels,1.5 hours,2016-09-29T05:13:00Z,Business Finance,2125,29-09-2016,05:13:00Z,2016,9,29
1107904,Financial Reporting A Comprehensive Study,TRUE,50,45,1,72,All Levels,8 hours,2017-02-09T21:58:02Z,Business Finance,2250,09-02-2017,21:58:02Z,2017,2,9
691180,An Abundance Mindset: How to Craft Yours,TRUE,50,33,4,40,Beginner Level,4.5 hours,2016-01-22T21:45:33Z,Business Finance,1650,22-01-2016,21:45:33Z,2016,1,22
843536,Forex Trading Profit 183%p.a : Trend is Our Friend-ALGOTREND,TRUE,120,54,11,12,All Levels,36 mins,2016-12-05T17:01:51Z,Business Finance,6480,05-12-2016,17:01:51Z,2016,12,5
532836,How to Build a Massive Retirement Plan from Scratch!,TRUE,200,1498,30,23,Beginner Level,2 hours,2015-06-22T23:04:23Z,Business Finance,299600,22-06-2015,23:04:23Z,2015,6,22
493014,Financial modeling: Build a forward looking financial model,TRUE,20,2317,44,22,All Levels,2 hours,2015-05-05T17:47:11Z,Business Finance,46340,05-05-2015,17:47:11Z,2015,5,5
955748,Trading for Beginners - Entry Level,FALSE,0,5077,256,16,Beginner Level,1.5 hours,2016-10-03T22:21:54Z,Business Finance,0,03-10-2016,22:21:54Z,2016,10,3
49798,Bitcoin or How I Learned to Stop Worrying and Love Crypto,FALSE,0,65576,936,24,All Levels,8 hours,2013-04-20T02:25:22Z,Business Finance,0,20-04-2013,02:25:22Z,2013,4,20
429662,Trend Following Stocks: A Complete Trading System,TRUE,95,1202,76,64,Expert Level,3.5 hours,2015-03-23T17:03:31Z,Business Finance,114190,23-03-2015,17:03:31Z,2015,3,23
97338,Forex Basics,FALSE,0,22344,712,26,Beginner Level,3.5 hours,2013-10-16T17:40:23Z,Business Finance,0,16-10-2013,17:40:23Z,2013,10,16
510178,Accounting Bank Reconciliation Statement (College Level),TRUE,20,2189,4,16,All Levels,1.5 hours,2015-05-25T19:46:32Z,Business Finance,43780,25-05-2015,19:46:32Z,2015,5,25
1002282,Bitcoin - Ethereum: Trading -Watch me manage my own account!,TRUE,165,431,58,22,All Levels,2.5 hours,2016-11-12T04:22:59Z,Business Finance,71115,12-11-2016,04:22:59Z,2016,11,12
706670,FOREX : Learn Technical Analysis,TRUE,200,1199,37,79,All Levels,18 hours,2016-01-01T19:04:07Z,Business Finance,239800,01-01-2016,19:04:07Z,2016,1,1
275294,FastTrack to Stock Trading Strategies,TRUE,25,5685,5,12,All Levels,3.5 hours,2014-08-05T18:24:18Z,Business Finance,142125,05-08-2014,18:24:18Z,2014,8,5
594936,Algorithmic futures trading - Investing with no experience,TRUE,195,1512,23,19,All Levels,1.5 hours,2015-09-14T18:24:03Z,Business Finance,294840,14-09-2015,18:24:03Z,2015,9,14
521342,Succeed in Forex Even if You Don't Know Where to Start!,TRUE,200,1806,38,211,Beginner Level,19.5 hours,2015-06-19T22:16:52Z,Business Finance,361200,19-06-2015,22:16:52Z,2015,6,19
828740,Hedge Fund Accounting and Valuation,TRUE,20,668,10,11,All Levels,34 mins,2016-04-28T16:39:21Z,Business Finance,13360,28-04-2016,16:39:21Z,2016,4,28
501960,"Binary, Forex, Stock and Bitcoin Trading Strategy",FALSE,0,3757,70,14,All Levels,37 mins,2015-05-28T22:38:25Z,Business Finance,0,28-05-2015,22:38:25Z,2015,5,28
486240,2 Easy Steps To Investment And Avoiding Traps,TRUE,20,828,1,20,All Levels,1 hour,2015-04-27T23:18:59Z,Business Finance,16560,27-04-2015,23:18:59Z,2015,4,27
869652,Ethereum Course for Investors,TRUE,40,111,20,11,All Levels,1 hour,2016-06-09T04:21:43Z,Business Finance,4440,09-06-2016,04:21:43Z,2016,6,9
1095700,Using Xero for your bookkeeping needs  do beautiful business,TRUE,95,39,6,28,Beginner Level,1 hour,2017-02-27T16:33:33Z,Business Finance,3705,27-02-2017,16:33:33Z,2017,2,27
169662,Capital Market Immersion,TRUE,195,613,33,142,All Levels,24.5 hours,2014-02-25T15:43:53Z,Business Finance,119535,25-02-2014,15:43:53Z,2014,2,25
1041522,Forex Trading :RSI Indicator-A Secret Weapon,TRUE,95,57,13,14,All Levels,1.5 hours,2016-12-21T14:44:15Z,Business Finance,5415,21-12-2016,14:44:15Z,2016,12,21
657130,"Trading Mindset, and Three Steps To Profitable Trading",TRUE,20,246,8,24,Beginner Level,1.5 hours,2015-11-02T20:13:05Z,Business Finance,4920,02-11-2015,20:13:05Z,2015,11,2
774570,Professional Bookkeeping & Accounting 4:Trial Balance & More,TRUE,35,83,8,21,All Levels,1 hour,2016-03-12T05:06:29Z,Business Finance,2905,12-03-2016,05:06:29Z,2016,3,12
1078520,"Internal Controls - Design, Implementation and Monitoring",TRUE,195,62,6,27,Beginner Level,6.5 hours,2017-03-20T18:42:56Z,Business Finance,12090,20-03-2017,18:42:56Z,2017,3,20
999262,Forex online live trading system (Special Offer),TRUE,200,31,8,34,All Levels,5.5 hours,2016-11-07T14:51:41Z,Business Finance,6200,07-11-2016,14:51:41Z,2016,11,7
100526,Winning Options Trading System,TRUE,105,367,11,24,All Levels,7.5 hours,2013-10-09T21:12:00Z,Business Finance,38535,09-10-2013,21:12:00Z,2013,10,9
513046,Learn The ABC's Of Investing And Understanding True Financial Value,TRUE,20,3,0,8,All Levels,1.5 hours,2015-06-01T22:47:06Z,Business Finance,60,01-06-2015,22:47:06Z,2015,6,1
309854,How to invest in Russian equity market,TRUE,30,3,0,12,Intermediate Level,1.5 hours,2015-09-15T18:28:43Z,Business Finance,90,15-09-2015,18:28:43Z,2015,9,15
580068,Handle difficult questions the bank manager will ask you,TRUE,20,2,0,12,All Levels,1 hour,2015-09-04T20:03:24Z,Business Finance,40,04-09-2015,20:03:24Z,2015,9,4
304410,Credit Control Procedures,TRUE,20,3,0,6,All Levels,34 mins,2014-09-22T03:58:46Z,Business Finance,60,22-09-2014,03:58:46Z,2014,9,22
782256,FMT: Forex Market Trader Certificate,TRUE,20,1,0,27,All Levels,2 hours,2016-03-17T17:43:59Z,Business Finance,20,17-03-2016,17:43:59Z,2016,3,17
826912,Six Stage Negotiation,TRUE,30,1,0,21,All Levels,2.5 hours,2016-05-11T17:08:03Z,Business Finance,30,11-05-2016,17:08:03Z,2016,5,11
313512,Financial Reporting - Fundamentals/Basics,TRUE,20,2,0,28,Beginner Level,2.5 hours,2014-11-08T02:53:57Z,Business Finance,40,08-11-2014,02:53:57Z,2014,11,8
759262,Decide whether to Invest in a Business ,TRUE,20,1,0,43,Beginner Level,1 hour,2016-02-15T17:33:49Z,Business Finance,20,15-02-2016,17:33:49Z,2016,2,15
359926,UK Tax Returns with HMRC,TRUE,40,2,0,11,Beginner Level,1 hour,2016-04-05T15:48:32Z,Business Finance,80,05-04-2016,15:48:32Z,2016,4,5
591724,Financial Market Environment & Investment Strategies,TRUE,105,1,0,25,All Levels,1.5 hours,2017-06-20T02:29:09Z,Business Finance,105,20-06-2017,02:29:09Z,2017,6,20
533458,How to Obtain a Business Loan,TRUE,20,1,1,12,All Levels,34 mins,2015-11-17T19:17:56Z,Business Finance,20,17-11-2015,19:17:56Z,2015,11,17
1064904,Evolution and Features of ETFs,TRUE,100,0,0,10,All Levels,43 mins,2017-04-03T22:17:10Z,Business Finance,0,03-04-2017,22:17:10Z,2017,4,3
484134,Cost Accounting Operating Costing(Professional Course Level),TRUE,20,731,2,8,All Levels,1 hour,2015-04-24T00:21:44Z,Business Finance,14620,24-04-2015,00:21:44Z,2015,4,24
1046940,Trade RSI Breakout Strategy: Great Risk/Reward Ratio (Forex),TRUE,200,66,12,19,All Levels,2 hours,2017-05-01T19:56:30Z,Business Finance,13200,01-05-2017,19:56:30Z,2017,5,1
1107954,"Day trading strategy for all level, with 72% success rate",TRUE,95,51,9,15,All Levels,32 mins,2017-03-02T16:25:56Z,Business Finance,4845,02-03-2017,16:25:56Z,2017,3,2
455452,"Accounting, Finance and Banking - A Comprehensive Study",TRUE,180,507,36,395,All Levels,33 hours,2015-03-26T18:01:39Z,Business Finance,91260,26-03-2015,18:01:39Z,2015,3,26
1263966,Advanced Technical Analysis PART1!,TRUE,100,9,1,19,Intermediate Level,3 hours,2017-06-27T22:00:27Z,Business Finance,900,27-06-2017,22:00:27Z,2017,6,27
658766,Advanced Financial Management for CA / CS / CFA /CPA Exams,TRUE,150,375,15,194,All Levels,24.5 hours,2015-11-03T18:22:32Z,Business Finance,56250,03-11-2015,18:22:32Z,2015,11,3
927442,Learn the Foundations of Stocks and Options,TRUE,50,80,18,63,Beginner Level,7.5 hours,2016-08-11T21:18:34Z,Business Finance,4000,11-08-2016,21:18:34Z,2016,8,11
972126,Forex Trading Masterclass - Learn To Trade Better,TRUE,200,152,7,30,All Levels,3 hours,2016-10-09T21:19:54Z,Business Finance,30400,09-10-2016,21:19:54Z,2016,10,9
1031696,Introduction to Accounting - Analyzing Financial Statements,TRUE,60,37,15,12,Intermediate Level,1 hour,2016-12-13T21:12:10Z,Business Finance,2220,13-12-2016,21:12:10Z,2016,12,13
742106,Credit Risk Analysis,TRUE,20,194,24,19,Intermediate Level,3.5 hours,2016-01-28T22:09:01Z,Business Finance,3880,28-01-2016,22:09:01Z,2016,1,28
355374,Fund Flow Analysis for CA / CFA / CPA Exams,TRUE,25,1184,2,7,Intermediate Level,1.5 hours,2014-11-28T11:43:27Z,Business Finance,29600,28-11-2014,11:43:27Z,2014,11,28
529828,Python for Trading & Investing,TRUE,95,638,25,36,All Levels,5 hours,2015-06-17T22:23:31Z,Business Finance,60610,17-06-2015,22:23:31Z,2015,6,17
538560,Stocks For Beginners - A Guide To Investing,TRUE,20,64,15,14,Beginner Level,1 hour,2015-07-17T19:16:47Z,Business Finance,1280,17-07-2015,19:16:47Z,2015,7,17
994666,Intro to Impact Investing,TRUE,200,44,4,12,Beginner Level,32 mins,2016-11-08T17:02:08Z,Business Finance,8800,08-11-2016,17:02:08Z,2016,11,8
389108,Stock Market - Swing Trading Strategies for Wall Street,TRUE,50,814,9,5,All Levels,1 hour,2015-01-09T04:22:24Z,Business Finance,40700,09-01-2015,04:22:24Z,2015,1,9
38456,Essential Options: Strategies for Mastering the Stock Market,TRUE,50,211,9,27,Intermediate Level,5 hours,2013-03-06T05:28:43Z,Business Finance,10550,06-03-2013,05:28:43Z,2013,3,6
282050,The Day Trader: Learn to Trade The Stock Market and Forex,TRUE,20,768,23,54,All Levels,10.5 hours,2014-08-21T17:18:12Z,Business Finance,15360,21-08-2014,17:18:12Z,2014,8,21
607800,Introduction To The World Of Equity Finance,TRUE,20,29,9,32,All Levels,2 hours,2015-12-08T17:12:06Z,Business Finance,580,08-12-2015,17:12:06Z,2015,12,8
832410,Stock Technical Analysis with Excel,TRUE,50,156,16,41,All Levels,7 hours,2016-04-28T18:22:49Z,Business Finance,7800,28-04-2016,18:22:49Z,2016,4,28
779000,Beginners Forex strategy,FALSE,0,2144,47,20,Beginner Level,1 hour,2016-03-18T15:07:45Z,Business Finance,0,18-03-2016,15:07:45Z,2016,3,18
180372,Mortgage Backed Securities,TRUE,50,376,29,21,All Levels,3.5 hours,2014-03-13T12:47:09Z,Business Finance,18800,13-03-2014,12:47:09Z,2014,3,13
429952,The Complete Financial Model Builder Course-Build 7 Models,TRUE,75,214,20,88,All Levels,9 hours,2015-03-19T19:00:23Z,Business Finance,16050,19-03-2015,19:00:23Z,2015,3,19
172898,Fundamental Financial Math,TRUE,50,406,13,15,All Levels,2.5 hours,2014-03-04T19:36:43Z,Business Finance,20300,04-03-2014,19:36:43Z,2014,3,4
180360,Equity Swaps,TRUE,50,394,25,18,All Levels,3 hours,2014-03-13T22:12:01Z,Business Finance,19700,13-03-2014,22:12:01Z,2014,3,13
713416,Proven Methods In Trading Candlestick Patterns,TRUE,75,438,10,22,All Levels,1.5 hours,2016-02-12T23:44:27Z,Business Finance,32850,12-02-2016,23:44:27Z,2016,2,12
407658,Read financial statements as a stock investor,TRUE,20,56,8,18,Beginner Level,2 hours,2015-07-10T19:32:16Z,Business Finance,1120,10-07-2015,19:32:16Z,2015,7,10
572992,Investing: How to Fix Hidden Flaws Inside Your Portfolio,TRUE,195,58,8,14,All Levels,1 hour,2015-12-03T02:30:13Z,Business Finance,11310,03-12-2015,02:30:13Z,2015,12,3
192724,Certificate Program in Financial Accounting,TRUE,50,1047,3,20,All Levels,4.5 hours,2014-04-24T10:56:31Z,Business Finance,52350,24-04-2014,10:56:31Z,2014,4,24
469526,Trading Biotech Stocks - Understanding the Healthcare Sector,TRUE,55,166,17,16,All Levels,1.5 hours,2015-04-24T21:22:27Z,Business Finance,9130,24-04-2015,21:22:27Z,2015,4,24
854764,Indian Contract Act 1872: Must for all Finance Professionals,TRUE,20,605,3,14,All Levels,1 hour,2016-05-20T17:19:02Z,Business Finance,12100,20-05-2016,17:19:02Z,2016,5,20
754524,Fundraising Success: The Art & Science of Major Gifts,TRUE,50,38,9,25,Intermediate Level,2.5 hours,2016-05-27T17:16:58Z,Business Finance,1900,27-05-2016,17:16:58Z,2016,5,27
851288,Smart Trading Techniques for Safe & Consistent Weekly Result,TRUE,100,46,11,24,Intermediate Level,2.5 hours,2016-05-24T04:57:49Z,Business Finance,4600,24-05-2016,04:57:49Z,2016,5,24
363058,Technical Trading and Investing Made Easy,TRUE,40,217,7,27,Intermediate Level,1.5 hours,2014-12-24T22:46:08Z,Business Finance,8680,24-12-2014,22:46:08Z,2014,12,24
700080,Budgeting for Business,TRUE,40,78,22,25,All Levels,2.5 hours,2016-01-11T20:46:47Z,Business Finance,3120,11-01-2016,20:46:47Z,2016,1,11
637452,Complete Guide to Business Loans,TRUE,30,35,4,35,Beginner Level,1.5 hours,2015-12-04T05:11:46Z,Business Finance,1050,04-12-2015,05:11:46Z,2015,12,4
360916,Hot Trading Investing Strategy: ETF and Futures,TRUE,50,80,10,13,All Levels,2.5 hours,2014-12-08T07:07:22Z,Business Finance,4000,08-12-2014,07:07:22Z,2014,12,8
375594,Financial Management - A Complete Study,TRUE,190,1941,128,527,All Levels,71.5 hours,2014-12-22T16:57:30Z,Business Finance,368790,22-12-2014,16:57:30Z,2014,12,22
703770,MQL4 Programming for Traders: Build Robust Trading Robots!,TRUE,195,1367,33,74,All Levels,7 hours,2016-02-22T00:31:08Z,Business Finance,266565,22-02-2016,00:31:08Z,2016,2,22
602032,Ultimate Stock Market Investing: Learn How to Value Stocks,TRUE,50,1519,40,46,All Levels,3.5 hours,2015-11-03T00:09:31Z,Business Finance,75950,03-11-2015,00:09:31Z,2015,11,3
475032,Collection of Advanced Options concepts for Options traders,TRUE,40,2025,34,9,Expert Level,1 hour,2015-04-13T23:02:21Z,Business Finance,81000,13-04-2015,23:02:21Z,2015,4,13
925854,No Bull Investing: Investing 101 For Financial Freedom,TRUE,100,1213,12,25,Beginner Level,6.5 hours,2017-03-13T22:53:07Z,Business Finance,121300,13-03-2017,22:53:07Z,2017,3,13
895936,Financial Modeling - Build Your Own 3 Statement Projection,TRUE,20,1092,48,13,Beginner Level,1 hour,2016-07-05T20:58:26Z,Business Finance,21840,05-07-2016,20:58:26Z,2016,7,5
399170,Small Business Owners: Drive a Productive Business and Grow,TRUE,20,5099,2,15,Beginner Level,3 hours,2015-01-20T21:39:42Z,Business Finance,101980,20-01-2015,21:39:42Z,2015,1,20
593460,Successful Day Trading with Fibonacci,TRUE,200,869,135,11,All Levels,2 hours,2015-08-31T19:54:34Z,Business Finance,173800,31-08-2015,19:54:34Z,2015,8,31
1225564,Short Straddles - Exploit Earnings Option Volatility Crush,TRUE,60,59,8,7,Expert Level,35 mins,2017-05-24T14:45:31Z,Business Finance,3540,24-05-2017,14:45:31Z,2017,5,24
774174,Bitcoin For Beginners: Your Quick Start Guide To Bitcoin,FALSE,0,10670,444,15,All Levels,1 hour,2016-03-03T21:03:33Z,Business Finance,0,03-03-2016,21:03:33Z,2016,3,3
294292,Technical Analysis 101: Ten Primary Candlestick Reversals,TRUE,95,1741,85,84,All Levels,7 hours,2014-10-05T16:09:30Z,Business Finance,165395,05-10-2014,16:09:30Z,2014,10,5
189160,Financial Analysis:  A Recipe for Success,FALSE,0,19614,635,14,All Levels,1.5 hours,2014-04-23T15:10:52Z,Business Finance,0,23-04-2014,15:10:52Z,2014,4,23
1000136,"Basics of Fixed Income Valuation, CFA Level I 2017 Prep",TRUE,20,4,0,14,Beginner Level,3.5 hours,2017-01-28T16:47:51Z,Business Finance,80,28-01-2017,16:47:51Z,2017,1,28
1232382,Intro to Financial Statement Audits,TRUE,50,1,0,9,Intermediate Level,1.5 hours,2017-06-29T18:09:01Z,Business Finance,50,29-06-2017,18:09:01Z,2017,6,29
1058530,"How to Get Growing, Passive Income from the Fortune 500!",TRUE,25,4,0,12,All Levels,1 hour,2017-01-19T16:07:18Z,Business Finance,100,19-01-2017,16:07:18Z,2017,1,19
994118,Managing Budgets in the Public and Non Profit Sector,TRUE,95,4,0,20,All Levels,2 hours,2017-06-22T20:28:25Z,Business Finance,380,22-06-2017,20:28:25Z,2017,6,22
621014,System of Asset Management for Professionals (SAMP),TRUE,50,8,1,8,Expert Level,1 hour,2015-09-25T21:59:24Z,Business Finance,400,25-09-2015,21:59:24Z,2015,9,25
673750,How to invest in Forex Trading & add an additional income,TRUE,50,8,2,14,All Levels,2 hours,2015-11-21T20:47:58Z,Business Finance,400,21-11-2015,20:47:58Z,2015,11,21
390510,Tax made simple for Limited Company Owners and Contractors,TRUE,50,11,0,57,All Levels,3 hours,2015-02-18T11:50:46Z,Business Finance,550,18-02-2015,11:50:46Z,2015,2,18
282044,Introduction to the 8 Pillars for Accountants,TRUE,20,18,0,33,Beginner Level,37 mins,2014-08-16T17:37:15Z,Business Finance,360,16-08-2014,17:37:15Z,2014,8,16
118836,FX Trading for Beginners,TRUE,20,16,0,22,All Levels,1.5 hours,2013-12-01T04:10:23Z,Business Finance,320,01-12-2013,04:10:23Z,2013,12,1
849632,Write a Successful Business Grant Proposal,TRUE,20,6,0,23,Beginner Level,2.5 hours,2016-07-10T17:11:15Z,Business Finance,120,10-07-2016,17:11:15Z,2016,7,10
904240,A Guide To Trade Binary Options Like An Expert,TRUE,55,4,0,21,All Levels,1 hour,2016-07-18T21:48:10Z,Business Finance,220,18-07-2016,21:48:10Z,2016,7,18
1165780,Ratio analysis for bankers and credit analysts,TRUE,20,1,0,13,Beginner Level,3 hours,2017-04-12T16:55:26Z,Business Finance,20,12-04-2017,16:55:26Z,2017,4,12
304424,Numbers for the  Business Plan,TRUE,20,210,1,12,All Levels,1.5 hours,2014-09-22T05:12:53Z,Business Finance,4200,22-09-2014,05:12:53Z,2014,9,22
1246684,Dash Crypto Currency Technical and Trading Overview Bootcamp,TRUE,20,4,1,14,All Levels,1 hour,2017-06-19T21:59:42Z,Business Finance,80,19-06-2017,21:59:42Z,2017,6,19
591880,1 - Concepts of Statistics For Beginners Step by Step,TRUE,200,273,4,15,Beginner Level,31 mins,2015-08-30T22:48:34Z,Business Finance,54600,30-08-2015,22:48:34Z,2015,8,30
155616,4. Ordinary Simple Annuities: The Basics,TRUE,20,237,1,17,All Levels,1.5 hours,2014-01-31T22:27:11Z,Business Finance,4740,31-01-2014,22:27:11Z,2014,1,31
1185936,الدروس التعليمية لسوق الفوركس والأسواق المالية الأخرى,FALSE,0,368,3,69,All Levels,20.5 hours,2017-04-25T15:02:33Z,Business Finance,0,25-04-2017,15:02:33Z,2017,4,25
65802,Financial Risk Manager (FRM) Certification: Level II,TRUE,50,86,7,87,All Levels,47 hours,2013-07-24T03:18:38Z,Business Finance,4300,24-07-2013,03:18:38Z,2013,7,24
229360,Level 1 2014 CFA® Program – Corporate Finance,TRUE,40,204,1,18,All Levels,3 hours,2014-06-21T05:43:33Z,Business Finance,8160,21-06-2014,05:43:33Z,2014,6,21
159388,3. Compound Interest ,TRUE,20,570,2,21,All Levels,2 hours,2014-02-11T18:06:18Z,Business Finance,11400,11-02-2014,18:06:18Z,2014,2,11
172298,8. Amortization Schedules,TRUE,20,225,1,5,All Levels,1 hour,2014-03-19T18:30:55Z,Business Finance,4500,19-03-2014,18:30:55Z,2014,3,19
570996,Finance Fundamentals for Non Finance Leaders,TRUE,20,37,7,15,All Levels,1 hour,2015-08-04T21:56:58Z,Business Finance,740,04-08-2015,21:56:58Z,2015,8,4
944594,Strategy layout and Backtesting,TRUE,200,36,2,24,Expert Level,4 hours,2016-09-21T19:36:22Z,Business Finance,7200,21-09-2016,19:36:22Z,2016,9,21
81064,Easy Forex and Futures Trading,TRUE,100,218,5,66,All Levels,14.5 hours,2013-12-31T01:22:44Z,Business Finance,21800,31-12-2013,01:22:44Z,2013,12,31
364034,Finanzas y Análisis Financiero: Manejo Seguro de Negocios,TRUE,20,50,18,13,Beginner Level,1.5 hours,2014-12-16T03:10:02Z,Business Finance,1000,16-12-2014,03:10:02Z,2014,12,16
119276,Aprende a hacer paper trading (simulación) con Ninja Trader,TRUE,25,148,3,15,Beginner Level,1.5 hours,2013-11-15T17:53:03Z,Business Finance,3700,15-11-2013,17:53:03Z,2013,11,15
753610,Trading mit kleinen Konten - Grundlagen die du kennen musst,TRUE,80,74,4,20,Beginner Level,3.5 hours,2017-03-29T00:06:21Z,Business Finance,5920,29-03-2017,00:06:21Z,2017,3,29
616564,entiende la contabilidad y consigue un aumento de salario,TRUE,20,260,18,17,Beginner Level,1.5 hours,2015-09-23T15:25:09Z,Business Finance,5200,23-09-2015,15:25:09Z,2015,9,23
596026,Trade for Profit: Find-Trade Stocks Successfully Arabic عربي,TRUE,95,299,5,65,All Levels,2.5 hours,2015-11-12T00:51:16Z,Business Finance,28405,12-11-2015,00:51:16Z,2015,11,12
1264512,Trading Forex  - L'analyse des volumes,TRUE,70,4,3,13,All Levels,2 hours,2017-06-29T21:32:21Z,Business Finance,280,29-06-2017,21:32:21Z,2017,6,29
499504,Disminuye deudas en tu hogar en menos de 30 días,TRUE,20,65,3,15,Beginner Level,1.5 hours,2015-05-19T22:25:23Z,Business Finance,1300,19-05-2015,22:25:23Z,2015,5,19
903326,CPA 10 COMPLETO,TRUE,25,101,25,18,All Levels,5 hours,2016-08-10T23:07:28Z,Business Finance,2525,10-08-2016,23:07:28Z,2016,8,10
412108,Trading Intradiario basado en Precio y Volumen,TRUE,40,92,15,19,Intermediate Level,1.5 hours,2015-02-18T23:28:01Z,Business Finance,3680,18-02-2015,23:28:01Z,2015,2,18
865630,Aprenda Cálculo Financeiro de Forma Simples,TRUE,20,76,14,21,All Levels,2 hours,2016-06-02T18:09:38Z,Business Finance,1520,02-06-2016,18:09:38Z,2016,6,2
1210062,Wie funktionieren Bitcoin? Ein Einführungskurs.,TRUE,20,14,4,14,Beginner Level,37 mins,2017-05-10T23:37:44Z,Business Finance,280,10-05-2017,23:37:44Z,2017,5,10
1180960,Estruturação Financeira,TRUE,45,18,3,18,All Levels,3.5 hours,2017-05-08T02:40:04Z,Business Finance,810,08-05-2017,02:40:04Z,2017,5,8
660846,Five steps to becoming a winner in stock investing,TRUE,20,21,1,28,All Levels,3 hours,2015-11-06T19:05:01Z,Business Finance,420,06-11-2015,19:05:01Z,2015,11,6
829206,Financial Accounting Plus Excel and SAP Crash Course.,TRUE,20,18,2,11,Beginner Level,1 hour,2016-05-23T17:03:43Z,Business Finance,360,23-05-2016,17:03:43Z,2016,5,23
385604,Introduction to Financial Consolidation under IFRS,TRUE,25,21,3,8,All Levels,1.5 hours,2016-12-05T14:18:39Z,Business Finance,525,05-12-2016,14:18:39Z,2016,12,5
302468,How to read a Profit & Loss Account and Balance Sheet,TRUE,20,49,10,13,All Levels,2 hours,2014-09-22T04:05:52Z,Business Finance,980,22-09-2014,04:05:52Z,2014,9,22
331600,Learn Bookkeeping From Scratch,TRUE,20,168,2,21,All Levels,3 hours,2014-11-05T21:43:45Z,Business Finance,3360,05-11-2014,21:43:45Z,2014,11,5
557436,ACCA MA1 Management Information,TRUE,50,16,1,48,Beginner Level,3.5 hours,2015-08-24T23:33:21Z,Business Finance,800,24-08-2015,23:33:21Z,2015,8,24
1162656,Introduction to Bitcoin for Beginners,TRUE,20,2,1,7,Beginner Level,34 mins,2017-04-28T00:03:47Z,Business Finance,40,28-04-2017,00:03:47Z,2017,4,28
389834,Stock Trading: Ultimate Guide to swing trading stocks,TRUE,200,336,6,13,All Levels,41 mins,2016-10-25T16:11:24Z,Business Finance,67200,25-10-2016,16:11:24Z,2016,10,25
304414,Bookkeeping Systems,TRUE,20,20,1,9,All Levels,1 hour,2014-09-22T05:16:06Z,Business Finance,400,22-09-2014,05:16:06Z,2014,9,22
55136,Precious Metal Equities,TRUE,20,28,1,8,All Levels,1 hour,2013-05-26T14:14:33Z,Business Finance,560,26-05-2013,14:14:33Z,2013,5,26
619792,Start Now: A Rescue Plan for Retirement Late Savers,TRUE,150,11,1,15,All Levels,39 mins,2016-11-19T03:30:03Z,Business Finance,1650,19-11-2016,03:30:03Z,2016,11,19
505144,Eu Funding: Module 2 - Introduction to Horizon 2020,TRUE,20,11,1,6,Intermediate Level,1 hour,2015-05-20T00:00:42Z,Business Finance,220,20-05-2015,00:00:42Z,2015,5,20
688244,How I Make Money Writing About Stocks Online,TRUE,195,360,24,12,Beginner Level,2.5 hours,2015-12-18T02:55:11Z,Business Finance,70200,18-12-2015,02:55:11Z,2015,12,18
642060,Tradeonomics - Four Steps to Mastering Economic Indicators,TRUE,20,1189,13,41,All Levels,4 hours,2016-04-01T15:56:38Z,Business Finance,23780,01-04-2016,15:56:38Z,2016,4,1
114518,Improve Your Financial Literacy,FALSE,0,9995,96,10,All Levels,2 hours,2014-02-10T03:50:00Z,Business Finance,0,10-02-2014,03:50:00Z,2014,2,10
1050168,Forex Trading : Power Of Moving Averages,TRUE,200,100,24,33,All Levels,4 hours,2017-01-02T15:18:21Z,Business Finance,20000,02-01-2017,15:18:21Z,2017,1,2
666910,Demystifying Your Personal Tax Return,FALSE,0,3426,27,14,Beginner Level,1 hour,2015-11-25T18:02:44Z,Business Finance,0,25-11-2015,18:02:44Z,2015,11,25
158830,Samuel and Co Trading - Stock & Forex Trading,TRUE,50,592,109,24,All Levels,5.5 hours,2014-02-10T18:12:06Z,Business Finance,29600,10-02-2014,18:12:06Z,2014,2,10
577256,Accounting Department's Tips & Tricks - Beginner to Advanced,TRUE,95,1222,14,61,All Levels,6 hours,2015-10-07T17:25:18Z,Business Finance,116090,07-10-2015,17:25:18Z,2015,10,7
192576,Certificate Program In Management Accounting,TRUE,50,1532,7,24,All Levels,6 hours,2014-04-24T09:48:19Z,Business Finance,76600,24-04-2014,09:48:19Z,2014,4,24
662450,How I Trade Forex Successfully,FALSE,0,5768,109,12,All Levels,1.5 hours,2015-11-13T17:28:16Z,Business Finance,0,13-11-2015,17:28:16Z,2015,11,13
312834,Professional Trading With Institutional Supply & Demand,TRUE,200,343,84,37,All Levels,5.5 hours,2014-11-24T10:19:35Z,Business Finance,68600,24-11-2014,10:19:35Z,2014,11,24
44319,Master Calendar Spreads with this live trade on Gold (GLD),TRUE,60,540,44,6,Expert Level,1 hour,2013-03-02T14:03:59Z,Business Finance,32400,02-03-2013,14:03:59Z,2013,3,2
174800,Accounting 101: Guide to Business Accounting,TRUE,50,2031,15,29,Beginner Level,14.5 hours,2014-04-21T16:23:37Z,Business Finance,101550,21-04-2014,16:23:37Z,2014,4,21
1179546,An Introduction to Financial Markets on Wall Street,TRUE,30,7,1,29,All Levels,2 hours,2017-04-28T00:08:38Z,Business Finance,210,28-04-2017,00:08:38Z,2017,4,28
1239206,Win 90% of Trades; Quantitative Investments Models in Excel,TRUE,200,4,1,16,Beginner Level,1.5 hours,2017-06-28T15:09:21Z,Business Finance,800,28-06-2017,15:09:21Z,2017,6,28
1149564,The Forex Pivot Points Trading Strategy,TRUE,20,21,2,12,All Levels,2 hours,2017-03-22T22:57:34Z,Business Finance,420,22-03-2017,22:57:34Z,2017,3,22
79364,Your Business by the Numbers,TRUE,25,29,2,42,All Levels,3 hours,2013-09-26T14:16:35Z,Business Finance,725,26-09-2013,14:16:35Z,2013,9,26
917172,Forex - Trade Gartley with Precision - Complete Strategy,TRUE,20,50,1,23,All Levels,1.5 hours,2016-07-29T16:49:37Z,Business Finance,1000,29-07-2016,16:49:37Z,2016,7,29
1276364,Bitcoin & Ethereum Course (2 Course Bundle),TRUE,200,1,0,52,All Levels,2.5 hours,2017-07-05T19:06:26Z,Business Finance,200,05-07-2017,19:06:26Z,2017,7,5
1237912,Create Trading Robot Without Coding Skills!,TRUE,145,5,0,13,All Levels,1 hour,2017-06-16T05:29:13Z,Business Finance,725,16-06-2017,05:29:13Z,2017,6,16
531710,Accounting and the Triple Bottom Line,TRUE,30,6,2,19,Intermediate Level,33 mins,2015-07-10T00:16:42Z,Business Finance,180,10-07-2015,00:16:42Z,2015,7,10
1021760,MQL5 - Beginner To Expert,TRUE,45,16,1,16,Beginner Level,1.5 hours,2017-04-06T21:39:23Z,Business Finance,720,06-04-2017,21:39:23Z,2017,4,6
193916,How to be A High Performance Insurance Broker Part 2,TRUE,40,70,3,15,All Levels,2 hours,2014-04-06T16:50:18Z,Business Finance,2800,06-04-2014,16:50:18Z,2014,4,6
74016,"CFA Level I Workshop 5: Corp Finance, Quants II & Derivative",TRUE,20,110,1,5,All Levels,1 hour,2013-08-12T13:54:47Z,Business Finance,2200,12-08-2013,13:54:47Z,2013,8,12
1073430,Xero Bookkeeping Course & Certification by Accounting Firm,TRUE,20,7,3,15,Beginner Level,2 hours,2017-02-13T23:21:49Z,Business Finance,140,13-02-2017,23:21:49Z,2017,2,13
834606,Trading News Using Binary Options,TRUE,145,1186,16,22,All Levels,1.5 hours,2016-05-11T18:15:50Z,Business Finance,171970,11-05-2016,18:15:50Z,2016,5,11
629060,Trading Trends in ANY Market,TRUE,30,632,49,22,All Levels,2 hours,2015-10-04T18:43:16Z,Business Finance,18960,04-10-2015,18:43:16Z,2015,10,4
698278,Financial Statements Analysis: Learn to Invest Like a Pro!,TRUE,50,1237,54,35,Beginner Level,2.5 hours,2016-02-04T17:03:14Z,Business Finance,61850,04-02-2016,17:03:14Z,2016,2,4
975414,Contango VXX - ETF Options Trading - Double Your Investment,TRUE,200,513,20,20,All Levels,1 hour,2016-10-06T15:10:38Z,Business Finance,102600,06-10-2016,15:10:38Z,2016,10,6
112296,Mergers and Acquisitions M&A Essentials You Need to Know,TRUE,95,4103,19,15,Beginner Level,1 hour,2013-11-13T11:08:51Z,Business Finance,389785,13-11-2013,11:08:51Z,2013,11,13
536166,TRADING MARKET MAP,TRUE,45,1489,32,27,All Levels,3.5 hours,2015-07-01T16:25:45Z,Business Finance,67005,01-07-2015,16:25:45Z,2015,7,1
718338,How To Confidently Join The Bitcoin Revolution,TRUE,45,547,98,53,Beginner Level,7 hours,2016-01-14T23:03:31Z,Business Finance,24615,14-01-2016,23:03:31Z,2016,1,14
996612,High Probability Trading Across Any Market: Stocks & Forex,TRUE,95,353,27,105,All Levels,18.5 hours,2016-12-01T17:36:07Z,Business Finance,33535,01-12-2016,17:36:07Z,2016,12,1
941120,Option Trading for Rookies: Make & Manage Profitable Trades,TRUE,95,507,19,59,All Levels,2 hours,2016-09-02T22:19:00Z,Business Finance,48165,02-09-2016,22:19:00Z,2016,9,2
498488,Your First Successful Forex Trades - With Case Studies,TRUE,200,1079,34,16,All Levels,2.5 hours,2015-05-26T20:48:48Z,Business Finance,215800,26-05-2015,20:48:48Z,2015,5,26
364566,MCA Accountancy and Financial Management -Paper MCS 35 IGNOU,TRUE,180,3667,4,460,All Levels,43.5 hours,2014-12-06T16:34:03Z,Business Finance,660060,06-12-2014,16:34:03Z,2014,12,6
600316,"High-Frequency Trading #1: Basics, History & Strategies",TRUE,50,2222,24,11,All Levels,36 mins,2015-09-28T18:51:08Z,Business Finance,111100,28-09-2015,18:51:08Z,2015,9,28
1136912,Financial Accounting - The Ultimate Beginner Course,TRUE,100,9,2,101,Beginner Level,10 hours,2017-04-06T00:39:12Z,Business Finance,900,06-04-2017,00:39:12Z,2017,4,6
239416,Level 1 2014 CFA® Program – Derivatives,TRUE,40,225,2,17,All Levels,2.5 hours,2014-09-03T07:58:05Z,Business Finance,9000,03-09-2014,07:58:05Z,2014,9,3
722274,The Complete Investing Guide: How to Beat Wall Street,TRUE,50,13,3,25,All Levels,5.5 hours,2016-06-14T19:11:45Z,Business Finance,650,14-06-2016,19:11:45Z,2016,6,14
201942,"Bitcoins - Past, Present, Future",TRUE,20,373,3,14,Beginner Level,1.5 hours,2014-04-23T02:27:31Z,Business Finance,7460,23-04-2014,02:27:31Z,2014,4,23
355798,Learn Accounting by Specific Examples - Part 1,TRUE,50,306,0,5,All Levels,38 mins,2014-11-28T05:56:37Z,Business Finance,15300,28-11-2014,05:56:37Z,2014,11,28
702800,Forex: Presentation and  Analysis (Fundamental & Technical),TRUE,50,14,3,22,Beginner Level,1.5 hours,2016-01-16T02:52:22Z,Business Finance,700,16-01-2016,02:52:22Z,2016,1,16
425126,Year-end QuickBooks Procedures,TRUE,20,51,2,10,Beginner Level,2 hours,2015-02-19T22:08:53Z,Business Finance,1020,19-02-2015,22:08:53Z,2015,2,19
1013838,Price Action Gap Trading Strategies,TRUE,20,13,2,5,Intermediate Level,1 hour,2016-12-31T02:59:33Z,Business Finance,260,31-12-2016,02:59:33Z,2016,12,31
867682,How to start a successful career in finance?,FALSE,0,1318,7,27,All Levels,2 hours,2016-08-24T18:29:34Z,Business Finance,0,24-08-2016,18:29:34Z,2016,8,24
239268,Level 1 2014 CFA® Program – Equity Investments,TRUE,40,347,0,24,All Levels,4.5 hours,2015-01-30T08:19:51Z,Business Finance,13880,30-01-2015,08:19:51Z,2015,1,30
361286,Wealth Management,TRUE,30,274,1,21,All Levels,3.5 hours,2014-12-17T14:24:15Z,Business Finance,8220,17-12-2014,14:24:15Z,2014,12,17
1036456,Basics of Private Equity,TRUE,60,9,2,6,Intermediate Level,40 mins,2017-05-09T22:19:30Z,Business Finance,540,09-05-2017,22:19:30Z,2017,5,9
617976,Curso Completo del Mercado FOREX,TRUE,200,359,86,50,All Levels,5.5 hours,2015-11-18T00:08:44Z,Business Finance,71800,18-11-2015,00:08:44Z,2015,11,18
196620,Como Investir em Ações para Iniciantes,FALSE,0,6024,890,18,All Levels,1 hour,2014-04-11T22:03:10Z,Business Finance,0,11-04-2014,22:03:10Z,2014,4,11
667332,Robots de Forex: espere ganar 175%p.a! Incluye Robot de Fx! ,TRUE,130,315,49,41,All Levels,5 hours,2016-01-22T18:47:07Z,Business Finance,40950,22-01-2016,18:47:07Z,2016,1,22
639126,６時間でインターバンク市場を攻略！最短距離でトレード基礎力,TRUE,35,280,40,54,All Levels,4 hours,2015-11-10T00:22:05Z,Business Finance,9800,10-11-2015,00:22:05Z,2015,11,10
53211,Matemática Financeira de um jeito fácil,TRUE,95,401,67,20,All Levels,1.5 hours,2013-07-23T20:45:33Z,Business Finance,38095,23-07-2013,20:45:33Z,2013,7,23
212952,ビットコイン生態系｜既存通貨が主役をやめる日,TRUE,20,701,55,16,Beginner Level,1.5 hours,2014-06-23T02:24:31Z,Business Finance,14020,23-06-2014,02:24:31Z,2014,6,23
1151398,Trading Forex - Trader avec les figures harmoniques,TRUE,90,57,11,23,Beginner Level,2 hours,2017-03-31T22:44:53Z,Business Finance,5130,31-03-2017,22:44:53Z,2017,3,31
1016420,Введение в Финансовую Инженерию,TRUE,50,205,20,20,Beginner Level,5 hours,2016-11-20T22:34:45Z,Business Finance,10250,20-11-2016,22:34:45Z,2016,11,20
1178820,Aprenda a Investir no Tesouro Direto Passo a Passo,TRUE,35,62,10,19,All Levels,1 hour,2017-04-25T07:06:14Z,Business Finance,2170,25-04-2017,07:06:14Z,2017,4,25
881778,資産運用の基礎を学ぶファイナンス入門,TRUE,20,114,13,52,Beginner Level,4 hours,2016-07-07T18:16:41Z,Business Finance,2280,07-07-2016,18:16:41Z,2016,7,7
173462,Aprende a invertir y deja que tu dinero trabaje para ti,TRUE,145,789,68,95,All Levels,14 hours,2014-03-03T09:52:27Z,Business Finance,114405,03-03-2014,09:52:27Z,2014,3,3
648174,Buchführung lernen leicht gemacht,TRUE,40,446,39,70,Beginner Level,5 hours,2016-06-13T19:07:19Z,Business Finance,17840,13-06-2016,19:07:19Z,2016,6,13
517466,Day Trading: High ROI Day Trading ,TRUE,150,17,2,51,Intermediate Level,6.5 hours,2015-07-29T19:08:33Z,Business Finance,2550,29-07-2015,19:08:33Z,2015,7,29
304422,Flow Management and Forecasting,TRUE,20,16,2,10,All Levels,1 hour,2014-09-22T04:57:47Z,Business Finance,320,22-09-2014,04:57:47Z,2014,9,22
177214,An Introduction to Management of Portfolios (MoP),TRUE,20,117,15,6,Beginner Level,1.5 hours,2014-03-06T09:12:15Z,Business Finance,2340,06-03-2014,09:12:15Z,2014,3,6
73898,CFA Level I Workshop 1: Ethics and Quantitative Methods,TRUE,20,147,4,5,All Levels,1 hour,2013-08-12T13:21:26Z,Business Finance,2940,12-08-2013,13:21:26Z,2013,8,12
671548,Accounting Basics 101 for Understanding Business,TRUE,20,7,2,18,All Levels,1 hour,2016-01-07T17:48:25Z,Business Finance,140,07-01-2016,17:48:25Z,2016,1,7
504620,Mortgage Acceleration,TRUE,20,247,2,17,All Levels,1.5 hours,2015-08-21T18:36:25Z,Business Finance,4940,21-08-2015,18:36:25Z,2015,8,21
98706,Stock Market for Beginners. Learn to trade,TRUE,35,143,15,42,All Levels,3.5 hours,2013-10-03T17:44:22Z,Business Finance,5005,03-10-2013,17:44:22Z,2013,10,3
364428,CFA Corporate Finance Level 1 (Part 1),TRUE,180,621,1,107,All Levels,14.5 hours,2014-12-06T07:44:46Z,Business Finance,111780,06-12-2014,07:44:46Z,2014,12,6
560472,Trading Tips from Hedge Fund Manager,TRUE,50,6,2,32,All Levels,1 hour,2015-07-22T20:56:34Z,Business Finance,300,22-07-2015,20:56:34Z,2015,7,22
682986,Effective Debt Collection Strategies,TRUE,40,5,2,16,Intermediate Level,1.5 hours,2015-11-30T22:38:49Z,Business Finance,200,30-11-2015,22:38:49Z,2015,11,30
270844,IAS 1-Presentation of Financial Statements ,FALSE,0,2674,81,8,All Levels,1 hour,2014-10-03T12:31:06Z,Business Finance,0,03-10-2014,12:31:06Z,2014,10,3
507600,Stock Trading Strategies Using a D.A.R.T.,TRUE,20,227,3,5,All Levels,1 hour,2015-05-26T17:15:13Z,Business Finance,4540,26-05-2015,17:15:13Z,2015,5,26
363078,Capital Structuring Techiques for CA / CFA / CPA Exams,TRUE,125,4480,12,50,Intermediate Level,7 hours,2014-12-05T09:23:16Z,Business Finance,560000,05-12-2014,09:23:16Z,2014,12,5
933394,The Complete Guide to Forex Trading,TRUE,20,1329,12,33,All Levels,5 hours,2017-02-05T16:14:41Z,Business Finance,26580,05-02-2017,16:14:41Z,2017,2,5
1090408,Learn How to Trade Binary Options Professionally,FALSE,0,5144,169,7,All Levels,1 hour,2017-02-03T22:15:55Z,Business Finance,0,03-02-2017,22:15:55Z,2017,2,3
707688,Learn How to Start Small and Make It Big In Small-Cap Stocks,TRUE,50,2635,13,29,Beginner Level,2 hours,2016-02-08T16:30:15Z,Business Finance,131750,08-02-2016,16:30:15Z,2016,2,8
544176,Trading strategies with common sense technical analysis,TRUE,75,1750,71,29,All Levels,3 hours,2015-07-19T17:41:41Z,Business Finance,131250,19-07-2015,17:41:41Z,2015,7,19
392478,Startup Business: How To Raise Seed Capital,TRUE,95,3360,12,34,All Levels,3 hours,2015-03-15T20:29:17Z,Business Finance,319200,15-03-2015,20:29:17Z,2015,3,15
613422,Business Economics - Basics (College Level),TRUE,50,3425,10,50,All Levels,4 hours,2015-09-16T18:29:12Z,Business Finance,171250,16-09-2015,18:29:12Z,2015,9,16
316750,Technical Analysis 101: Master the Basics of Trading,TRUE,95,2688,61,50,All Levels,2 hours,2015-05-13T22:54:25Z,Business Finance,255360,13-05-2015,22:54:25Z,2015,5,13
884658,Investing in Stocks? Master The Art of Covered Calls Selling,TRUE,80,1095,17,35,All Levels,3 hours,2016-07-28T00:32:48Z,Business Finance,87600,28-07-2016,00:32:48Z,2016,7,28
735550,How to Trade Binary Options Effectively – All Levels,TRUE,195,1680,39,17,All Levels,1 hour,2016-01-27T17:51:25Z,Business Finance,327600,27-01-2016,17:51:25Z,2016,1,27
770486,Stock Market: The Zero Risk Way of Investing,TRUE,25,2046,14,8,Beginner Level,38 mins,2016-03-18T15:51:49Z,Business Finance,51150,18-03-2016,15:51:49Z,2016,3,18
543212,Forex Trading using professional indicators by TOP traders,TRUE,200,1699,40,28,All Levels,3.5 hours,2015-07-07T20:37:59Z,Business Finance,339800,07-07-2015,20:37:59Z,2015,7,7
804298,Corporate Finance 101: Equity Valuation,TRUE,50,1071,14,50,All Levels,6 hours,2016-03-29T19:40:05Z,Business Finance,53550,29-03-2016,19:40:05Z,2016,3,29
707054,Trading Strategies: Find The Trading Strategy That Fits You,TRUE,20,1037,3,12,All Levels,2 hours,2015-12-29T17:15:32Z,Business Finance,20740,29-12-2015,17:15:32Z,2015,12,29
964828,Forex Trading - Learn An Effective Forex Trading Strategy,TRUE,95,223,34,16,All Levels,1.5 hours,2016-12-14T22:45:02Z,Business Finance,21185,14-12-2016,22:45:02Z,2016,12,14
298522,Navigate the 10-K and Other Financial Reports,TRUE,40,653,55,20,All Levels,2.5 hours,2014-11-08T18:50:53Z,Business Finance,26120,08-11-2014,18:50:53Z,2014,11,8
1196728,From 0 to 1: Investments and Portfolio Theory,TRUE,50,230,0,22,Beginner Level,4.5 hours,2017-05-01T23:42:52Z,Business Finance,11500,01-05-2017,23:42:52Z,2017,5,1
255170,Bitcoin - The Complete Guide,TRUE,20,2281,12,24,All Levels,5.5 hours,2014-07-04T00:45:03Z,Business Finance,45620,04-07-2014,00:45:03Z,2014,7,4
40670,Professional Trader's Mindset - Complete Forex Course,TRUE,50,4702,17,6,All Levels,1 hour,2013-06-07T17:07:48Z,Business Finance,235100,07-06-2013,17:07:48Z,2013,6,7
737832,Bitcoin Peer Investing: How To Generate Double Digit Returns,TRUE,25,366,45,41,All Levels,2.5 hours,2016-01-24T23:09:17Z,Business Finance,9150,24-01-2016,23:09:17Z,2016,1,24
240256,Forex Breakout Profits: The Definitive Guide,TRUE,25,521,60,27,All Levels,2.5 hours,2014-11-30T19:52:37Z,Business Finance,13025,30-11-2014,19:52:37Z,2014,11,30
931626,Learn to Trade With Fibonacci Tools,TRUE,30,252,45,30,Intermediate Level,4 hours,2016-08-17T20:24:38Z,Business Finance,7560,17-08-2016,20:24:38Z,2016,8,17
663022,"Investing Internationally into Real Estate, Stocks and Bonds",TRUE,200,1101,14,37,All Levels,2 hours,2016-01-27T18:40:25Z,Business Finance,220200,27-01-2016,18:40:25Z,2016,1,27
1196816,From 0 to 1: Bond Theory and Valuation,TRUE,50,223,2,29,Beginner Level,4 hours,2017-05-02T05:53:56Z,Business Finance,11150,02-05-2017,05:53:56Z,2017,5,2
202290,Stock Market Mastery,TRUE,20,135,2,25,All Levels,7.5 hours,2014-06-08T14:46:02Z,Business Finance,2700,08-06-2014,14:46:02Z,2014,6,8
690546,UK Self Assessment Tax Return Filing Online,TRUE,20,23,7,6,All Levels,28 mins,2015-12-07T18:36:33Z,Business Finance,460,07-12-2015,18:36:33Z,2015,12,7
560218,Introduction to Financial Statements,TRUE,40,112,1,14,Beginner Level,1.5 hours,2015-08-16T22:26:02Z,Business Finance,4480,16-08-2015,22:26:02Z,2015,8,16
253810,"IAS 8-Accounting Policies ,Changes in Accounting Estimates",FALSE,0,2122,30,15,All Levels,2.5 hours,2014-10-03T12:29:41Z,Business Finance,0,03-10-2014,12:29:41Z,2014,10,3
420926,CFA® Level 1 2014 – Financial Reporting and Analysis,TRUE,50,152,2,102,All Levels,10 hours,2015-02-26T08:48:32Z,Business Finance,7600,26-02-2015,08:48:32Z,2015,2,26
382824,Investment Banking Operations : Securities Trade Life Cycle,TRUE,30,267,9,10,All Levels,2 hours,2015-01-02T10:18:52Z,Business Finance,8010,02-01-2015,10:18:52Z,2015,1,2
73046,CFA Level I Foundation Course: Introduction to Quants,TRUE,50,155,4,11,Beginner Level,5 hours,2013-08-05T16:03:22Z,Business Finance,7750,05-08-2013,16:03:22Z,2013,8,5
73860,Financial Risk Manager (FRM) Certification: Level I,TRUE,50,87,25,113,All Levels,24 hours,2013-10-26T12:54:58Z,Business Finance,4350,26-10-2013,12:54:58Z,2013,10,26
191588,IAS 10 - Events After Reporting Date,FALSE,0,2146,35,8,All Levels,1 hour,2014-05-07T12:48:04Z,Business Finance,0,07-05-2014,12:48:04Z,2014,5,7
665866,Investment Portfolio Analysis with Excel,TRUE,50,154,7,39,All Levels,9 hours,2015-11-12T21:51:19Z,Business Finance,7700,12-11-2015,21:51:19Z,2015,11,12
73068,Introduction to the CFA Program,FALSE,0,4248,66,6,Beginner Level,1 hour,2013-08-12T11:10:42Z,Business Finance,0,12-08-2013,11:10:42Z,2013,8,12
252950,Chartered Financial Analyst (CFA) - Level 1 - FRA,TRUE,30,517,5,17,Beginner Level,14.5 hours,2014-06-30T09:21:49Z,Business Finance,15510,30-06-2014,09:21:49Z,2014,6,30
760990,Excel 4 Accounting & Bookkeeping - Master Lookup Functions,TRUE,35,2638,140,12,All Levels,1 hour,2016-02-13T03:19:09Z,Business Finance,92330,13-02-2016,03:19:09Z,2016,2,13
874312,Cashflow Management for Small Businesses: A How To Guide,TRUE,25,2914,11,5,All Levels,37 mins,2016-06-13T14:39:21Z,Business Finance,72850,13-06-2016,14:39:21Z,2016,6,13
373716,Forex Basics (Professional Course Level),TRUE,20,6050,34,25,All Levels,1.5 hours,2014-12-19T08:49:47Z,Business Finance,121000,19-12-2014,08:49:47Z,2014,12,19
1275790,Advanced Butterfly Spreads for Options Income Strategies,TRUE,60,16,1,8,Expert Level,1 hour,2017-07-04T18:08:01Z,Business Finance,960,04-07-2017,18:08:01Z,2017,7,4
836926,The Holy Grail of Auto Trading Forex Futures Stocks Revealed,TRUE,50,3917,45,7,All Levels,1 hour,2016-05-03T18:23:01Z,Business Finance,195850,03-05-2016,18:23:01Z,2016,5,3
1131122,IPO Fundamentals,TRUE,20,1122,13,6,Beginner Level,1 hour,2017-03-02T00:58:36Z,Business Finance,22440,02-03-2017,00:58:36Z,2017,3,2
595258,Finance for Non-Finance: Learn Quick and Easy,TRUE,20,4158,51,30,Beginner Level,2.5 hours,2016-02-25T21:48:39Z,Business Finance,83160,25-02-2016,21:48:39Z,2016,2,25
1269590,Advanced Options Trading Course,TRUE,40,1252,2,6,Intermediate Level,32 mins,2017-06-29T20:18:19Z,Business Finance,50080,29-06-2017,20:18:19Z,2017,6,29
611420,Statistics - Measures of Dispersion for CA / CS / CFA exams,TRUE,20,5108,9,13,All Levels,1 hour,2015-09-14T19:47:25Z,Business Finance,102160,14-09-2015,19:47:25Z,2015,9,14
941990,Work From Home Online (Part/Full) : Trade Forex 4 Beginners,TRUE,45,2981,23,17,Beginner Level,1 hour,2016-10-09T19:33:35Z,Business Finance,134145,09-10-2016,19:33:35Z,2016,10,9
1119920,Financial Ratios Using Excel,TRUE,100,1223,14,29,Beginner Level,1 hour,2017-03-07T23:10:03Z,Business Finance,122300,07-03-2017,23:10:03Z,2017,3,7
256200,How To Start Trading Penny Stocks In 10 Easy Steps 2017,TRUE,50,7750,58,15,All Levels,1.5 hours,2014-07-17T08:02:54Z,Business Finance,387500,17-07-2014,08:02:54Z,2014,7,17
207166,How to Copy the Best Traders on Etoro,TRUE,90,564,9,41,All Levels,3.5 hours,2014-05-01T20:37:45Z,Business Finance,50760,01-05-2014,20:37:45Z,2014,5,1
390472,How To Set Up A Limited Company In The UK,FALSE,0,2075,69,11,Beginner Level,44 mins,2015-04-20T23:31:47Z,Business Finance,0,20-04-2015,23:31:47Z,2015,4,20
575476,Forex trading made simple,TRUE,100,45,4,31,All Levels,1.5 hours,2015-09-25T19:08:09Z,Business Finance,4500,25-09-2015,19:08:09Z,2015,9,25
460652,Financial and Business Simulation with Microsoft Excel,TRUE,20,44,5,8,Expert Level,31 mins,2015-03-29T22:10:23Z,Business Finance,880,29-03-2015,22:10:23Z,2015,3,29
157336,10.  Bonds and Bond Pricing,TRUE,20,308,4,10,All Levels,1 hour,2014-02-11T18:11:55Z,Business Finance,6160,11-02-2014,18:11:55Z,2014,2,11
65110,Professional Risk Manager (PRM) Certification: Level 3,TRUE,50,55,5,22,All Levels,12.5 hours,2013-07-23T20:26:47Z,Business Finance,2750,23-07-2013,20:26:47Z,2013,7,23
987682,Stocks: Quick Method to get started Investing,FALSE,0,718,13,7,Beginner Level,1 hour,2017-05-18T17:37:33Z,Business Finance,0,18-05-2017,17:37:33Z,2017,5,18
835212,The Fundamentals Of Finance For Non-Finance Professionals,TRUE,40,206,3,7,All Levels,1.5 hours,2016-05-18T16:02:21Z,Business Finance,8240,18-05-2016,16:02:21Z,2016,5,18
882276,Forex - Top Equity Management Strategy,TRUE,20,18,4,13,All Levels,35 mins,2016-06-20T19:56:50Z,Business Finance,360,20-06-2016,19:56:50Z,2016,6,20
971110,The Truths about (in)secure Retirement,TRUE,200,86,6,32,Intermediate Level,4.5 hours,2016-10-03T18:42:18Z,Business Finance,17200,03-10-2016,18:42:18Z,2016,10,3
414744,Learn How to File Taxes for Uber and Lyft Drivers,TRUE,40,294,5,25,All Levels,2 hours,2015-02-12T06:17:10Z,Business Finance,11760,12-02-2015,06:17:10Z,2015,2,12
537286,Learn the Basics of the Wave Principle:,TRUE,30,27,4,10,Beginner Level,1.5 hours,2015-07-02T00:12:02Z,Business Finance,810,02-07-2015,00:12:02Z,2015,7,2
1123226,MasterClass-Japanese &  Heiken Ashi CandleStick Patterns,TRUE,195,375,10,26,All Levels,3.5 hours,2017-03-12T16:13:38Z,Business Finance,73125,12-03-2017,16:13:38Z,2017,3,12
1170626,Start Trading Stocks Using Technical Analysis! Part 2,TRUE,95,94,11,25,All Levels,2 hours,2017-05-23T00:20:02Z,Business Finance,8930,23-05-2017,00:20:02Z,2017,5,23
1016996,Introduction to Corporate Finance (Mergers & Acquisitions),FALSE,0,2080,83,30,Beginner Level,1.5 hours,2017-02-28T16:14:06Z,Business Finance,0,28-02-2017,16:14:06Z,2017,2,28
1046992,Forex & Financial Market Trading Tutorial- Online Strategies,FALSE,0,3137,30,69,All Levels,9 hours,2017-04-12T16:26:51Z,Business Finance,0,12-04-2017,16:26:51Z,2017,4,12
929526,Learn to trade Candlestick Patterns,TRUE,20,155,23,22,Intermediate Level,1.5 hours,2016-08-16T23:58:31Z,Business Finance,3100,16-08-2016,23:58:31Z,2016,8,16
631276,High-Frequency Trading #2: Market Structure & Instruments,TRUE,50,1732,11,12,All Levels,41 mins,2015-11-19T18:22:19Z,Business Finance,86600,19-11-2015,18:22:19Z,2015,11,19
86558,The Art Of Financial Valuation With Certificate,TRUE,20,3372,12,12,All Levels,2 hours,2013-09-29T23:52:54Z,Business Finance,67440,29-09-2013,23:52:54Z,2013,9,29
615600,Sensitivity & Scenario Analysis for CA / CFA / CPA Exams,TRUE,20,2185,3,13,All Levels,2 hours,2015-09-20T20:26:40Z,Business Finance,43700,20-09-2015,20:26:40Z,2015,9,20
799434,"Economics:   Competition, Elasticity, a little Game Theory",TRUE,50,1008,14,42,All Levels,6 hours,2016-04-12T15:12:18Z,Business Finance,50400,12-04-2016,15:12:18Z,2016,4,12
1088656,Quantitative Trading Analysis with Python,TRUE,50,256,17,49,All Levels,5.5 hours,2017-01-27T17:11:28Z,Business Finance,12800,27-01-2017,17:11:28Z,2017,1,27
674354,Invest Like a Pro!,TRUE,200,1173,22,15,Beginner Level,2.5 hours,2015-12-29T18:56:44Z,Business Finance,234600,29-12-2015,18:56:44Z,2015,12,29
1187758,Options Trading Essentials: The ULTIMATE Guides,FALSE,0,1352,6,20,All Levels,4 hours,2017-04-24T21:59:20Z,Business Finance,0,24-04-2017,21:59:20Z,2017,4,24
548764,ACCA FA1 Recording Financial Transactions,TRUE,50,49,8,27,Beginner Level,3.5 hours,2015-07-14T23:01:39Z,Business Finance,2450,14-07-2015,23:01:39Z,2015,7,14
410576,CFA® Level 1 2014 – Portfolio Management,TRUE,40,124,2,10,All Levels,2 hours,2015-03-02T01:46:14Z,Business Finance,4960,02-03-2015,01:46:14Z,2015,3,2
501384,Essentials Of Swing Trading Stocks,TRUE,20,105,9,5,All Levels,1 hour,2015-06-03T18:00:18Z,Business Finance,2100,03-06-2015,18:00:18Z,2015,6,3
59725,Small Business and Managerial Accounting Training Tutorial,TRUE,20,117,3,71,Beginner Level,3.5 hours,2013-06-19T17:52:07Z,Business Finance,2340,19-06-2013,17:52:07Z,2013,6,19
47504,Use Crowdfunding Effectively With Indiegogo and Kickstarter,FALSE,0,6533,32,9,All Levels,2 hours,2013-06-25T15:22:28Z,Business Finance,0,25-06-2013,15:22:28Z,2013,6,25
1257502,The Complete Litecoin Crypto Currency Bootcamp,TRUE,20,7,3,24,All Levels,1 hour,2017-06-28T23:51:45Z,Business Finance,140,28-06-2017,23:51:45Z,2017,6,28
304426,Bank Reconciliation & VAT on Excel,TRUE,20,30,5,19,All Levels,1.5 hours,2014-09-22T04:56:43Z,Business Finance,600,22-09-2014,04:56:43Z,2014,9,22
581598,Commodity Futures Day Trading Strategies,TRUE,95,91,5,28,All Levels,5 hours,2015-08-28T23:47:29Z,Business Finance,8645,28-08-2015,23:47:29Z,2015,8,28
328842,Learn to invest in the Stock Market,TRUE,40,28,5,14,Beginner Level,1 hour,2014-11-12T17:37:03Z,Business Finance,1120,12-11-2014,17:37:03Z,2014,11,12
541824,FX Commodity Chart Trading Patterns for Success,TRUE,50,83,10,15,All Levels,2.5 hours,2015-07-19T19:23:14Z,Business Finance,4150,19-07-2015,19:23:14Z,2015,7,19
103144,Forex Elite Trading,TRUE,85,623,7,22,All Levels,6 hours,2013-10-18T16:06:44Z,Business Finance,52955,18-10-2013,16:06:44Z,2013,10,18
937150,How to Invest in Startups - Expert Reveals Winning Secrets.,FALSE,0,1625,5,145,All Levels,8.5 hours,2016-08-29T14:24:43Z,Business Finance,0,29-08-2016,14:24:43Z,2016,8,29
1215926,Kickstarter success in 5 easy steps,TRUE,20,0,0,12,All Levels,31 mins,2017-05-16T14:55:28Z,Business Finance,0,16-05-2017,14:55:28Z,2017,5,16
1035638,Understanding Financial Statements,TRUE,25,0,0,10,All Levels,1 hour,2016-12-15T14:56:17Z,Business Finance,0,15-12-2016,14:56:17Z,2016,12,15
1249146,Planning and Executing a Financial Statement Audit,TRUE,50,0,0,9,Intermediate Level,2 hours,2017-06-29T23:18:51Z,Business Finance,0,29-06-2017,23:18:51Z,2017,6,29
1233894,The Latest Updates 2016 Financial Accounting Standards Board,TRUE,50,1,0,9,Intermediate Level,2 hours,2017-06-29T21:40:54Z,Business Finance,50,29-06-2017,21:40:54Z,2017,6,29
975910,How to achieve personal transformation,TRUE,20,0,0,10,All Levels,32 mins,2016-12-22T00:28:07Z,Business Finance,0,22-12-2016,00:28:07Z,2016,12,22
1221942,Basic Bookkeeping,TRUE,35,0,0,12,Beginner Level,44 mins,2017-05-23T16:20:18Z,Business Finance,0,23-05-2017,16:20:18Z,2017,5,23
1169196,"Credit concepts and checklist for bankers, credit analyst",TRUE,20,0,0,10,Beginner Level,2.5 hours,2017-04-24T14:56:01Z,Business Finance,0,24-04-2017,14:56:01Z,2017,4,24
1271182,Practical Film Financing: Finding & Pitching Investors,TRUE,100,0,0,9,Beginner Level,1 hour,2017-07-05T21:46:55Z,Business Finance,0,05-07-2017,21:46:55Z,2017,7,5
1233302,Ratio Analysis for Financial Statements,TRUE,50,0,0,6,Beginner Level,2 hours,2017-07-03T21:39:57Z,Business Finance,0,03-07-2017,21:39:57Z,2017,7,3
1231958,60 Minutes to Fundamental Accounting Skills,TRUE,75,0,0,9,Beginner Level,2.5 hours,2017-06-28T21:55:29Z,Business Finance,0,28-06-2017,21:55:29Z,2017,6,28
837322,Essentials of money value: Get a financial Life !,TRUE,20,0,0,20,All Levels,37 mins,2016-05-16T18:28:30Z,Business Finance,0,16-05-2016,18:28:30Z,2016,5,16
1157298,Introduction to Forex Trading Business For Beginners,TRUE,20,0,0,27,Beginner Level,1.5 hours,2017-04-23T16:19:01Z,Business Finance,0,23-04-2017,16:19:01Z,2017,4,23
42645,"Backspreads, Diagonals and Butterflies - Advanced Strategies",TRUE,60,737,41,10,Expert Level,2 hours,2013-03-03T22:15:18Z,Business Finance,44220,03-03-2013,22:15:18Z,2013,3,3
355622,Trade Forex 13 Patterns - Golden Ratios Secret Revealed,TRUE,200,554,63,44,All Levels,4 hours,2015-01-10T13:49:22Z,Business Finance,110800,10-01-2015,13:49:22Z,2015,1,10
514036,Crystal ball trading - foresee price with seasonal patterns,TRUE,145,807,19,23,All Levels,6 hours,2015-06-14T22:08:54Z,Business Finance,117015,14-06-2015,22:08:54Z,2015,6,14
45136,Weekly Options and study of Options expiration dynamics,TRUE,60,779,56,6,Expert Level,1 hour,2013-03-08T12:22:12Z,Business Finance,46740,08-03-2013,12:22:12Z,2013,3,8
371574,Cost Accounting Basics (Professional Course Level),TRUE,20,1777,11,23,Beginner Level,1 hour,2014-12-17T01:11:28Z,Business Finance,35540,17-12-2014,01:11:28Z,2014,12,17
915964,Learn to Reliably Invest In The Stock Market,TRUE,50,841,14,19,All Levels,37 mins,2016-07-29T15:06:31Z,Business Finance,42050,29-07-2016,15:06:31Z,2016,7,29
1209556,Hedge Fund Trading Systems Part Two - Stocks & ETFs,TRUE,200,56,10,23,Expert Level,2.5 hours,2017-05-16T22:22:15Z,Business Finance,11200,16-05-2017,22:22:15Z,2017,5,16
412856,Stock Market Option Trading: How Sell Options For Premium,TRUE,200,1909,8,19,Intermediate Level,2 hours,2015-02-08T20:06:08Z,Business Finance,381800,08-02-2015,20:06:08Z,2015,2,8
42651,Straddles and Strangles - Volatility moves in any direction,TRUE,60,775,54,11,Expert Level,1.5 hours,2013-03-12T12:30:40Z,Business Finance,46500,12-03-2013,12:30:40Z,2013,3,12
294914,Debt Collection Management: Get Paid On Time EVERY TIME!,TRUE,20,1255,8,38,All Levels,3 hours,2015-01-27T07:50:28Z,Business Finance,25100,27-01-2015,07:50:28Z,2015,1,27
219306,Learn about it,TRUE,20,1193,24,27,All Levels,1.5 hours,2014-06-05T22:40:42Z,Business Finance,23860,05-06-2014,22:40:42Z,2014,6,5
652768,Trading: Basics of Trading for Beginners,TRUE,140,1309,4,20,Beginner Level,1.5 hours,2015-11-11T01:30:17Z,Business Finance,183260,11-11-2015,01:30:17Z,2015,11,11
42197,Options Spreads Bundle-  the heart of Options Trading,TRUE,120,623,43,8,Intermediate Level,2.5 hours,2013-02-19T15:04:46Z,Business Finance,74760,19-02-2013,15:04:46Z,2013,2,19
936298,Trade the News in Forex: EA Robot Included,TRUE,200,276,11,11,All Levels,34 mins,2016-08-30T02:40:52Z,Business Finance,55200,30-08-2016,02:40:52Z,2016,8,30
885443,Investment Portfolio Analysis with R,TRUE,50,314,38,37,All Levels,6.5 hours,2016-06-27T20:39:08Z,Business Finance,15700,27-06-2016,20:39:08Z,2016,6,27
585208,Basics of Economics For Beginners A to Z - A Complete Course,TRUE,170,1942,5,24,Beginner Level,1.5 hours,2015-08-24T00:36:33Z,Business Finance,330140,24-08-2015,00:36:33Z,2015,8,24
386922,Seeing the Big Picture: Understanding Financial Statements,TRUE,50,885,69,14,All Levels,43 mins,2015-01-07T21:40:43Z,Business Finance,44250,07-01-2015,21:40:43Z,2015,1,7
1023650,Financial Modeling for Professionals in 1 Day!,TRUE,200,226,12,29,Intermediate Level,4.5 hours,2016-12-05T16:33:34Z,Business Finance,45200,05-12-2016,16:33:34Z,2016,12,5
676764,Create Your Own Automated Stock Trading Robot In EXCEL!,TRUE,150,461,45,44,All Levels,5 hours,2015-12-09T18:35:24Z,Business Finance,69150,09-12-2015,18:35:24Z,2015,12,9
696342,FOREX: From Zero To Hero,TRUE,150,152,27,26,All Levels,3 hours,2017-02-07T05:21:14Z,Business Finance,22800,07-02-2017,05:21:14Z,2017,2,7
41145,Learn Call Options and Put Options - Introduction to Options,TRUE,60,1017,74,20,Beginner Level,3 hours,2013-02-15T20:43:11Z,Business Finance,61020,15-02-2013,20:43:11Z,2013,2,15
145220,1. Principles of Simple Interest ,TRUE,20,1074,6,13,All Levels,1 hour,2014-01-13T20:43:46Z,Business Finance,21480,13-01-2014,20:43:46Z,2014,1,13
868686,Double Entry Bookkeeping,TRUE,50,440,17,10,Beginner Level,1 hour,2016-06-15T18:23:18Z,Business Finance,22000,15-06-2016,18:23:18Z,2016,6,15
745110,MQL5 Tutorial Bootcamp,TRUE,20,978,7,13,Beginner Level,32 mins,2016-01-29T00:11:42Z,Business Finance,19560,29-01-2016,00:11:42Z,2016,1,29
745832,Succeed at Options Even If You Don't Know Where to Start,TRUE,200,36,1,12,All Levels,1.5 hours,2017-04-17T18:00:13Z,Business Finance,7200,17-04-2017,18:00:13Z,2017,4,17
43778,"Buying, Selling, and Storing Precious Metal",TRUE,20,74,1,14,All Levels,1 hour,2013-02-27T03:38:36Z,Business Finance,1480,27-02-2013,03:38:36Z,2013,2,27
19653,Accounting Skills for Managers,TRUE,20,78,3,10,Beginner Level,1.5 hours,2012-06-27T16:41:09Z,Business Finance,1560,27-06-2012,16:41:09Z,2012,6,27
1013190,Analysis and Evaluation of Economic Feasibility of Projects,TRUE,100,10,1,8,Intermediate Level,1 hour,2016-12-19T14:47:22Z,Business Finance,1000,19-12-2016,14:47:22Z,2016,12,19
824034,Technical Analysis: Understanding Price Action,TRUE,45,39,6,37,All Levels,3 hours,2016-08-26T22:57:33Z,Business Finance,1755,26-08-2016,22:57:33Z,2016,8,26
370440,Bitcoin For Beginners,TRUE,50,37,3,22,Beginner Level,4 hours,2014-12-29T18:54:54Z,Business Finance,1850,29-12-2014,18:54:54Z,2014,12,29
312860,"IAS 16-Property,Plant and Equipment ",FALSE,0,2166,38,20,All Levels,3 hours,2014-10-06T09:11:10Z,Business Finance,0,06-10-2014,09:11:10Z,2014,10,6
168358,Basel II,TRUE,50,78,6,57,All Levels,3.5 hours,2014-03-06T07:16:03Z,Business Finance,3900,06-03-2014,07:16:03Z,2014,3,6
721746,Forex Trading Plan,TRUE,50,21,3,24,All Levels,42 mins,2016-02-13T05:53:11Z,Business Finance,1050,13-02-2016,05:53:11Z,2016,2,13
885342,Financial Modeling 101,FALSE,0,1086,37,5,Beginner Level,37 mins,2016-12-19T23:43:54Z,Business Finance,0,19-12-2016,23:43:54Z,2016,12,19
811416,Learn Financial Modeling from Scratch - Part1,TRUE,50,7,4,29,All Levels,3.5 hours,2016-04-06T18:00:04Z,Business Finance,350,06-04-2016,18:00:04Z,2016,4,6
35131,Introduction to Small Business Accounting Training Tutorial,TRUE,25,168,9,75,Beginner Level,3.5 hours,2013-01-09T02:57:25Z,Business Finance,4200,09-01-2013,02:57:25Z,2013,1,9
570844,Learn Basic Concepts of Economics Step by Step - Complete,TRUE,150,2801,6,25,All Levels,1.5 hours,2015-08-16T16:36:47Z,Business Finance,420150,16-08-2015,16:36:47Z,2015,8,16
189996,Introduction to Digital Payments ,FALSE,0,12217,351,17,Beginner Level,1 hour,2014-04-29T05:49:43Z,Business Finance,0,29-04-2014,05:49:43Z,2014,4,29
716828,The Beginner's Guide to the Futures and Options Trading,FALSE,0,6185,138,20,All Levels,3 hours,2016-01-18T19:47:54Z,Business Finance,0,18-01-2016,19:47:54Z,2016,1,18
702138,Bitcoin Investing: The Complete Buy & Hold Strategy,TRUE,25,477,70,41,All Levels,4 hours,2016-01-10T21:59:30Z,Business Finance,11925,10-01-2016,21:59:30Z,2016,1,10
130298,Financial Modeling in Excel for Startups,TRUE,50,1334,86,54,Beginner Level,6 hours,2014-01-05T03:44:26Z,Business Finance,66700,05-01-2014,03:44:26Z,2014,1,5
709536,Learn to Trade Forex Naked Price Action Big Shadow Trade,FALSE,0,5407,192,11,Intermediate Level,1 hour,2016-01-25T04:08:41Z,Business Finance,0,25-01-2016,04:08:41Z,2016,1,25
706942,Forex Trading For Beginners ,FALSE,0,9483,183,22,Beginner Level,2 hours,2016-01-14T02:46:59Z,Business Finance,0,14-01-2016,02:46:59Z,2016,1,14
297762,Build a Trading Comps Valuation Model,TRUE,50,1032,60,55,All Levels,7 hours,2014-10-01T18:49:52Z,Business Finance,51600,01-10-2014,18:49:52Z,2014,10,1
614472,The Advanced Forex Course for Smart Traders,FALSE,0,8236,144,25,All Levels,5 hours,2015-10-09T16:46:49Z,Business Finance,0,09-10-2015,16:46:49Z,2015,10,9
463834,Cost Accounting Overheads (Professional Course Level),TRUE,20,2383,6,19,All Levels,2.5 hours,2015-03-31T21:55:21Z,Business Finance,47660,31-03-2015,21:55:21Z,2015,3,31
934614,Beginners Guide to Stock Market Investing,FALSE,0,3283,109,42,Beginner Level,2.5 hours,2016-09-15T18:30:57Z,Business Finance,0,15-09-2016,18:30:57Z,2016,9,15
430968,Financial Management Capital Market Instruments,TRUE,25,2650,5,17,Beginner Level,1 hour,2015-02-24T14:30:21Z,Business Finance,66250,24-02-2015,14:30:21Z,2015,2,24
305368,NPV and IRR Techniques for CA / CFA / CPA Exams,TRUE,20,1551,5,55,Beginner Level,7.5 hours,2014-09-22T14:30:17Z,Business Finance,31020,22-09-2014,14:30:17Z,2014,9,22
179446,Commercial Credit Analysis,TRUE,50,545,48,42,All Levels,7.5 hours,2014-03-12T12:26:44Z,Business Finance,27250,12-03-2014,12:26:44Z,2014,3,12
443502,Essential Finance For Managers,TRUE,25,663,10,79,All Levels,5.5 hours,2015-04-16T20:10:00Z,Business Finance,16575,16-04-2015,20:10:00Z,2015,4,16
414246,Bitcoin for Accountants,FALSE,0,3519,102,6,Beginner Level,1 hour,2015-02-06T03:15:22Z,Business Finance,0,06-02-2015,03:15:22Z,2015,2,6
571506,ProTrader -  Advanced Technical Analysis,TRUE,125,825,11,34,All Levels,2 hours,2016-08-22T23:31:48Z,Business Finance,103125,22-08-2016,23:31:48Z,2016,8,22
1101382,Binary Options Masterclass,TRUE,200,70,11,16,All Levels,2 hours,2017-02-13T16:37:57Z,Business Finance,14000,13-02-2017,16:37:57Z,2017,2,13
638966,188% Profit in 1Year - Forex ALGO Robot Trading no indicator,TRUE,120,357,71,20,All Levels,2 hours,2016-05-03T19:04:41Z,Business Finance,42840,03-05-2016,19:04:41Z,2016,5,3
757508,"Financial Accounting, its Cycle, Statements & Analysis",TRUE,20,853,4,35,Beginner Level,5 hours,2016-03-08T16:40:40Z,Business Finance,17060,08-03-2016,16:40:40Z,2016,3,8
1271684,Test your Knowledge in Banking Credit Analysis Process,TRUE,30,17,0,0,All Levels,24 questions,2017-06-30T10:45:11Z,Business Finance,510,30-06-2017,10:45:11Z,2017,6,30
180384,Yield Curve Dynamics,TRUE,50,397,24,19,All Levels,3 hours,2014-03-12T14:54:48Z,Business Finance,19850,12-03-2014,14:54:48Z,2014,3,12
812798,Value Investing and Stock Market Fundamentals,TRUE,195,74,8,17,Beginner Level,3 hours,2016-04-07T18:10:31Z,Business Finance,14430,07-04-2016,18:10:31Z,2016,4,7
364206,Media Training for Financial Service Professionals,TRUE,20,1254,2,64,All Levels,7 hours,2014-12-11T21:14:18Z,Business Finance,25080,11-12-2014,21:14:18Z,2014,12,11
742142,Learn the Forex Naked Price Action Pogo Trade,TRUE,60,89,4,10,Intermediate Level,1 hour,2016-02-10T16:52:50Z,Business Finance,5340,10-02-2016,16:52:50Z,2016,2,10
895030,Forex - Price action Reversal Strategy,TRUE,20,38,6,16,All Levels,1 hour,2016-07-04T21:31:45Z,Business Finance,760,04-07-2016,21:31:45Z,2016,7,4
516168,Budget preparation for an EU project proposal,TRUE,50,18,4,5,Intermediate Level,1 hour,2015-06-01T23:05:51Z,Business Finance,900,01-06-2015,23:05:51Z,2015,6,1
612528,Corporate Finance and Alternative Investment for CFA L1,TRUE,20,103,3,27,All Levels,4.5 hours,2015-09-17T18:09:49Z,Business Finance,2060,17-09-2015,18:09:49Z,2015,9,17
597084,Don't Let Your Customers Run Your Business,TRUE,50,7,3,28,Intermediate Level,2.5 hours,2015-10-26T20:20:43Z,Business Finance,350,26-10-2015,20:20:43Z,2015,10,26
544556,Stock Trading: Insider Tips For Determining Market Direction,TRUE,95,104,1,11,All Levels,1 hour,2015-07-07T23:04:36Z,Business Finance,9880,07-07-2015,23:04:36Z,2015,7,7
953490,TopTrader Academy - Complete Options Course,TRUE,150,42,1,11,All Levels,3 hours,2016-09-13T22:09:05Z,Business Finance,6300,13-09-2016,22:09:05Z,2016,9,13
221872,Working Capital Management for Entrepreneurs,TRUE,20,507,5,15,Expert Level,1 hour,2014-11-19T10:36:51Z,Business Finance,10140,19-11-2014,10:36:51Z,2014,11,19
662318,Learn Quickbooks to maintain books properly,TRUE,20,241,5,26,Beginner Level,2.5 hours,2015-11-09T20:36:53Z,Business Finance,4820,09-11-2015,20:36:53Z,2015,11,9
73044,CFA Level I Foundation: Introduction to Financial Reporting,TRUE,50,226,5,13,Beginner Level,5.5 hours,2013-08-05T16:02:55Z,Business Finance,11300,05-08-2013,16:02:55Z,2013,8,5
714188,"Fixed Income Valuation and Analysis, CFA L2",TRUE,20,50,6,12,All Levels,3 hours,2016-01-04T21:01:48Z,Business Finance,1000,04-01-2016,21:01:48Z,2016,1,4
548044,Corporation Tax Returns UK,TRUE,50,100,23,25,All Levels,2 hours,2015-07-23T19:21:21Z,Business Finance,5000,23-07-2015,19:21:21Z,2015,7,23
498360,Trading For Busy People,TRUE,50,99,12,26,All Levels,3 hours,2015-07-06T22:22:25Z,Business Finance,4950,06-07-2015,22:22:25Z,2015,7,6
425338,Basics of Trading,TRUE,40,99,17,27,Beginner Level,1 hour,2015-04-06T20:00:01Z,Business Finance,3960,06-04-2015,20:00:01Z,2015,4,6
164102,CFP - Introduction to Financial Planning,TRUE,30,1192,12,38,Beginner Level,12 hours,2014-02-21T06:40:28Z,Business Finance,35760,21-02-2014,06:40:28Z,2014,2,21
902888,Investment Portfolio Analysis with Python,TRUE,50,209,13,37,All Levels,7 hours,2016-07-13T21:40:32Z,Business Finance,10450,13-07-2016,21:40:32Z,2016,7,13
245822,Day Trading Market Structure Signals,FALSE,0,5529,90,5,All Levels,2 hours,2014-06-18T16:42:27Z,Business Finance,0,18-06-2014,16:42:27Z,2014,6,18
729128,Professional Bookkeeping and Accounting 3: Double Entry ,TRUE,35,81,8,33,All Levels,1 hour,2016-01-21T18:30:28Z,Business Finance,2835,21-01-2016,18:30:28Z,2016,1,21
773650,"Accounting Basics by Hector Garcia, CPA",FALSE,0,1924,120,5,Beginner Level,1 hour,2016-02-25T16:53:12Z,Business Finance,0,25-02-2016,16:53:12Z,2016,2,25
466632,Stock Markets: How I Became Rich By Changing How I Trade,TRUE,20,646,6,17,All Levels,1 hour,2015-09-13T18:57:32Z,Business Finance,12920,13-09-2015,18:57:32Z,2015,9,13
466774,Learn About Bitcoin and Bitcoin Mining,TRUE,20,520,10,9,Beginner Level,32 mins,2015-05-01T23:05:13Z,Business Finance,10400,01-05-2015,23:05:13Z,2015,5,1
442114,Take Control By Learning The Stock Market Now,TRUE,30,1440,0,21,Beginner Level,1 hour,2015-03-10T01:15:35Z,Business Finance,43200,10-03-2015,01:15:35Z,2015,3,10
781954,Cost Accounting and Financial Management - A Complete Study,TRUE,150,452,14,444,All Levels,45 hours,2016-03-04T17:04:28Z,Business Finance,67800,04-03-2016,17:04:28Z,2016,3,4
902150,Learn Global Macro Trading & Investing for Retail Investor,TRUE,75,178,16,27,All Levels,1.5 hours,2016-07-15T18:23:38Z,Business Finance,13350,15-07-2016,18:23:38Z,2016,7,15
1169188,Energiespar-Formel // Mehr Geld durch Wasser sparen Zuhause,TRUE,50,21,2,54,All Levels,1.5 hours,2017-04-14T21:55:50Z,Business Finance,1050,14-04-2017,21:55:50Z,2017,4,14
1201912,high swing - كورس لتعليم جميع مراحل احتراف تداول الفوركس,TRUE,100,12,4,17,Intermediate Level,2.5 hours,2017-05-17T16:04:00Z,Business Finance,1200,17-05-2017,16:04:00Z,2017,5,17
167316,TRADER BOT: Introdução à Linguagem MQL5,TRUE,20,209,33,33,All Levels,70 hours,2014-03-07T15:13:45Z,Business Finance,4180,07-03-2014,15:13:45Z,2014,3,7
1028656,财务分析与估值建模入门,FALSE,0,505,43,10,Beginner Level,1.5 hours,2016-12-03T14:55:06Z,Business Finance,0,03-12-2016,14:55:06Z,2016,12,3
645890,Aprende desde cero a operar el mercado de divisas FOREX,TRUE,90,16,4,24,All Levels,4 hours,2015-10-23T18:19:32Z,Business Finance,1440,23-10-2015,18:19:32Z,2015,10,23
559328,Cómo usar Metatrader 4 para hacer trading?,TRUE,20,25,1,25,All Levels,6 hours,2015-07-30T20:57:23Z,Business Finance,500,30-07-2015,20:57:23Z,2015,7,30
1225194,Zoho Books Gestion Financière d'Entreprise pas à pas,FALSE,0,229,0,33,All Levels,2 hours,2017-05-26T16:45:55Z,Business Finance,0,26-05-2017,16:45:55Z,2017,5,26
734280,Aprende a llevar la contabilidad de forma informatizada,TRUE,25,6,1,27,Beginner Level,4.5 hours,2016-02-08T16:55:55Z,Business Finance,150,08-02-2016,16:55:55Z,2016,2,8
1164568,Psicología del trading,TRUE,20,1,1,6,All Levels,36 mins,2017-05-04T23:05:55Z,Business Finance,20,04-05-2017,23:05:55Z,2017,5,4
43291,La costruzione del budget di una proposta comunitaria,TRUE,50,10,1,5,Intermediate Level,1 hour,2015-01-30T16:29:35Z,Business Finance,500,30-01-2015,16:29:35Z,2015,1,30
1034560,"Erfolgreich als Signalgeber/in, per Social- und Copytrading",TRUE,60,1,1,33,All Levels,6 hours,2016-12-13T20:39:39Z,Business Finance,60,13-12-2016,20:39:39Z,2016,12,13
871682,Aprenda  a Investir,TRUE,20,34,4,9,All Levels,8 hours,2016-06-30T16:50:25Z,Business Finance,680,30-06-2016,16:50:25Z,2016,6,30
1057040,Teeter-Totter Accounting,TRUE,90,0,0,12,Beginner Level,1 hour,2017-02-08T22:15:56Z,Business Finance,0,08-02-2017,22:15:56Z,2017,2,8
1032648,beginning accounting,TRUE,20,0,0,12,Intermediate Level,38 mins,2016-12-26T16:52:47Z,Business Finance,0,26-12-2016,16:52:47Z,2016,12,26
1087466,Stop Creditors from Harassing you and Avoid Bankruptcy,TRUE,20,0,0,7,Beginner Level,37 mins,2017-02-02T16:22:37Z,Business Finance,0,02-02-2017,16:22:37Z,2017,2,2
1058852,Learn to trade using technical analysis,TRUE,50,0,0,6,Intermediate Level,32 mins,2017-05-02T13:15:53Z,Business Finance,0,02-05-2017,13:15:53Z,2017,5,2
1083744,How to Invest Using ETFs from Former Wall Street Trader,TRUE,200,0,0,10,All Levels,2 hours,2017-02-15T22:34:00Z,Business Finance,0,15-02-2017,22:34:00Z,2017,2,15
1271430,Workshop on Banking Credit Analysis Process,TRUE,100,0,0,7,All Levels,1.5 hours,2017-06-28T23:22:27Z,Business Finance,0,28-06-2017,23:22:27Z,2017,6,28
715476,The Cuckoo Strategy to get European Funding,TRUE,160,0,0,6,All Levels,1 hour,2016-01-06T02:38:23Z,Business Finance,0,06-01-2016,02:38:23Z,2016,1,6
1219820,Accounting - The 6 most important rules you must learn,TRUE,20,0,0,9,All Levels,1 hour,2017-05-25T21:55:50Z,Business Finance,0,25-05-2017,21:55:50Z,2017,5,25
627332,Mutual Funds for Investors in Retirement Accounts,TRUE,20,0,0,0,All Levels,0,2015-12-17T05:38:38Z,Business Finance,0,17-12-2015,05:38:38Z,2015,12,17
1136038,Free Ways to Create Passive Income Online,TRUE,25,0,0,27,Beginner Level,1 hour,2017-04-17T22:33:13Z,Business Finance,0,17-04-2017,22:33:13Z,2017,4,17
1035638,Understanding Financial Statements,TRUE,25,0,0,10,All Levels,1 hour,2016-12-15T14:56:17Z,Business Finance,0,15-12-2016,14:56:17Z,2016,12,15
1232282,The Cash Flow Statement - An Introduction,TRUE,50,0,0,10,Beginner Level,1.5 hours,2017-06-28T16:05:51Z,Business Finance,0,28-06-2017,16:05:51Z,2017,6,28
41961,"Options Foundation - Time Decay, Implied Volatility, Greeks",TRUE,60,459,25,14,Beginner Level,3 hours,2013-02-17T01:48:33Z,Business Finance,27540,17-02-2013,01:48:33Z,2013,2,17
42040,Buying Call and Put Options - Options beginner strategies,TRUE,60,266,20,14,Intermediate Level,3 hours,2013-02-18T10:54:27Z,Business Finance,15960,18-02-2013,10:54:27Z,2013,2,18
1039442,How To Trade RSI Pullback Strategy: Entry To Exit (Forex),TRUE,150,104,10,21,All Levels,2 hours,2017-02-17T05:52:41Z,Business Finance,15600,17-02-2017,05:52:41Z,2017,2,17
615602,Valuation of Goodwill for CA / CFA / CMA Exams,TRUE,20,1509,0,9,All Levels,43 mins,2015-09-23T17:16:11Z,Business Finance,30180,23-09-2015,17:16:11Z,2015,9,23
235112,Forex - Catch the Big Market Moves in Forex,TRUE,20,212,25,14,Intermediate Level,1.5 hours,2014-06-02T06:52:58Z,Business Finance,4240,02-06-2014,06:52:58Z,2014,6,2
551910,SEASON 2 MQL4 Tutorial Bootcamp - Metatrader4 Trading Robots,TRUE,25,462,18,34,All Levels,1 hour,2015-07-16T00:34:53Z,Business Finance,11550,16-07-2015,00:34:53Z,2015,7,16
1051430,Intermediate Accounting 1: Easy. Fast. Simple!,TRUE,200,90,12,35,Intermediate Level,2.5 hours,2016-12-29T17:21:35Z,Business Finance,18000,29-12-2016,17:21:35Z,2016,12,29
828596,Global Macro Investing - Take Control Of The World's Markets,TRUE,30,153,41,27,Intermediate Level,2 hours,2016-05-16T21:50:20Z,Business Finance,4590,16-05-2016,21:50:20Z,2016,5,16
258894,How to Read a Balance Sheet,TRUE,50,1055,21,64,Beginner Level,3.5 hours,2014-07-11T11:40:35Z,Business Finance,52750,11-07-2014,11:40:35Z,2014,7,11
138560,Credit Repair from a Financial Institution,TRUE,20,157,13,9,All Levels,2.5 hours,2014-01-14T23:22:43Z,Business Finance,3140,14-01-2014,23:22:43Z,2014,1,14
689868,The Binary Institute -  Binary Options Trading Course,TRUE,200,103,25,12,All Levels,2.5 hours,2015-12-14T18:27:08Z,Business Finance,20600,14-12-2015,18:27:08Z,2015,12,14
1020244,Mental Models For Wall Street - Become A Better Trader,FALSE,0,1067,50,35,All Levels,2 hours,2016-12-14T21:53:28Z,Business Finance,0,14-12-2016,21:53:28Z,2016,12,14
858764,株式投資に向く性格に変えるための心理学を学ぶ,TRUE,20,58,11,28,All Levels,1.5 hours,2016-06-14T15:53:31Z,Business Finance,1160,14-06-2016,15:53:31Z,2016,6,14
941310,Matemática Financeira com HP12C e MS Excel,TRUE,20,74,17,30,Beginner Level,4.5 hours,2016-10-12T13:50:11Z,Business Finance,1480,12-10-2016,13:50:11Z,2016,10,12
1214144,¡Triunfar en La Bolsa de Valores No Requiere de Experiencia!,FALSE,0,338,7,6,Beginner Level,1 hour,2017-05-30T14:30:12Z,Business Finance,0,30-05-2017,14:30:12Z,2017,5,30
492344,Cómo Crear Políticas Contables bajo NIIF para PYMES,TRUE,20,27,5,6,All Levels,1 hour,2015-08-25T16:18:04Z,Business Finance,540,25-08-2015,16:18:04Z,2015,8,25
815672,Finanzas Personales para Vivir Libre de Deudas,TRUE,75,76,13,77,Beginner Level,6 hours,2016-04-27T17:01:52Z,Business Finance,5700,27-04-2016,17:01:52Z,2016,4,27
376712,Finanzas personales: Logrando la Libertad Financiera,TRUE,30,27,5,12,Beginner Level,2 hours,2015-01-09T15:35:12Z,Business Finance,810,09-01-2015,15:35:12Z,2015,1,9
869716,株式投資で本当のテクニカル分析ができるようになる,TRUE,20,68,10,45,Intermediate Level,2.5 hours,2016-07-01T19:53:20Z,Business Finance,1360,01-07-2016,19:53:20Z,2016,7,1
754156,Aktiver Vermögensaufbau mit ETF,TRUE,20,112,18,33,Beginner Level,2 hours,2016-02-22T15:20:36Z,Business Finance,2240,22-02-2016,15:20:36Z,2016,2,22
709816,Socorro! Preciso Organizar as Minhas Finanças!,TRUE,20,72,17,37,All Levels,1.5 hours,2016-01-08T18:06:39Z,Business Finance,1440,08-01-2016,18:06:39Z,2016,1,8
680046,Curso Completo de Opciones Binarias: Estrategias 90% Acierto,TRUE,145,335,16,26,All Levels,1.5 hours,2015-12-16T16:51:50Z,Business Finance,48575,16-12-2015,16:51:50Z,2015,12,16
1138162,Le basi del Trading,TRUE,200,22,5,18,All Levels,3.5 hours,2017-03-11T00:58:58Z,Business Finance,4400,11-03-2017,00:58:58Z,2017,3,11
829182,【個人事業主向け】青色申告の記帳を自力で行うための複式簿記の基本,TRUE,30,41,3,37,Beginner Level,3 hours,2016-05-25T16:12:15Z,Business Finance,1230,25-05-2016,16:12:15Z,2016,5,25
1163242,Profit and Loss Account for bankers and credit analysts,TRUE,20,1,0,31,Beginner Level,7.5 hours,2017-04-23T22:07:02Z,Business Finance,20,23-04-2017,22:07:02Z,2017,4,23
46933,Business Accounts For Managers,TRUE,30,16,0,23,Beginner Level,3 hours,2013-04-23T13:07:51Z,Business Finance,480,23-04-2013,13:07:51Z,2013,4,23
954842,Black Scholes Option Pricing Model,TRUE,25,3,0,10,Beginner Level,1 hour,2017-05-03T16:42:34Z,Business Finance,75,03-05-2017,16:42:34Z,2017,5,3
868112,Chief Wealth Officer,TRUE,45,4,0,7,Beginner Level,1 hour,2016-06-03T22:38:05Z,Business Finance,180,03-06-2016,22:38:05Z,2016,6,3
1056242,Practical Accounts Training A,TRUE,35,2,0,127,Intermediate Level,31.5 hours,2017-01-18T18:52:11Z,Business Finance,70,18-01-2017,18:52:11Z,2017,1,18
113712,International Trade and New Geographic Economy,TRUE,20,12,1,6,All Levels,32 mins,2013-12-05T20:10:14Z,Business Finance,240,05-12-2013,20:10:14Z,2013,12,5
146454,2. Principles of Simple Interest - advanced problems,TRUE,20,10,1,12,Intermediate Level,1.5 hours,2014-01-20T21:56:35Z,Business Finance,200,20-01-2014,21:56:35Z,2014,1,20
56926,School of Raising Capital: Agile Financial Modeling,TRUE,20,12,1,11,All Levels,1.5 hours,2013-06-28T16:41:04Z,Business Finance,240,28-06-2013,16:41:04Z,2013,6,28
589778,How to Read Financial Statements,TRUE,20,5,2,59,Beginner Level,2 hours,2015-08-23T20:13:45Z,Business Finance,100,23-08-2015,20:13:45Z,2015,8,23
1113702,"Intro. to Asset-Backed Securities, CFA Level I,  2017 Prep",TRUE,20,1,0,13,All Levels,3 hours,2017-03-27T19:59:34Z,Business Finance,20,27-03-2017,19:59:34Z,2017,3,27
1072220,Reach Your Personal Financial Goals the Easy Way (2017 UK),TRUE,95,2,0,59,All Levels,4.5 hours,2017-05-22T23:58:16Z,Business Finance,190,22-05-2017,23:58:16Z,2017,5,22
101038,Bitesize Bookkeeping for busy people,TRUE,20,9,0,13,Beginner Level,1.5 hours,2015-03-29T18:18:33Z,Business Finance,180,29-03-2015,18:18:33Z,2015,3,29
417088,Do Your Own Accounts,TRUE,35,42,2,13,All Levels,1.5 hours,2015-02-13T09:56:58Z,Business Finance,1470,13-02-2015,09:56:58Z,2015,2,13
258954,CFA Level 1 - Derivatives,TRUE,30,110,6,25,All Levels,4 hours,2014-07-21T10:31:02Z,Business Finance,3300,21-07-2014,10:31:02Z,2014,7,21
298044,Accounting for everyone! ,TRUE,35,420,2,14,Beginner Level,1 hour,2014-11-19T00:34:25Z,Business Finance,14700,19-11-2014,00:34:25Z,2014,11,19
593962,Stock Fundamental Analysis with Excel,TRUE,50,206,13,50,All Levels,10 hours,2015-09-15T21:56:38Z,Business Finance,10300,15-09-2015,21:56:38Z,2015,9,15
941520,Financial Accounting For Beginners,TRUE,60,164,3,22,All Levels,1.5 hours,2016-09-25T18:41:49Z,Business Finance,9840,25-09-2016,18:41:49Z,2016,9,25
64173,Trading: How Transformative Learning Drives Expertise,TRUE,30,69,2,16,All Levels,1 hour,2013-07-15T17:20:29Z,Business Finance,2070,15-07-2013,17:20:29Z,2013,7,15
371828,Manual Bookkeeping,TRUE,20,28,2,26,Intermediate Level,2.5 hours,2015-07-24T20:42:34Z,Business Finance,560,24-07-2015,20:42:34Z,2015,7,24
974954,Numeracy skills in business and everyday life:Think and Deal,TRUE,20,90,4,15,Beginner Level,38 mins,2016-10-11T19:36:43Z,Business Finance,1800,11-10-2016,19:36:43Z,2016,10,11
818572,Financial Modelling in Excel Step by Step,TRUE,20,13,2,17,Intermediate Level,1.5 hours,2016-05-05T16:50:07Z,Business Finance,260,05-05-2016,16:50:07Z,2016,5,5
115752,Straight From Business School: Create Financial Statements,TRUE,20,31,2,5,Beginner Level,1 hour,2013-11-28T01:07:56Z,Business Finance,620,28-11-2013,01:07:56Z,2013,11,28
731150,How To Pay Less Tax (UK version),TRUE,50,13,2,98,All Levels,31 mins,2016-01-19T18:20:04Z,Business Finance,650,19-01-2016,18:20:04Z,2016,1,19
627772,Interpreting financial statements,FALSE,0,2119,111,54,All Levels,2 hours,2015-10-28T18:25:41Z,Business Finance,0,28-10-2015,18:25:41Z,2015,10,28
850726,Forex trading with binary options,TRUE,25,136,28,21,All Levels,3 hours,2016-05-16T21:40:10Z,Business Finance,3400,16-05-2016,21:40:10Z,2016,5,16
136244,Triple P Trading Course,TRUE,20,797,15,16,All Levels,3 hours,2013-12-24T04:53:53Z,Business Finance,15940,24-12-2013,04:53:53Z,2013,12,24
485889,Cost Accounting - A Comprehensive Study,TRUE,180,503,43,286,All Levels,29.5 hours,2015-04-26T23:46:55Z,Business Finance,90540,26-04-2015,23:46:55Z,2015,4,26
507778,How to become a successful day trader,TRUE,95,1150,6,27,All Levels,2.5 hours,2015-05-25T23:32:56Z,Business Finance,109250,25-05-2015,23:32:56Z,2015,5,25
422918,Essentials of Finance and Investment in 2 hours,TRUE,20,1403,6,14,Beginner Level,2 hours,2015-06-01T21:48:13Z,Business Finance,28060,01-06-2015,21:48:13Z,2015,6,1
362530,Public Speaking: You Can Give Great Financial Presentations,TRUE,20,916,6,23,All Levels,6.5 hours,2014-12-11T06:00:27Z,Business Finance,18320,11-12-2014,06:00:27Z,2014,12,11
579642,Professional Trading - Consistent Profits with Low Risk!,TRUE,20,627,5,27,All Levels,1 hour,2015-10-17T05:44:17Z,Business Finance,12540,17-10-2015,05:44:17Z,2015,10,17
1022796,Trading for winning,TRUE,200,168,7,27,All Levels,2 hours,2017-01-23T05:18:48Z,Business Finance,33600,23-01-2017,05:18:48Z,2017,1,23
793084,Succeed in Stocks Even if you Don't Know Where to Start,FALSE,0,2554,20,10,Beginner Level,1 hour,2017-03-09T04:55:24Z,Business Finance,0,09-03-2017,04:55:24Z,2017,3,9
881062,Options Basics & Trading With Small Capital! - Level 1,TRUE,30,120,17,19,Beginner Level,2 hours,2016-07-26T20:26:58Z,Business Finance,3600,26-07-2016,20:26:58Z,2016,7,26
838260,Forex trading Basic to advance Professional Level course,TRUE,20,750,13,28,All Levels,2.5 hours,2016-05-05T19:34:08Z,Business Finance,15000,05-05-2016,19:34:08Z,2016,5,5
380542,Day Trading in Stocks: Strategies for Beginner Investors,TRUE,50,217,19,9,All Levels,2 hours,2015-01-08T17:52:16Z,Business Finance,10850,08-01-2015,17:52:16Z,2015,1,8
772480,Learn to Trade Forex Big U-Turn Trade,TRUE,50,106,13,12,Beginner Level,1 hour,2016-02-24T18:44:24Z,Business Finance,5300,24-02-2016,18:44:24Z,2016,2,24
576906,"Technical Analysis Primer for trading Stocks, Bonds & Forex",TRUE,50,397,4,36,Beginner Level,3 hours,2015-11-23T19:16:33Z,Business Finance,19850,23-11-2015,19:16:33Z,2015,11,23
410196,DIY: Reduce Unpaid Federal Tax thru  IRS Offer in Compromise,TRUE,20,44,3,8,All Levels,1 hour,2015-03-26T18:20:18Z,Business Finance,880,26-03-2015,18:20:18Z,2015,3,26
581662,Stock Trading with this Strategy,TRUE,50,30,3,6,All Levels,1 hour,2015-08-13T21:52:16Z,Business Finance,1500,13-08-2015,21:52:16Z,2015,8,13
1088102,The Psychology of Trading,TRUE,20,95,3,20,All Levels,1 hour,2017-02-02T03:58:36Z,Business Finance,1900,02-02-2017,03:58:36Z,2017,2,2
788756,Professional Forex Strategy+2 weeks for FREE trading alerts,TRUE,95,55,9,15,All Levels,1 hour,2016-03-29T17:23:29Z,Business Finance,5225,29-03-2016,17:23:29Z,2016,3,29
380206,Stock Trading Essentials for Day Traders,TRUE,100,94,15,9,All Levels,1 hour,2015-01-08T17:40:22Z,Business Finance,9400,08-01-2015,17:40:22Z,2015,1,8
160322,Basics of Finance and Budgeting,TRUE,20,578,7,34,Beginner Level,6 hours,2014-05-19T04:02:10Z,Business Finance,11560,19-05-2014,04:02:10Z,2014,5,19
610812,Portfolio Management CFA L1 2016,TRUE,20,393,5,34,All Levels,5 hours,2015-09-15T20:48:19Z,Business Finance,7860,15-09-2015,20:48:19Z,2015,9,15
288256,"Trade Stocks, Forex & Financial Markets like a Professional",TRUE,20,116,6,12,All Levels,3 hours,2014-08-28T15:02:35Z,Business Finance,2320,28-08-2014,15:02:35Z,2014,8,28
662996,The Tax Advantaged Investor: A Guide to Legal Tax Reduction!,FALSE,0,1888,42,25,All Levels,2 hours,2015-12-17T05:22:24Z,Business Finance,0,17-12-2015,05:22:24Z,2015,12,17
1259396,Test your knowledge in Financial Management,TRUE,30,20,0,0,All Levels,82 questions,2017-06-21T05:05:10Z,Business Finance,600,21-06-2017,05:05:10Z,2017,6,21
101234,The Smart Option Trader,TRUE,45,412,19,74,All Levels,13 hours,2013-10-10T22:02:48Z,Business Finance,18540,10-10-2013,22:02:48Z,2013,10,10
1113442,Beginners Chart Patterns Trading for Penny Stocks,TRUE,200,40,7,26,Beginner Level,1.5 hours,2017-02-22T05:37:40Z,Business Finance,8000,22-02-2017,05:37:40Z,2017,2,22
746366,Financial Statements: Learn Accounting. Unlock the Numbers.,TRUE,40,222,12,35,Beginner Level,3 hours,2016-02-17T17:55:46Z,Business Finance,8880,17-02-2016,17:55:46Z,2016,2,17
186556,CFA® Level 1 2014 – Alternative Investments,TRUE,30,831,1,13,All Levels,2 hours,2014-04-14T11:27:09Z,Business Finance,24930,14-04-2014,11:27:09Z,2014,4,14
179500,Interest Rate Swaps,TRUE,50,485,24,20,All Levels,3.5 hours,2014-03-11T18:08:54Z,Business Finance,24250,11-03-2014,18:08:54Z,2014,3,11
304000,Financial Modelling for entrepreneurs,TRUE,20,232,7,17,All Levels,1 hour,2014-09-20T08:26:56Z,Business Finance,4640,20-09-2014,08:26:56Z,2014,9,20
334838,Economics - CFA Level 1 - 2014,TRUE,20,135,20,24,Beginner Level,4 hours,2014-11-08T13:48:00Z,Business Finance,2700,08-11-2014,13:48:00Z,2014,11,8
302456,Bookkeeping Made Simple,TRUE,40,61,16,22,All Levels,2.5 hours,2015-07-16T20:51:43Z,Business Finance,2440,16-07-2015,20:51:43Z,2015,7,16
537748,What is Bitcoin,TRUE,20,61,3,27,All Levels,5 hours,2015-07-09T00:07:44Z,Business Finance,1220,09-07-2015,00:07:44Z,2015,7,9
378464,Accounting for CA CPT Exams Part I,TRUE,50,874,2,120,All Levels,13.5 hours,2014-12-27T11:10:19Z,Business Finance,43700,27-12-2014,11:10:19Z,2014,12,27
532216,Raising Capital for Your Business,TRUE,50,22,5,60,All Levels,2.5 hours,2015-08-03T22:46:45Z,Business Finance,1100,03-08-2015,22:46:45Z,2015,8,3
41973,"Silver, Gold, and Inflation",FALSE,0,5597,76,11,Beginner Level,1 hour,2013-02-16T16:08:05Z,Business Finance,0,16-02-2013,16:08:05Z,2013,2,16
138004,Accounting Concepts For Technocrats,TRUE,20,261,2,35,Beginner Level,2.5 hours,2013-12-26T12:41:50Z,Business Finance,5220,26-12-2013,12:41:50Z,2013,12,26
94532,Beginner Financial Analysis: Invest Like Warren Buffett,TRUE,50,83,4,19,Beginner Level,41 mins,2014-03-10T21:49:34Z,Business Finance,4150,10-03-2014,21:49:34Z,2014,3,10
467238,Advance Technical Analysis,TRUE,50,152,6,14,Expert Level,3.5 hours,2015-04-08T18:11:52Z,Business Finance,7600,08-04-2015,18:11:52Z,2015,4,8
850294,The Everyday Investor: Building Wealth with Venture Capital,TRUE,20,176,2,12,Intermediate Level,2.5 hours,2016-06-07T01:34:54Z,Business Finance,3520,07-06-2016,01:34:54Z,2016,6,7
1110256,QuickBooks Online : Inventory Management For Non-Finance,TRUE,35,8,4,10,All Levels,40 mins,2017-04-20T22:15:19Z,Business Finance,280,20-04-2017,22:15:19Z,2017,4,20
439210,Law Matters,TRUE,20,327,1,12,Beginner Level,27 mins,2015-03-27T17:16:21Z,Business Finance,6540,27-03-2015,17:16:21Z,2015,3,27
597164,Learn to Trade for Profit: Finding Winning Stocks - Chinese,TRUE,95,264,0,79,All Levels,3 hours,2015-10-08T17:04:03Z,Business Finance,25080,08-10-2015,17:04:03Z,2015,10,8
773502,Financial Accounting Part 2 - Passing The Class,TRUE,20,15,4,36,Beginner Level,4.5 hours,2017-05-01T22:58:40Z,Business Finance,300,01-05-2017,22:58:40Z,2017,5,1
262818,Simple Options Trading System,TRUE,35,104,2,16,Intermediate Level,1.5 hours,2014-07-31T20:25:42Z,Business Finance,3640,31-07-2014,20:25:42Z,2014,7,31
255046,Investments and Financial Markets,TRUE,40,71,3,19,Beginner Level,1.5 hours,2014-07-22T19:08:41Z,Business Finance,2840,22-07-2014,19:08:41Z,2014,7,22
295909,Legal Accounting,TRUE,110,26,6,49,All Levels,4 hours,2014-09-21T04:58:16Z,Business Finance,2860,21-09-2014,04:58:16Z,2014,9,21
1153876,"Term Loan Appraisal for bankers, credit analysts",TRUE,20,11,2,28,Beginner Level,6.5 hours,2017-04-03T16:53:57Z,Business Finance,220,03-04-2017,16:53:57Z,2017,4,3
83736,Small Biz Doers' Guide to Small Biz Accounting + Bookkeeping,TRUE,20,1294,7,58,Beginner Level,5.5 hours,2013-08-28T03:28:52Z,Business Finance,25880,28-08-2013,03:28:52Z,2013,8,28
75182,Trade Show Samurai,TRUE,95,32,7,7,All Levels,31 mins,2013-08-29T15:44:46Z,Business Finance,3040,29-08-2013,15:44:46Z,2013,8,29
236070,Forex Harmonic Trading- With Multiple Forex Chart Examples,TRUE,135,313,16,25,All Levels,2.5 hours,2016-11-28T17:21:07Z,Business Finance,42255,28-11-2016,17:21:07Z,2016,11,28
788796,The Cost of Capital: The Key To Attract Venture Capitalists,TRUE,50,635,4,6,All Levels,41 mins,2016-03-22T20:47:21Z,Business Finance,31750,22-03-2016,20:47:21Z,2016,3,22
508796,Accounting for School Students,TRUE,30,1311,2,12,All Levels,1.5 hours,2015-05-22T23:32:56Z,Business Finance,39330,22-05-2015,23:32:56Z,2015,5,22
739910,Learn To Trade The Forex Naked Price Action Acapulco Trade,TRUE,70,288,9,13,Intermediate Level,1 hour,2016-01-25T18:11:00Z,Business Finance,20160,25-01-2016,18:11:00Z,2016,1,25
725872,Certificate in MYOB AccountRight Premier 2017 Course,TRUE,200,97,18,29,All Levels,3 hours,2016-03-10T23:45:35Z,Business Finance,19400,10-03-2016,23:45:35Z,2016,3,10
894336,Master The Psychology of Forex & Binary Options Trading,TRUE,20,53,16,7,Intermediate Level,1 hour,2016-07-04T18:47:36Z,Business Finance,1060,04-07-2016,18:47:36Z,2016,7,4
334820,Learn to Pick the Right Stock Broker Account,TRUE,40,1102,3,14,Beginner Level,34 mins,2014-12-24T21:50:11Z,Business Finance,44080,24-12-2014,21:50:11Z,2014,12,24
619786,Profit During Crashing Markets: A Step-by-Step Guide,TRUE,195,57,11,18,All Levels,1 hour,2016-05-16T21:38:56Z,Business Finance,11115,16-05-2016,21:38:56Z,2016,5,16
179820,Introduction to Futures & Options,TRUE,50,694,35,27,All Levels,4.5 hours,2014-03-11T17:06:53Z,Business Finance,34700,11-03-2014,17:06:53Z,2014,3,11
322332,Learn To Invest In 7 Steps,TRUE,50,137,14,21,Beginner Level,3 hours,2015-03-29T21:12:54Z,Business Finance,6850,29-03-2015,21:12:54Z,2015,3,29
597424,Sell like a Pro: Insider Secrets of Successful Selling!,TRUE,115,12,1,25,All Levels,2.5 hours,2016-11-01T15:47:26Z,Business Finance,1380,01-11-2016,15:47:26Z,2016,11,1
1089610,3 Little Pigs: A Multiple Timeframe Forex Trading Strategy,TRUE,20,18,0,6,All Levels,1.5 hours,2017-02-24T16:33:34Z,Business Finance,360,24-02-2017,16:33:34Z,2017,2,24
166842,6. Annuities Due and Deferred,TRUE,20,170,0,16,All Levels,1.5 hours,2014-02-24T13:53:23Z,Business Finance,3400,24-02-2014,13:53:23Z,2014,2,24
408232,CFA® Level 1 2014 – Quantitative Methods,TRUE,50,119,0,27,All Levels,5 hours,2015-02-26T10:06:11Z,Business Finance,5950,26-02-2015,10:06:11Z,2015,2,26
249376,IFRIC 13-Customer Loyalty Programmes (Revenue),FALSE,0,2058,22,6,All Levels,36 mins,2014-07-05T19:43:15Z,Business Finance,0,05-07-2014,19:43:15Z,2014,7,5
231256,FOREX Currency Trading For Beginners,TRUE,25,35,2,28,Beginner Level,4 hours,2014-06-17T22:18:21Z,Business Finance,875,17-06-2014,22:18:21Z,2014,6,17
479496,Basic Technical Analysis,TRUE,50,40,1,27,Beginner Level,2.5 hours,2015-08-05T17:19:03Z,Business Finance,2000,05-08-2015,17:19:03Z,2015,8,5
944534,Forex:Trade Management & Psychology,TRUE,150,13,0,19,Intermediate Level,2 hours,2016-09-21T19:07:06Z,Business Finance,1950,21-09-2016,19:07:06Z,2016,9,21
1153854,"Working Capital assessment for bankers, credit analysts",TRUE,20,4,0,29,Beginner Level,7 hours,2017-04-06T23:30:07Z,Business Finance,80,06-04-2017,23:30:07Z,2017,4,6
74028,"CFA Level I Workshop 6: Alternatives, PM and Economics ",TRUE,20,71,1,5,All Levels,1 hour,2013-08-12T14:20:49Z,Business Finance,1420,12-08-2013,14:20:49Z,2013,8,12
73962,CFA Level I Workshop 3: Financial Reporting & Analysis II,TRUE,20,71,1,5,All Levels,1 hour,2013-08-12T13:31:41Z,Business Finance,1420,12-08-2013,13:31:41Z,2013,8,12
1156530,How to trade in the Forex market,TRUE,200,6,0,39,Intermediate Level,2.5 hours,2017-03-29T16:19:49Z,Business Finance,1200,29-03-2017,16:19:49Z,2017,3,29
1097288,Bookkeeping Practicals with Software,TRUE,35,1,0,130,Intermediate Level,31.5 hours,2017-02-07T00:16:24Z,Business Finance,35,07-02-2017,00:16:24Z,2017,2,7
614668,8 Steps To Achieve Financial Freedom And Escape Debt,TRUE,40,5,0,48,Beginner Level,5.5 hours,2015-11-13T17:43:47Z,Business Finance,200,13-11-2015,17:43:47Z,2015,11,13
1082352,Trading Basics in 30 minutes,TRUE,50,1,0,6,Beginner Level,32 mins,2017-02-26T21:59:25Z,Business Finance,50,26-02-2017,21:59:25Z,2017,2,26
625670,Technical Charting,TRUE,20,4,1,6,Intermediate Level,1 hour,2015-11-02T20:23:54Z,Business Finance,80,02-11-2015,20:23:54Z,2015,11,2
35409,Profits Turbo,TRUE,20,10,0,7,Intermediate Level,5.5 hours,2013-06-03T15:35:46Z,Business Finance,200,03-06-2013,15:35:46Z,2013,6,3
250902,Nest Egg Investing,TRUE,45,6,0,12,Beginner Level,2 hours,2014-06-27T15:15:12Z,Business Finance,270,27-06-2014,15:15:12Z,2014,6,27
1010988,Economics for beginners - Various Concepts,TRUE,25,2,0,34,Beginner Level,2.5 hours,2017-01-02T14:58:36Z,Business Finance,50,02-01-2017,14:58:36Z,2017,1,2
855816,Investing in Stocks & Shares,TRUE,20,2,0,24,Beginner Level,2 hours,2016-05-23T06:21:40Z,Business Finance,40,23-05-2016,06:21:40Z,2016,5,23
813360,Learn Financial Modeling from Scratch - Part 2,TRUE,50,2,1,27,All Levels,3.5 hours,2016-04-07T15:15:10Z,Business Finance,100,07-04-2016,15:15:10Z,2016,4,7
813516,Learn Financial Modeling from Scratch - Part 3,TRUE,50,2,0,22,All Levels,2 hours,2016-04-07T14:59:39Z,Business Finance,100,07-04-2016,14:59:39Z,2016,4,7
302484,A Practical Guide to Wealth Creation,TRUE,35,6,0,7,All Levels,1 hour,2016-11-18T14:51:43Z,Business Finance,210,18-11-2016,14:51:43Z,2016,11,18
861764,"'Geometry Of Chance strategy of defeating the roulette.""",TRUE,30,2,1,10,Intermediate Level,1.5 hours,2016-06-28T17:51:41Z,Business Finance,60,28-06-2016,17:51:41Z,2016,6,28
765238,Trading Algorítmico en Forex: Crea tu primer Robot de Forex!,TRUE,170,206,39,39,All Levels,6.5 hours,2016-03-12T04:31:12Z,Business Finance,35020,12-03-2016,04:31:12Z,2016,3,12
542950,MQL4 Bootcamp Tutorial- Trading Robot Coding in Metatrader4,TRUE,20,313,14,25,Beginner Level,1 hour,2015-07-05T17:54:35Z,Business Finance,6260,05-07-2015,17:54:35Z,2015,7,5
307080,Introducción a la contabilidad,TRUE,20,193,19,14,Beginner Level,1 hour,2014-12-17T12:50:58Z,Business Finance,3860,17-12-2014,12:50:58Z,2014,12,17
469848,Einnahmen aus Udemy-Kursen als Dozent korrekt versteuern,TRUE,30,66,16,11,Beginner Level,1 hour,2015-04-09T18:14:44Z,Business Finance,1980,09-04-2015,18:14:44Z,2015,4,9
581498,Contabilidad Gubernamental en México,TRUE,30,270,22,24,All Levels,3.5 hours,2015-08-14T19:29:24Z,Business Finance,8100,14-08-2015,19:29:24Z,2015,8,14
849896,株式投資に必要なスキルの学習手順を学ぶ,TRUE,20,139,36,29,Beginner Level,2 hours,2016-06-09T15:18:03Z,Business Finance,2780,09-06-2016,15:18:03Z,2016,6,9
1174084,Formação de preços em serviços,TRUE,35,77,5,28,Intermediate Level,2 hours,2017-04-26T05:08:15Z,Business Finance,2695,26-04-2017,05:08:15Z,2017,4,26
801702,"Geld verdienen mit dem Ticken der Uhr, wie Warren Buffett!",TRUE,195,225,41,33,All Levels,5 hours,2016-03-30T01:44:45Z,Business Finance,43875,30-03-2016,01:44:45Z,2016,3,30
786984,Торговля дельта-нейтральными стренглами,TRUE,150,23,6,25,All Levels,1.5 hours,2016-03-10T22:29:13Z,Business Finance,3450,10-03-2016,22:29:13Z,2016,3,10
255592,Guía práctica para comprar acciones en la Bolsa de USA,FALSE,0,4876,210,36,Intermediate Level,4.5 hours,2014-09-11T02:28:27Z,Business Finance,0,11-09-2014,02:28:27Z,2014,9,11
514844,Contabilidad Financiera: Conoce el Lenguaje de los Negocios.,TRUE,20,244,13,21,Beginner Level,2.5 hours,2015-06-16T16:31:01Z,Business Finance,4880,16-06-2015,16:31:01Z,2015,6,16
998706,Curso de Day Trader para Iniciantes,FALSE,0,1278,200,13,Beginner Level,1.5 hours,2016-11-03T13:44:03Z,Business Finance,0,03-11-2016,13:44:03Z,2016,11,3
644020,Curso de Iniciación al Trading,TRUE,85,31,5,40,All Levels,10.5 hours,2015-11-26T05:26:14Z,Business Finance,2635,26-11-2015,05:26:14Z,2015,11,26
1250742,Complete GST Course For Small and Medium Enterprises,TRUE,75,8,0,45,Beginner Level,6 hours,2017-06-14T16:32:26Z,Business Finance,600,14-06-2017,16:32:26Z,2017,6,14
54246,3 documentos clave para administrar tu empresa con éxito,TRUE,45,40,6,18,Intermediate Level,1 hour,2013-05-16T10:03:47Z,Business Finance,1800,16-05-2013,10:03:47Z,2013,5,16
805630,Forex/Opciones Binarias para Principiantes,TRUE,25,9,5,9,Beginner Level,2 hours,2016-04-01T21:22:52Z,Business Finance,225,01-04-2016,21:22:52Z,2016,4,1
315716,15 Mandamientos para ganar dinero en Bolsa,TRUE,20,45,2,49,All Levels,8.5 hours,2014-10-14T17:33:27Z,Business Finance,900,14-10-2014,17:33:27Z,2014,10,14
1124276,Le bitcoin et la blockchain,TRUE,80,13,3,12,All Levels,44 mins,2017-03-13T23:49:47Z,Business Finance,1040,13-03-2017,23:49:47Z,2017,3,13
1227792,Contabilità Generale,TRUE,200,4,1,40,All Levels,8.5 hours,2017-05-29T23:47:21Z,Business Finance,800,29-05-2017,23:47:21Z,2017,5,29
769340,Торговля опционами: Как заработать на волатильности,TRUE,150,20,5,29,All Levels,2 hours,2016-02-25T19:57:33Z,Business Finance,3000,25-02-2016,19:57:33Z,2016,2,25
737182,Estrategias de Inversión aplicadas al mundo del trading,TRUE,20,9,2,25,All Levels,3 hours,2016-05-26T21:11:53Z,Business Finance,180,26-05-2016,21:11:53Z,2016,5,26
960786,バイナリーオプション取引,TRUE,85,29,3,24,All Levels,39 mins,2016-11-28T17:50:49Z,Business Finance,2465,28-11-2016,17:50:49Z,2016,11,28
657050,Caza los Enormes Movimientos del Mercado,TRUE,20,6,2,13,All Levels,1.5 hours,2015-11-12T04:52:21Z,Business Finance,120,12-11-2015,04:52:21Z,2015,11,12
1196700,Le basi del trading online,TRUE,45,7,1,27,Beginner Level,3.5 hours,2017-05-31T17:02:09Z,Business Finance,315,31-05-2017,17:02:09Z,2017,5,31
1137310,自分に合った投資信託を見つけよう！,TRUE,25,859,49,23,Beginner Level,2 hours,2017-03-31T17:41:24Z,Business Finance,21475,31-03-2017,17:41:24Z,2017,3,31
632368,Monatlich Geld anlegen für später!,TRUE,30,5983,135,7,Beginner Level,37 mins,2015-10-06T20:05:20Z,Business Finance,179490,06-10-2015,20:05:20Z,2015,10,6
571730,Invierte en la Bolsa Mexicana y de USA,TRUE,200,1673,547,40,Beginner Level,5.5 hours,2015-08-10T18:43:10Z,Business Finance,334600,10-08-2015,18:43:10Z,2015,8,10
720994,Gestão Financeira Para Pequenas e Médias Empresas,TRUE,115,1284,230,45,All Levels,4.5 hours,2016-01-29T01:16:05Z,Business Finance,147660,29-01-2016,01:16:05Z,2016,1,29
1080466,Curso Completo de Bitcoin - Ganhe 0.00005 Bitcoin,TRUE,30,394,109,73,All Levels,5.5 hours,2017-02-06T13:59:35Z,Business Finance,11820,06-02-2017,13:59:35Z,2017,2,6
907416,Tudo sobre Investimentos em Renda Fixa,TRUE,45,689,145,16,All Levels,2 hours,2016-08-22T14:42:20Z,Business Finance,31005,22-08-2016,14:42:20Z,2016,8,22
1062144,Aprende a invertir sin capital,TRUE,130,649,37,29,Beginner Level,1.5 hours,2017-05-01T21:29:37Z,Business Finance,84370,01-05-2017,21:29:37Z,2017,5,1
1097486,Apprendre à trader sur le marché du Forex - guide complet,TRUE,140,187,47,38,Beginner Level,3 hours,2017-03-07T00:23:20Z,Business Finance,26180,07-03-2017,00:23:20Z,2017,3,7
396890,Introducción a las Finanzas,TRUE,30,1798,40,15,Beginner Level,1.5 hours,2015-01-27T20:20:34Z,Business Finance,53940,27-01-2015,20:20:34Z,2015,1,27
945194,Finanzielle Unabhängigkeit-1: Erste Schritte zur Million,TRUE,20,465,51,28,Beginner Level,1 hour,2016-09-12T21:20:45Z,Business Finance,9300,12-09-2016,21:20:45Z,2016,9,12
598846,Forex para Principiantes-Ejemplos en VIVO de Trading Real,TRUE,140,813,94,52,Beginner Level,5 hours,2015-10-05T16:19:45Z,Business Finance,113820,05-10-2015,16:19:45Z,2015,10,5
950750,Finanzielle Unabhängigkeit-3 Millionär werden mit Immobilien,TRUE,20,326,23,14,Expert Level,1 hour,2016-09-12T21:20:48Z,Business Finance,6520,12-09-2016,21:20:48Z,2016,9,12
740764,Introduction to Health Financing,TRUE,85,26,1,17,Beginner Level,2 hours,2016-05-17T19:10:41Z,Business Finance,2210,17-05-2016,19:10:41Z,2016,5,17
739972,Accounting Cycle: Learn the concepts in 60 minutes,TRUE,20,26,3,14,All Levels,1 hour,2016-01-26T22:07:31Z,Business Finance,520,26-01-2016,22:07:31Z,2016,1,26
464002,Optimize! Make Best Decisions with Microsoft Excel,TRUE,20,28,3,14,Expert Level,1 hour,2015-04-01T18:09:44Z,Business Finance,560,01-04-2015,18:09:44Z,2015,4,1
343818,Understanding The Stock Market: For Beginners,TRUE,25,122,2,36,Beginner Level,7.5 hours,2014-11-18T18:43:41Z,Business Finance,3050,18-11-2014,18:43:41Z,2014,11,18
434100,CFA® Level 1 2014 – FI,TRUE,40,149,0,49,All Levels,4.5 hours,2015-03-08T22:31:50Z,Business Finance,5960,08-03-2015,22:31:50Z,2015,3,8
158140,9. Sinking Funds,TRUE,20,205,1,5,All Levels,1 hour,2014-02-11T18:08:38Z,Business Finance,4100,11-02-2014,18:08:38Z,2014,2,11
1141708,Managerial Accounting - The Ultimate Beginner Course!,TRUE,100,11,0,121,Beginner Level,11 hours,2017-04-13T00:20:15Z,Business Finance,1100,13-04-2017,00:20:15Z,2017,4,13
1240408,Forex Trading for Beginners Vol 1:A Forex Course Made Simple,TRUE,175,3,0,27,Beginner Level,1 hour,2017-07-04T22:23:09Z,Business Finance,525,04-07-2017,22:23:09Z,2017,7,4
557208,Accounting - Basic Costing ,TRUE,40,108,2,37,Beginner Level,3.5 hours,2015-08-04T18:45:56Z,Business Finance,4320,04-08-2015,18:45:56Z,2015,8,4
1178150,"Double Your Salary With Free, Local, Job Training Courses",TRUE,20,8,1,8,All Levels,1 hour,2017-04-17T16:33:31Z,Business Finance,160,17-04-2017,16:33:31Z,2017,4,17
93850,Financial Modeling - Facebook Case Study,TRUE,25,9,3,13,All Levels,1.5 hours,2013-10-02T05:31:08Z,Business Finance,225,02-10-2013,05:31:08Z,2013,10,2
429080,Understanding Financial Derivatives,TRUE,20,16,1,11,Intermediate Level,2 hours,2017-03-24T22:25:11Z,Business Finance,320,24-03-2017,22:25:11Z,2017,3,24
914164,Forex Basics: Learn how to read and analyze Forex charts,TRUE,195,11,0,45,Beginner Level,4.5 hours,2016-09-22T16:40:03Z,Business Finance,2145,22-09-2016,16:40:03Z,2016,9,22
876898,Forex - Help I cant Trade,TRUE,200,12,0,20,All Levels,2 hours,2016-10-18T18:51:48Z,Business Finance,2400,18-10-2016,18:51:48Z,2016,10,18
877968,Start-up financial modeling for non-finance professionals,TRUE,20,11,0,19,All Levels,4 hours,2016-06-20T21:49:39Z,Business Finance,220,20-06-2016,21:49:39Z,2016,6,20
1230950,The Fast Route to a Faster Financial Close,TRUE,50,2,0,8,Intermediate Level,1.5 hours,2017-06-23T22:05:17Z,Business Finance,100,23-06-2017,22:05:17Z,2017,6,23
953432,Easy Finance For Startups,TRUE,50,9,4,6,Beginner Level,40 mins,2016-10-16T21:15:15Z,Business Finance,450,16-10-2016,21:15:15Z,2016,10,16
872204,"Excel 4 Accounting & Bookkeeping - Master Date,Time & Text",TRUE,35,15,1,12,All Levels,1 hour,2016-06-27T21:19:23Z,Business Finance,525,27-06-2016,21:19:23Z,2016,6,27
1027678,"Depreciation, Amortization and Depletion",TRUE,25,7,1,13,Intermediate Level,1 hour,2017-03-06T23:59:02Z,Business Finance,175,06-03-2017,23:59:02Z,2017,3,6
304420,Breakeven Analysis and Pricing,TRUE,20,27,2,10,All Levels,1 hour,2014-09-22T04:32:37Z,Business Finance,540,22-09-2014,04:32:37Z,2014,9,22
1078254,Tally ERP Complete Training in Urdu / Hindi,TRUE,30,5,2,51,All Levels,5 hours,2017-02-02T17:03:27Z,Business Finance,150,02-02-2017,17:03:27Z,2017,2,2
1193288,Accounting Simplified,TRUE,30,3,0,41,All Levels,8.5 hours,2017-05-03T16:14:01Z,Business Finance,90,03-05-2017,16:14:01Z,2017,5,3
1106148,Series 7: Intermediate Options,TRUE,55,5,0,11,Intermediate Level,1 hour,2017-04-17T22:33:36Z,Business Finance,275,17-04-2017,22:33:36Z,2017,4,17
1029322,Accounting and Business Basics,TRUE,200,5,0,10,All Levels,2 hours,2017-01-19T16:37:27Z,Business Finance,1000,19-01-2017,16:37:27Z,2017,1,19
676650,Corso introduttivo al trading profittevole,TRUE,20,132,9,9,Beginner Level,1 hour,2015-11-23T18:56:57Z,Business Finance,2640,23-11-2015,18:56:57Z,2015,11,23
129274,Aprende a Ganar Dinero en la Bolsa,TRUE,30,112,16,42,All Levels,4 hours,2013-12-11T15:06:56Z,Business Finance,3360,11-12-2013,15:06:56Z,2013,12,11
634932,Inversión: Fundamentos del Trading para Principiantes,TRUE,125,285,6,18,Beginner Level,1.5 hours,2015-10-26T17:50:47Z,Business Finance,35625,26-10-2015,17:50:47Z,2015,10,26
116924,Gana en la Bolsa con Análisis Técnico,TRUE,25,91,11,35,Beginner Level,8.5 hours,2014-01-29T09:35:29Z,Business Finance,2275,29-01-2014,09:35:29Z,2014,1,29
1174086,Precificação - Calculando valor de venda baseado nos custos,TRUE,35,32,3,46,All Levels,3 hours,2017-04-19T06:53:19Z,Business Finance,1120,19-04-2017,06:53:19Z,2017,4,19
369726,Cómo ganar dinero invirtiendo en bolsa,FALSE,0,2740,306,10,Beginner Level,2 hours,2016-04-02T01:46:55Z,Business Finance,0,02-04-2016,01:46:55Z,2016,4,2
427040,Investiere in Tax Liens-Hohe Zinsen gesetzl. festgeschrieben,TRUE,20,59,11,7,All Levels,1.5 hours,2015-02-25T15:13:13Z,Business Finance,1180,25-02-2015,15:13:13Z,2015,2,25
1132162,Investimento em Ações,TRUE,20,16,4,27,Beginner Level,4.5 hours,2017-03-27T16:45:29Z,Business Finance,320,27-03-2017,16:45:29Z,2017,3,27
1206414,Excelを使ってビジネスシミュレーション：基礎編,TRUE,85,22,5,47,Beginner Level,5 hours,2017-05-18T22:31:23Z,Business Finance,1870,18-05-2017,22:31:23Z,2017,5,18
997128,Estrategias de trading en bolsa,TRUE,25,15,2,14,All Levels,2 hours,2016-12-10T01:25:07Z,Business Finance,375,10-12-2016,01:25:07Z,2016,12,10
826168,Grundlagen der finanziellen Unabhängigkeit,FALSE,0,1059,96,9,All Levels,1.5 hours,2016-04-21T19:07:16Z,Business Finance,0,21-04-2016,19:07:16Z,2016,4,21
1039930,"Wie Du, Dir auch mit kleinen Beträgen ein Vermögen aufbaust",TRUE,70,187,3,53,All Levels,7 hours,2016-12-14T20:18:45Z,Business Finance,13090,14-12-2016,20:18:45Z,2016,12,14
1232390,Corporate Ethics,TRUE,100,0,0,13,Beginner Level,3.5 hours,2017-07-03T21:39:13Z,Business Finance,0,03-07-2017,21:39:13Z,2017,7,3
1084454,CFA Level 2- Quantitative Methods,TRUE,40,0,0,35,All Levels,5.5 hours,2017-07-02T14:29:35Z,Business Finance,0,02-07-2017,14:29:35Z,2017,7,2
1232312,Core Financial Statement Concepts,TRUE,50,0,0,9,Intermediate Level,1.5 hours,2017-06-28T21:58:15Z,Business Finance,0,28-06-2017,21:58:15Z,2017,6,28
1251654,Understand Core Finance Principles in 60 Minutes,TRUE,75,0,0,13,Beginner Level,2.5 hours,2017-06-29T22:04:17Z,Business Finance,0,29-06-2017,22:04:17Z,2017,6,29
712994,Learn Wave accounting to maintain books properly,FALSE,0,1089,50,27,All Levels,3 hours,2016-01-13T22:06:39Z,Business Finance,0,13-01-2016,22:06:39Z,2016,1,13
1024862,Making Tax Digital - UK HMRC Legislation Explained,FALSE,0,743,0,7,All Levels,1 hour,2017-06-06T14:13:15Z,Business Finance,0,06-06-2017,14:13:15Z,2017,6,6
123242,Surviving Introduction to Finance,FALSE,0,1362,7,13,Beginner Level,3 hours,2014-02-06T03:58:39Z,Business Finance,0,06-02-2014,03:58:39Z,2014,2,6
788720,Cost of Capital and Weighted Average Cost of Capital,FALSE,0,405,3,22,All Levels,1 hour,2016-04-11T20:44:34Z,Business Finance,0,11-04-2016,20:44:34Z,2016,4,11
196164,Studying the CFA Program exams (Mandarin language version),FALSE,0,1168,9,5,All Levels,40 mins,2014-04-09T08:38:41Z,Business Finance,0,09-04-2014,08:38:41Z,2014,4,9
1268616,Condor Broken Wing Butterfly Options Trading Course System,FALSE,0,16,0,15,All Levels,1.5 hours,2017-07-06T19:47:16Z,Business Finance,0,06-07-2017,19:47:16Z,2017,7,6
1100746,≪虎の巻≫証券取引の「税金のお悩み」解消,TRUE,25,3840,296,33,Intermediate Level,1.5 hours,2017-02-21T17:14:03Z,Business Finance,96000,21-02-2017,17:14:03Z,2017,2,21
1005312,【１日でマスター！】今日からはじめる資産形成,TRUE,20,7183,819,14,Beginner Level,1 hour,2017-01-19T23:51:32Z,Business Finance,143660,19-01-2017,23:51:32Z,2017,1,19
624016,TRADING FOR A LIVING: Trading Full-Time Transition Guide,TRUE,195,483,10,40,Intermediate Level,3.5 hours,2015-11-06T16:18:48Z,Business Finance,94185,06-11-2015,16:18:48Z,2015,11,6
323916,Learn How To use Channels to find amazing Forex Entries,TRUE,45,172,48,15,All Levels,1 hour,2017-05-24T18:05:36Z,Business Finance,7740,24-05-2017,18:05:36Z,2017,5,24
743568,"Financial Analysis, from Scratch to Professional!",TRUE,65,256,29,39,Beginner Level,3.5 hours,2016-03-06T23:27:44Z,Business Finance,16640,06-03-2016,23:27:44Z,2016,3,6
479688,Cost Accounting Labour Costing (Professional Course Level),TRUE,20,1542,1,24,All Levels,2 hours,2015-04-20T18:33:40Z,Business Finance,30840,20-04-2015,18:33:40Z,2015,4,20
1189592,Learn How To Successfully Trade Forex: In 5 Simple Steps,TRUE,95,64,7,44,All Levels,8.5 hours,2017-05-03T22:09:03Z,Business Finance,6080,03-05-2017,22:09:03Z,2017,5,3
578534,The Intelligent Investor,TRUE,30,384,40,44,All Levels,10.5 hours,2015-08-27T00:02:29Z,Business Finance,11520,27-08-2015,00:02:29Z,2015,8,27
791574,Succeed in Futures Even if You Don't Know Where to Start,FALSE,0,3014,19,15,All Levels,1 hour,2017-01-03T05:58:06Z,Business Finance,0,03-01-2017,05:58:06Z,2017,1,3
379196,Binary Options Beginners Guide : Nadex,TRUE,40,454,52,39,Beginner Level,2 hours,2015-01-09T19:32:53Z,Business Finance,18160,09-01-2015,19:32:53Z,2015,1,9
331968,Trading: From Wall Street to Your Street,TRUE,50,312,24,37,Intermediate Level,5.5 hours,2014-12-18T21:53:53Z,Business Finance,15600,18-12-2014,21:53:53Z,2014,12,18
576636,Build your own Naked Trading Forex Robot,TRUE,40,315,28,19,All Levels,2 hours,2015-08-11T21:24:32Z,Business Finance,12600,11-08-2015,21:24:32Z,2015,8,11
724596,Tax Preparation: Learn Fast! Prepare Taxes with Confidence!,TRUE,200,609,32,33,All Levels,2.5 hours,2016-01-12T17:07:39Z,Business Finance,121800,12-01-2016,17:07:39Z,2016,1,12
822808,Tax Strategies of the Wealthy,TRUE,195,207,19,11,Beginner Level,1.5 hours,2016-04-29T23:25:42Z,Business Finance,40365,29-04-2016,23:25:42Z,2016,4,29
932274,The Ultimate Fibonacci Trading Plan for Forex and Stocks,TRUE,200,399,15,15,All Levels,1 hour,2016-08-19T19:12:04Z,Business Finance,79800,19-08-2016,19:12:04Z,2016,8,19
32908,Finance and Accounting for Startups,TRUE,50,1175,92,75,All Levels,12.5 hours,2013-01-15T02:01:23Z,Business Finance,58750,15-01-2013,02:01:23Z,2013,1,15
883394,Forex - Calculate Lot Size Like Pro,TRUE,20,543,14,11,All Levels,36 mins,2016-06-21T03:14:09Z,Business Finance,10860,21-06-2016,03:14:09Z,2016,6,21
20185,The Complete Forex Trader,TRUE,25,1634,142,46,All Levels,7 hours,2012-10-01T09:46:23Z,Business Finance,40850,01-10-2012,09:46:23Z,2012,10,1
188418,Tape Reading: Learn how to read the tape for day trading,TRUE,195,1013,128,32,All Levels,14 hours,2014-03-27T07:14:55Z,Business Finance,197535,27-03-2014,07:14:55Z,2014,3,27
975982,4 Easy Daily Forex Trades: A Recipe for Trading Success,TRUE,200,319,19,12,All Levels,1 hour,2016-11-17T00:37:02Z,Business Finance,63800,17-11-2016,00:37:02Z,2016,11,17
674352,Trading Robot Forex Programs in Your Sleep in Live Examples!,TRUE,200,1125,11,18,Expert Level,1.5 hours,2016-01-28T23:03:11Z,Business Finance,225000,28-01-2016,23:03:11Z,2016,1,28
936884,Free Options 101 - Basic of Call and Put Options in 1 Hours,FALSE,0,2481,71,26,All Levels,1.5 hours,2016-08-22T18:10:12Z,Business Finance,0,22-08-2016,18:10:12Z,2016,8,22
707644,An Intro into Trading the Financial Markets,TRUE,100,1006,14,17,Beginner Level,1.5 hours,2016-09-03T03:46:23Z,Business Finance,100600,03-09-2016,03:46:23Z,2016,9,3
700140,Developing A Trading Strategy: Your Guide to Trading Success,TRUE,20,1044,8,16,All Levels,2 hours,2015-12-17T21:50:23Z,Business Finance,20880,17-12-2015,21:50:23Z,2015,12,17
546656,How to Trade Commodity and Financial Futures for a Living!,TRUE,200,1240,17,20,All Levels,2.5 hours,2016-01-15T23:53:00Z,Business Finance,248000,15-01-2016,23:53:00Z,2016,1,15
1041926,How to Trade Forex like a Hedge Fund: Long FX Strategies,TRUE,115,504,5,32,All Levels,1.5 hours,2017-03-23T16:23:33Z,Business Finance,57960,23-03-2017,16:23:33Z,2017,3,23
1253868,Complete Short Financial Ratio Course for Financial Analysis,TRUE,200,15,1,56,All Levels,3 hours,2017-06-28T17:44:56Z,Business Finance,3000,28-06-2017,17:44:56Z,2017,6,28
645634,How to Build Profitable FOREX Automated Trading Strategies!,TRUE,200,358,8,21,All Levels,2.5 hours,2015-11-11T01:16:13Z,Business Finance,71600,11-11-2015,01:16:13Z,2015,11,11
528104,Stock Trading Strategies: Profitable Trading in 7 Days.,TRUE,50,80,10,27,All Levels,5.5 hours,2015-06-16T00:09:26Z,Business Finance,4000,16-06-2015,00:09:26Z,2015,6,16
1053462,Management Accounting A Complete Study,TRUE,150,133,3,158,All Levels,17.5 hours,2016-12-29T15:07:43Z,Business Finance,19950,29-12-2016,15:07:43Z,2016,12,29
148028,Become a Career Day Trader: Asian-Pacific Futures Markets,TRUE,20,207,8,30,All Levels,3.5 hours,2014-01-27T21:44:25Z,Business Finance,4140,27-01-2014,21:44:25Z,2014,1,27
179824,Equity Products,TRUE,50,426,17,16,All Levels,2.5 hours,2014-03-11T15:48:52Z,Business Finance,21300,11-03-2014,15:48:52Z,2014,3,11
777276,Financial Accounting Part I - Passing the Class,TRUE,20,45,10,47,Beginner Level,4.5 hours,2016-06-29T14:53:51Z,Business Finance,900,29-06-2016,14:53:51Z,2016,6,29
174790,Accounting 102: Guide to Business Accounting,TRUE,50,1280,1,27,Intermediate Level,8.5 hours,2014-05-09T09:48:53Z,Business Finance,64000,09-05-2014,09:48:53Z,2014,5,9
247940,Monetizing Your Website: How to Add Cost-Per-Action (CPA) ,TRUE,35,142,4,18,All Levels,1 hour,2014-06-30T17:05:14Z,Business Finance,4970,30-06-2014,17:05:14Z,2014,6,30
42146,Advanced Finance and Accounting for Startups,TRUE,40,188,7,48,Intermediate Level,6.5 hours,2014-02-27T17:58:02Z,Business Finance,7520,27-02-2014,17:58:02Z,2014,2,27
408894,Basics of Tax in India  (College Level),TRUE,20,718,5,28,All Levels,2 hours,2015-01-31T13:53:48Z,Business Finance,14360,31-01-2015,13:53:48Z,2015,1,31
176136,Trade for a Living,TRUE,20,293,14,59,All Levels,8 hours,2014-03-22T22:56:09Z,Business Finance,5860,22-03-2014,22:56:09Z,2014,3,22
929146,Learn Stock Options: Options Made Simple 101,TRUE,35,93,13,49,Beginner Level,5 hours,2016-08-17T04:53:31Z,Business Finance,3255,17-08-2016,04:53:31Z,2016,8,17
260066,Banking Credit Analysis Process (for Bankers),TRUE,180,894,62,241,Beginner Level,17.5 hours,2014-07-12T11:00:16Z,Business Finance,160920,12-07-2014,11:00:16Z,2014,7,12
682514,Professional Forex strategy,TRUE,50,353,21,17,Expert Level,1.5 hours,2016-02-03T04:10:53Z,Business Finance,17650,03-02-2016,04:10:53Z,2016,2,3
66383,A Beginners Guide to Technical Analysis of Stock Charts,TRUE,40,829,78,50,Beginner Level,8.5 hours,2013-09-15T15:06:02Z,Business Finance,33160,15-09-2013,15:06:02Z,2013,9,15
390198,Get out of Debt - The Power of Using Compounding Interest,TRUE,50,1195,3,7,All Levels,2 hours,2015-01-12T00:55:49Z,Business Finance,59750,12-01-2015,00:55:49Z,2015,1,12
679238,Day Trading - Learn to Day Trade / Swing Trade In One Hour.,TRUE,95,335,25,29,All Levels,1.5 hours,2015-11-27T17:38:51Z,Business Finance,31825,27-11-2015,17:38:51Z,2015,11,27
476622,Basel Norms (Basel 1/ Basel 2/ Basel 3) Simplified,TRUE,40,500,45,34,Beginner Level,4 hours,2015-04-26T19:26:45Z,Business Finance,20000,26-04-2015,19:26:45Z,2015,4,26
764010,Learn to Trade Forex Naked Price Action Wammie Trade,TRUE,40,159,16,13,All Levels,1 hour,2016-02-17T19:07:59Z,Business Finance,6360,17-02-2016,19:07:59Z,2016,2,17
178776,Fixed Income Securities,TRUE,50,739,54,24,All Levels,4.5 hours,2014-03-11T16:29:50Z,Business Finance,36950,11-03-2014,16:29:50Z,2014,3,11
562668,Financial Accounting Made Easy for All,TRUE,20,87,22,86,All Levels,4 hours,2015-09-01T18:36:10Z,Business Finance,1740,01-09-2015,18:36:10Z,2015,9,1
521952,Ultimate Guide To Trading Engulfing Candlestick Strategy,TRUE,200,185,36,25,All Levels,2.5 hours,2016-10-25T02:14:44Z,Business Finance,37000,25-10-2016,02:14:44Z,2016,10,25
692268,Learn Business Finance: Win more work as a Business Coach ,TRUE,20,741,4,22,Beginner Level,2 hours,2016-01-03T22:45:32Z,Business Finance,14820,03-01-2016,22:45:32Z,2016,1,3
258174,Accounting for Depreciation (Collage Level),TRUE,20,576,1,14,All Levels,1 hour,2014-07-09T09:41:36Z,Business Finance,11520,09-07-2014,09:41:36Z,2014,7,9
54677,Revealed: Profitable Principles of Successful Traders ,TRUE,25,1046,5,26,All Levels,3 hours,2013-05-19T01:51:44Z,Business Finance,26150,19-05-2013,01:51:44Z,2013,5,19
619716,Easy Market Profits: 3 Step Stock Investing Strategy,TRUE,20,486,3,14,Beginner Level,3 hours,2015-09-23T18:07:30Z,Business Finance,9720,23-09-2015,18:07:30Z,2015,9,23
986272,Hedge Fund Trading Systems For Stocks - Part One,TRUE,200,52,8,21,All Levels,1.5 hours,2016-10-29T21:56:38Z,Business Finance,10400,29-10-2016,21:56:38Z,2016,10,29
466558,Bonds For Beginners - A Guide To The Bond Markets,TRUE,20,106,14,24,Beginner Level,34 mins,2015-04-20T21:17:15Z,Business Finance,2120,20-04-2015,21:17:15Z,2015,4,20
65113,Professional Risk Manager (PRM) Certification: Level 4,TRUE,50,38,7,17,All Levels,8 hours,2013-07-23T20:28:06Z,Business Finance,1900,23-07-2013,20:28:06Z,2013,7,23
685190,Crowdfunding for Filmmakers,TRUE,65,32,6,30,All Levels,4 hours,2015-12-01T18:38:53Z,Business Finance,2080,01-12-2015,18:38:53Z,2015,12,1
179978,How to Make IT Work Successfully in Capital Markets,TRUE,50,171,8,21,Beginner Level,3 hours,2014-03-11T16:26:48Z,Business Finance,8550,11-03-2014,16:26:48Z,2014,3,11
248338,Introduction to Day Trading,TRUE,50,79,5,36,Beginner Level,1 hour,2014-09-05T04:38:45Z,Business Finance,3950,05-09-2014,04:38:45Z,2014,9,5
455120,Life Coach Business Basics: Finance and Operations,TRUE,195,397,4,54,All Levels,3.5 hours,2015-08-27T23:35:24Z,Business Finance,77415,27-08-2015,23:35:24Z,2015,8,27
273448,Learn How to Profit In Forex With Market Rhythms,TRUE,20,85,5,17,All Levels,1.5 hours,2014-08-02T17:13:03Z,Business Finance,1700,02-08-2014,17:13:03Z,2014,8,2
803028,Optimizing investment to maximise your return,FALSE,0,1696,22,11,All Levels,38 mins,2016-03-25T15:32:02Z,Business Finance,0,25-03-2016,15:32:02Z,2016,3,25
985104,Investimento em Ações para Leigos,TRUE,20,201,46,19,Beginner Level,2.5 hours,2016-11-11T15:53:07Z,Business Finance,4020,11-11-2016,15:53:07Z,2016,11,11
396888,Introducción a la Contabilidad,TRUE,30,1235,31,15,Beginner Level,2.5 hours,2015-01-23T20:22:18Z,Business Finance,37050,23-01-2015,20:22:18Z,2015,1,23
1001010,Forex Trading: Strategia Correlazione EUR/GBP vs GBP/USD,TRUE,50,137,39,27,Intermediate Level,1.5 hours,2016-11-10T15:10:05Z,Business Finance,6850,10-11-2016,15:10:05Z,2016,11,10
950748,Finanzielle Unabhängigkeit-2 Millionär werden mit Investment,TRUE,20,384,37,18,Intermediate Level,43 mins,2016-09-12T21:20:46Z,Business Finance,7680,12-09-2016,21:20:46Z,2016,9,12
1250694,カードゲームでカンタンに理解する！経済とお金のキホン,TRUE,20,103,3,18,Beginner Level,1 hour,2017-06-27T05:51:44Z,Business Finance,2060,27-06-2017,05:51:44Z,2017,6,27
932454,Contabilidad rápida y eficaz,TRUE,40,379,60,60,All Levels,2 hours,2016-08-18T01:05:49Z,Business Finance,15160,18-08-2016,01:05:49Z,2016,8,18
400464,Introducción al trading de opciones,TRUE,100,1573,122,43,Beginner Level,5.5 hours,2015-02-17T02:52:02Z,Business Finance,157300,17-02-2015,02:52:02Z,2015,2,17
1021104,Aprenda a Investir seu Dinheiro,TRUE,85,150,28,19,All Levels,2.5 hours,2017-01-20T14:57:34Z,Business Finance,12750,20-01-2017,14:57:34Z,2017,1,20
1193056,Trader sur le Forex avec Ichimoku,TRUE,90,48,12,18,Beginner Level,2.5 hours,2017-05-05T16:58:52Z,Business Finance,4320,05-05-2017,16:58:52Z,2017,5,5
986024,العلوم والمبادئ الأساسية للمهنة الإكتوارية,TRUE,25,781,7,8,Beginner Level,39 mins,2016-10-28T13:39:57Z,Business Finance,19525,28-10-2016,13:39:57Z,2016,10,28
352782,トレーディングビュー徹底攻略2017年版,TRUE,55,952,77,53,All Levels,3 hours,2014-12-10T00:53:21Z,Business Finance,52360,10-12-2014,00:53:21Z,2014,12,10
749468,Kostenrechnung lernen leicht gemacht,TRUE,40,612,46,72,Beginner Level,3 hours,2016-06-06T17:43:52Z,Business Finance,24480,06-06-2016,17:43:52Z,2016,6,6
915206,MetaTrader4 Platform Training,FALSE,0,1819,45,15,Beginner Level,1.5 hours,2016-09-21T19:16:59Z,Business Finance,0,21-09-2016,19:16:59Z,2016,9,21
615206,Professional Bookkeeping & Accounting 1: Sales & Purchases,TRUE,35,551,22,34,All Levels,1.5 hours,2015-09-27T16:52:26Z,Business Finance,19285,27-09-2015,16:52:26Z,2015,9,27
368916,Step by step guide to understand how business perform,TRUE,20,788,3,15,Intermediate Level,38 mins,2014-12-14T03:18:45Z,Business Finance,15760,14-12-2014,03:18:45Z,2014,12,14
787508,How to Grow your Small Business and not run out of Cash,TRUE,25,408,3,16,Beginner Level,1.5 hours,2016-04-05T18:55:57Z,Business Finance,10200,05-04-2016,18:55:57Z,2016,4,5
249934,Finance for Non Finance Executives,TRUE,180,944,44,187,Beginner Level,13 hours,2014-06-25T15:09:12Z,Business Finance,169920,25-06-2014,15:09:12Z,2014,6,25
323828,"An Introduction: MT4 Email, Sound, Notification Forex Alerts",TRUE,20,323,30,11,Intermediate Level,37 mins,2014-11-01T04:10:48Z,Business Finance,6460,01-11-2014,04:10:48Z,2014,11,1
1223000,Innovators and innovation: Travel through time!,TRUE,50,101,0,31,Beginner Level,6 hours,2017-05-25T17:41:10Z,Business Finance,5050,25-05-2017,17:41:10Z,2017,5,25
772950,Learn How to Trade The Stock Market,TRUE,20,984,3,41,All Levels,4 hours,2016-03-02T18:19:36Z,Business Finance,19680,02-03-2016,18:19:36Z,2016,3,2
900472,How To Earn Some Bitcoin Every Time You Use A Search Engine,TRUE,20,89,23,10,All Levels,1 hour,2016-07-09T20:50:29Z,Business Finance,1780,09-07-2016,20:50:29Z,2016,7,9
796486,Super Fast Accounting - the fastest way to do your books,TRUE,25,129,21,8,Beginner Level,34 mins,2016-03-18T17:32:03Z,Business Finance,3225,18-03-2016,17:32:03Z,2016,3,18
871358,Financial Modeling and Valuation: Complete Beginner to Pro,TRUE,50,249,46,28,All Levels,5 hours,2016-06-20T22:09:31Z,Business Finance,12450,20-06-2016,22:09:31Z,2016,6,20
931588,Learn to trade Chart Patterns,TRUE,20,75,8,23,Intermediate Level,2 hours,2016-08-17T17:04:54Z,Business Finance,1500,17-08-2016,17:04:54Z,2016,8,17
880202,Anatomy and Figure Drawing for Beginners,TRUE,150,2252,240,111,Beginner Level,21 hours,2016-06-20T15:31:48Z,Graphic Design,337800,20-06-2016,15:31:48Z,2016,6,20
1197206,Illustrator CC MasterClass,TRUE,95,462,50,86,All Levels,12 hours,2017-05-02T16:41:21Z,Graphic Design,43890,02-05-2017,16:41:21Z,2017,5,2
1117796,Typographic Logo Design in Illustrator - Beginners & Beyond,TRUE,150,1720,40,27,All Levels,1.5 hours,2017-02-23T21:40:39Z,Graphic Design,258000,23-02-2017,21:40:39Z,2017,2,23
1219520,Adobe Illustrator T-Shirt Design for Merch by Amazon,TRUE,20,390,44,15,All Levels,1 hour,2017-06-13T20:41:14Z,Graphic Design,7800,13-06-2017,20:41:14Z,2017,6,13
595876,Logo Design in Adobe Illustrator - for Beginners & Beyond,TRUE,200,4297,337,110,All Levels,7.5 hours,2015-10-01T21:40:39Z,Graphic Design,859400,01-10-2015,21:40:39Z,2015,10,1
1216132,Learn Adobe Illustrator: Semi-Automatic Mandalas Drawing,TRUE,200,1076,15,15,All Levels,1 hour,2017-05-22T22:53:46Z,Graphic Design,215200,22-05-2017,22:53:46Z,2017,5,22
1145736,Create Professional Looking Infographics With No Experience,TRUE,180,9367,104,21,Beginner Level,2 hours,2017-03-21T19:00:13Z,Graphic Design,1686060,21-03-2017,19:00:13Z,2017,3,21
28556,Discover How to Draw and paint Comics,TRUE,65,8901,424,85,All Levels,62 hours,2012-11-21T22:03:54Z,Graphic Design,578565,21-11-2012,22:03:54Z,2012,11,21
317278,Typographic Logos: Typography and Lettering for Logo Design,TRUE,25,4235,427,20,Intermediate Level,1.5 hours,2014-10-16T19:30:01Z,Graphic Design,105875,16-10-2014,19:30:01Z,2014,10,16
573064,Photoshop in Ease: Create World Amazing  Graphic Designs,TRUE,20,14440,182,26,All Levels,3 hours,2015-08-13T21:17:34Z,Graphic Design,288800,13-08-2015,21:17:34Z,2015,8,13
1120554,Canva Graphics Design Essential Training For Everyone,TRUE,200,12340,124,46,All Levels,2.5 hours,2017-03-07T03:54:27Z,Graphic Design,2468000,07-03-2017,03:54:27Z,2017,3,7
1151326,Triangulated Bird: Origami Styled Bird in Adobe Illustrator,TRUE,195,2027,11,9,Intermediate Level,30 mins,2017-04-18T19:40:57Z,Graphic Design,395265,18-04-2017,19:40:57Z,2017,4,18
590794,Illustrator Quick Tip：10分でKawaiiカメレオンを描こう,FALSE,0,381,24,7,All Levels,36 mins,2015-08-31T20:52:45Z,Graphic Design,0,31-08-2015,20:52:45Z,2015,8,31
1181578,Deinen Roman setzen mit PagePlus in 10 einfachen Schritten,FALSE,0,69,6,25,All Levels,3.5 hours,2017-04-24T16:44:12Z,Graphic Design,0,24-04-2017,16:44:12Z,2017,4,24
1261122,画像加工の初心者でも「１日」で初歩を覚えられる無料講座,FALSE,0,21,0,18,Beginner Level,1 hour,2017-06-22T15:01:32Z,Graphic Design,0,22-06-2017,15:01:32Z,2017,6,22
749542,Graphic Design Bootcamp,TRUE,200,15276,1740,65,Beginner Level,8 hours,2016-05-13T00:03:03Z,Graphic Design,3055200,13-05-2016,00:03:03Z,2016,5,13
874012,The Ultimate Drawing Course - Beginner to Advanced,TRUE,150,26742,2379,62,Beginner Level,11 hours,2017-01-23T00:20:05Z,Graphic Design,4011300,23-01-2017,00:20:05Z,2017,1,23
1046722,Ultimate Photoshop Training: From Beginner to Pro,TRUE,200,5326,447,150,Beginner Level,11.5 hours,2017-01-12T16:56:22Z,Graphic Design,1065200,12-01-2017,16:56:22Z,2017,1,12
820194,Photoshop for Entrepreneurs - Design 11 Practical Projects,TRUE,200,36288,737,63,All Levels,5 hours,2016-06-09T01:57:03Z,Graphic Design,7257600,09-06-2016,01:57:03Z,2016,6,9
62721,Anatomy for Figure Drawing: Mastering the Human Figure,TRUE,95,15500,754,65,All Levels,68.5 hours,2013-10-16T11:37:30Z,Graphic Design,1472500,16-10-2013,11:37:30Z,2013,10,16
371074,Sketch 3 from A to Z: Become an App Designer,TRUE,75,7282,1629,42,All Levels,3.5 hours,2015-01-03T08:21:48Z,Graphic Design,546150,03-01-2015,08:21:48Z,2015,1,3
20461,How to Design a Logo - a Beginners Course,TRUE,30,10875,650,41,All Levels,2.5 hours,2012-07-25T13:41:42Z,Graphic Design,326250,25-07-2012,13:41:42Z,2012,7,25
416548,Logo Design Masterclass: Learn Logo Design + Illustrator,TRUE,200,8196,479,85,All Levels,6.5 hours,2015-08-18T18:56:04Z,Graphic Design,1639200,18-08-2015,18:56:04Z,2015,8,18
1047436,How to Draw and Sketch for Beginners,TRUE,150,1360,175,79,Beginner Level,9 hours,2017-01-25T22:07:38Z,Graphic Design,204000,25-01-2017,22:07:38Z,2017,1,25
396204,Graphic Design Masterclass: Learn Graphic Design in Projects,TRUE,95,6858,382,41,Beginner Level,3.5 hours,2015-11-09T21:17:04Z,Graphic Design,651510,09-11-2015,21:17:04Z,2015,11,9
897238,Canva Graphics Design for Entrepreneurs - Design 11 Projects,TRUE,200,18303,202,54,All Levels,3.5 hours,2016-07-23T00:41:07Z,Graphic Design,3660600,23-07-2016,00:41:07Z,2016,7,23
1067516,Vector Logo Design in Affinity Designer,TRUE,150,1789,102,57,All Levels,3 hours,2017-02-07T18:09:03Z,Graphic Design,268350,07-02-2017,18:09:03Z,2017,2,7
1008100,How To Create A Low Poly Portrait With The Pen Tool,TRUE,195,293,5,18,Beginner Level,1 hour,2016-11-15T14:40:56Z,Graphic Design,57135,15-11-2016,14:40:56Z,2016,11,15
832870,Photo Editing in Photoshop - Beginner to Advanced in 1 Hour,TRUE,20,662,5,21,Beginner Level,1 hour,2016-05-09T01:17:58Z,Graphic Design,13240,09-05-2016,01:17:58Z,2016,5,9
642656,How to Create Kindle & Ebook Covers with Canva,TRUE,30,1279,3,33,Beginner Level,1.5 hours,2015-10-21T00:07:15Z,Graphic Design,38370,21-10-2015,00:07:15Z,2015,10,21
428220,How To Make Professional eBook Covers For FREE,TRUE,20,1080,6,35,All Levels,3 hours,2015-02-26T15:24:08Z,Graphic Design,21600,26-02-2015,15:24:08Z,2015,2,26
1184664,Design Business Card in Photoshop: Earn Money by Doing It,TRUE,50,120,10,29,Beginner Level,3.5 hours,2017-04-24T18:55:28Z,Graphic Design,6000,24-04-2017,18:55:28Z,2017,4,24
65596,Learn to create beautiful web interfaces and logos,TRUE,20,1085,76,10,All Levels,1 hour,2013-07-17T18:18:02Z,Graphic Design,21700,17-07-2013,18:18:02Z,2013,7,17
1018358,Illustrated Logo Design,TRUE,25,447,2,10,Intermediate Level,1 hour,2016-11-24T21:56:58Z,Graphic Design,11175,24-11-2016,21:56:58Z,2016,11,24
16714,Color Basics for Print Designers,TRUE,20,372,21,10,All Levels,36 mins,2012-04-23T21:13:00Z,Graphic Design,7440,23-04-2012,21:13:00Z,2012,4,23
657764,Digital Photo Manipulation Art And Cover Design In PhotoShop,TRUE,50,721,7,35,Beginner Level,5 hours,2016-03-28T17:56:10Z,Graphic Design,36050,28-03-2016,17:56:10Z,2016,3,28
231970,Drawing Perspective For Beginners,TRUE,150,736,50,44,All Levels,7.5 hours,2016-03-20T21:38:48Z,Graphic Design,110400,20-03-2016,21:38:48Z,2016,3,20
981684,Adobe InDesign CC Advanced,TRUE,30,114,24,50,Expert Level,3.5 hours,2016-10-18T17:09:56Z,Graphic Design,3420,18-10-2016,17:09:56Z,2016,10,18
669174,Intro to Photoshop for Merch by Amazon,TRUE,25,331,24,9,Beginner Level,1 hour,2015-11-16T20:17:05Z,Graphic Design,8275,16-11-2015,20:17:05Z,2015,11,16
185526,MicroStation - Células,TRUE,20,0,0,9,Beginner Level,37 mins,2014-04-15T21:48:55Z,Graphic Design,0,15-04-2014,21:48:55Z,2014,4,15
1185898,Photoshop - Creación de Efectos 2,TRUE,30,0,0,9,Beginner Level,1 hour,2017-05-17T19:19:18Z,Graphic Design,0,17-05-2017,19:19:18Z,2017,5,17
1177156,Como Criar Logos de Sucesso - Start Designer,TRUE,25,0,0,29,Beginner Level,6 hours,2017-06-30T05:48:57Z,Graphic Design,0,30-06-2017,05:48:57Z,2017,6,30
177614,Super Textos con Photoshop,TRUE,20,0,0,8,Beginner Level,2 hours,2014-03-31T20:31:04Z,Graphic Design,0,31-03-2014,20:31:04Z,2014,3,31
1128984,Photoshop - Aprende a Transformar Imágenes,TRUE,20,0,0,14,Beginner Level,1 hour,2017-03-08T18:05:51Z,Graphic Design,0,08-03-2017,18:05:51Z,2017,3,8
185528,Iníciate en Microstation,TRUE,20,0,0,10,Beginner Level,1 hour,2014-04-15T21:52:12Z,Graphic Design,0,15-04-2014,21:52:12Z,2014,4,15
872262,Adobe Photoshop pentru Social Media,TRUE,20,0,0,12,Beginner Level,34 mins,2016-06-08T16:02:39Z,Graphic Design,0,08-06-2016,16:02:39Z,2016,6,8
1137738,Photoshop - Creación de Efectos,TRUE,20,0,0,11,Beginner Level,1 hour,2017-03-24T20:06:57Z,Graphic Design,0,24-03-2017,20:06:57Z,2017,3,24
1185535,Cómo crear maquetas con Adobe XD,FALSE,0,217,2,21,Beginner Level,3 hours,2017-05-28T16:17:36Z,Graphic Design,0,28-05-2017,16:17:36Z,2017,5,28
896742,Aprenda Modelagem 3D com o 123D Design,FALSE,0,334,26,27,Beginner Level,1 hour,2016-07-07T21:15:34Z,Graphic Design,0,07-07-2016,21:15:34Z,2016,7,7
609642,Ferramentas Visuais,FALSE,0,817,42,18,Beginner Level,5 hours,2015-10-09T23:42:33Z,Graphic Design,0,09-10-2015,23:42:33Z,2015,10,9
723818,Adobe Indesign CC Başlangıç,FALSE,0,637,21,22,Beginner Level,2.5 hours,2016-01-14T18:52:21Z,Graphic Design,0,14-01-2016,18:52:21Z,2016,1,14
1085646,How to Doodle: Basics and Lettering,TRUE,185,2358,28,12,All Levels,1 hour,2017-02-21T17:43:34Z,Graphic Design,436230,21-02-2017,17:43:34Z,2017,2,21
1062048,Mastering Photoshop CC 2017 - The Art of Design & Technology,TRUE,20,3721,95,46,All Levels,6.5 hours,2017-02-04T05:52:17Z,Graphic Design,74420,04-02-2017,05:52:17Z,2017,2,4
1160004,Design a logo for FREE in Inkscape,TRUE,100,1148,26,42,All Levels,2 hours,2017-05-01T18:32:43Z,Graphic Design,114800,01-05-2017,18:32:43Z,2017,5,1
1087244,Foundation Skills on Adobe Illustrator: Learn Fast!,TRUE,50,2489,39,16,Beginner Level,2 hours,2017-03-01T21:54:39Z,Graphic Design,124450,01-03-2017,21:54:39Z,2017,3,1
1169062,How To Create Amazing Cinemagraphs with Microsoft PowerPoint,TRUE,30,1782,18,10,Beginner Level,1 hour,2017-04-05T20:39:33Z,Graphic Design,53460,05-04-2017,20:39:33Z,2017,4,5
520468,Canva : Graphic Design Theory Volume1,TRUE,200,6975,122,29,All Levels,2.5 hours,2015-06-05T21:37:33Z,Graphic Design,1395000,05-06-2015,21:37:33Z,2015,6,5
693812,Master App Icon Design for iPhone (IOS) & Android Devices,TRUE,25,9464,329,43,Intermediate Level,2 hours,2015-12-21T18:57:07Z,Graphic Design,236600,21-12-2015,18:57:07Z,2015,12,21
1196852,Photoshop: How to create stunning collages,TRUE,20,2044,17,15,Beginner Level,1.5 hours,2017-05-09T16:40:58Z,Graphic Design,40880,09-05-2017,16:40:58Z,2017,5,9
1149656,Mastering advance Photoshop,TRUE,20,5787,40,21,Intermediate Level,2 hours,2017-04-27T23:39:34Z,Graphic Design,115740,27-04-2017,23:39:34Z,2017,4,27
385462,Logo Designing for Your Business in an Hour,TRUE,20,25277,311,16,All Levels,1 hour,2015-01-05T10:43:48Z,Graphic Design,505540,05-01-2015,10:43:48Z,2015,1,5
1094930,DIY Design Professional Web Banners in Photoshop 4 Beginners,TRUE,200,6944,30,24,Beginner Level,1 hour,2017-02-01T15:44:11Z,Graphic Design,1388800,01-02-2017,15:44:11Z,2017,2,1
561188,Photoshop CC for Beginners - A Comprehensive Crash Course,TRUE,200,6028,205,20,Beginner Level,2.5 hours,2015-07-29T18:35:20Z,Graphic Design,1205600,29-07-2015,18:35:20Z,2015,7,29
600486,Teoria Basica del Arte. Como Pintar Ilustraciones Digitales,TRUE,20,5104,437,26,Beginner Level,1 hour,2015-09-08T17:29:12Z,Graphic Design,102080,08-09-2015,17:29:12Z,2015,9,8
501140,Illustrator CC para novatos: ¡desde cero hasta experto! ,TRUE,150,2476,466,96,All Levels,11 hours,2015-12-29T20:10:55Z,Graphic Design,371400,29-12-2015,20:10:55Z,2015,12,29
405488,Photoshop para novatos:  ¡desde cero hasta experto!,TRUE,150,3000,470,134,All Levels,12 hours,2015-01-30T17:41:47Z,Graphic Design,450000,30-01-2015,17:41:47Z,2015,1,30
1219326,Diventa un professionista del Graphic Design,TRUE,200,185,10,94,All Levels,17.5 hours,2017-05-24T17:02:19Z,Graphic Design,37000,24-05-2017,17:02:19Z,2017,5,24
1029554,Formação em Design Gráfico com Corel Draw Versões X8 / 2017.,TRUE,45,418,85,71,Beginner Level,11 hours,2017-03-03T20:08:35Z,Graphic Design,18810,03-03-2017,20:08:35Z,2017,3,3
1009068,ABC do Photoshop CC,TRUE,45,431,99,80,Beginner Level,7.5 hours,2016-11-21T17:19:01Z,Graphic Design,19395,21-11-2016,17:19:01Z,2016,11,21
1276020,Photoshop para iniciante - o básico,TRUE,30,23,2,20,Beginner Level,3 hours,2017-07-03T01:36:55Z,Graphic Design,690,03-07-2017,01:36:55Z,2017,7,3
1202746,Curso Online de Adobe Illustrator CC e CS6,TRUE,80,126,18,119,All Levels,13 hours,2017-05-04T06:11:39Z,Graphic Design,10080,04-05-2017,06:11:39Z,2017,5,4
1226518,Photoshop & Illustrator CC Essentials in Arabic,FALSE,0,3329,193,33,Beginner Level,3.5 hours,2017-05-31T23:16:00Z,Graphic Design,0,31-05-2017,23:16:00Z,2017,5,31
870368,Photoshop from Zero to Hero ( Arabic ),TRUE,60,720,220,82,Beginner Level,12.5 hours,2016-06-29T16:37:18Z,Graphic Design,43200,29-06-2016,16:37:18Z,2016,6,29
1223336,Photoshop Essentials - Uma Introdução Detalhada,FALSE,0,800,39,24,Beginner Level,2.5 hours,2017-05-22T09:58:21Z,Graphic Design,0,22-05-2017,09:58:21Z,2017,5,22
1257870,Photoshop CC 2015 Top New Features,FALSE,0,1477,3,13,All Levels,39 mins,2017-06-26T19:37:58Z,Graphic Design,0,26-06-2017,19:37:58Z,2017,6,26
519968,Expert Guide : Mastering Types feature in illustrator !,TRUE,190,1552,11,27,All Levels,2.5 hours,2015-11-04T18:38:17Z,Graphic Design,294880,04-11-2015,18:38:17Z,2015,11,4
656914,Cartoon Game Logo Design using Photoshop,TRUE,20,1076,11,15,All Levels,2.5 hours,2015-11-11T18:54:16Z,Graphic Design,21520,11-11-2015,18:54:16Z,2015,11,11
787204,Most Wanted Flat Design Techniques #2: Hipster Businessman,TRUE,95,1016,5,25,Intermediate Level,1.5 hours,2016-03-17T16:47:34Z,Graphic Design,96520,17-03-2016,16:47:34Z,2016,3,17
380668,All-in-One Premium Design Course - Scratch to Pro+ Edition,TRUE,200,919,57,56,All Levels,5.5 hours,2015-02-20T00:15:41Z,Graphic Design,183800,20-02-2015,00:15:41Z,2015,2,20
412864,Typography 101: Picking the Right Fonts for Business Success,TRUE,75,1224,10,15,Beginner Level,1.5 hours,2015-04-20T18:03:34Z,Graphic Design,91800,20-04-2015,18:03:34Z,2015,4,20
463354,Editorial Illustration Tutorial: From Drawing to Photoshop,TRUE,45,774,39,35,All Levels,2.5 hours,2015-04-08T16:57:23Z,Graphic Design,34830,08-04-2015,16:57:23Z,2015,4,8
636548,Kindle eBook Cover Design and Book Illustration Guide,TRUE,120,715,16,20,All Levels,1 hour,2015-11-06T17:27:45Z,Graphic Design,85800,06-11-2015,17:27:45Z,2015,11,6
513782,Removing Backgrounds From Images using Adobe Photoshop,TRUE,20,1768,20,14,All Levels,41 mins,2015-06-03T18:11:41Z,Graphic Design,35360,03-06-2015,18:11:41Z,2015,6,3
19164,Graphic Design Secrets Revealed,TRUE,95,2555,28,55,All Levels,6 hours,2012-09-04T02:21:04Z,Graphic Design,242725,04-09-2012,02:21:04Z,2012,9,4
637402,Drawing in Perspective,TRUE,25,426,63,28,All Levels,3 hours,2016-05-27T19:39:14Z,Graphic Design,10650,27-05-2016,19:39:14Z,2016,5,27
901082,"Digital Art in Adobe Illustrator CC: Angry Bird, Tom & Jerry",FALSE,0,3108,27,28,Beginner Level,2.5 hours,2016-08-12T17:34:45Z,Graphic Design,0,12-08-2016,17:34:45Z,2016,8,12
608090,Adobe Illustrator For Beginners: Design A Typographic Logo,TRUE,30,276,54,27,Beginner Level,1.5 hours,2015-10-15T22:29:00Z,Graphic Design,8280,15-10-2015,22:29:00Z,2015,10,15
1165016,Surface Pattern Design : Create Scandinavian Patterns,TRUE,40,390,6,8,All Levels,42 mins,2017-04-04T15:03:18Z,Graphic Design,15600,04-04-2017,15:03:18Z,2017,4,4
755680,Draw a realistic Fantail using pencil,FALSE,0,6754,109,20,All Levels,1 hour,2016-02-11T22:05:05Z,Graphic Design,0,11-02-2016,22:05:05Z,2016,2,11
930416,How to design a business card on Photoshop (for beginners),FALSE,0,5086,197,12,Beginner Level,1 hour,2016-08-27T19:02:40Z,Graphic Design,0,27-08-2016,19:02:40Z,2016,8,27
784478,Make Flat Design Space Ships in 30 Minutes in Illustrator!,TRUE,50,1146,41,5,Beginner Level,33 mins,2016-04-06T20:26:56Z,Graphic Design,57300,06-04-2016,20:26:56Z,2016,4,6
17349,Figure Drawing From Life Using The Reilly Technique.,FALSE,0,47811,1041,22,All Levels,2.5 hours,2012-05-09T18:14:57Z,Graphic Design,0,09-05-2012,18:14:57Z,2012,5,9
93484,Drawing Cartoony Characters,TRUE,20,1564,103,9,Beginner Level,2 hours,2013-10-09T00:45:01Z,Graphic Design,31280,09-10-2013,00:45:01Z,2013,10,9
927186,Learn Blender 3D  - The introduction course,TRUE,100,739,12,15,Beginner Level,1.5 hours,2016-08-19T00:52:30Z,Graphic Design,73900,19-08-2016,00:52:30Z,2016,8,19
628440,Inkscape For Beginners 2016/2017,TRUE,40,1029,52,26,All Levels,4 hours,2016-09-26T17:24:45Z,Graphic Design,41160,26-09-2016,17:24:45Z,2016,9,26
1047508,Make yourself a Santa Claus: Photoshop Manipulation,FALSE,0,2665,20,8,All Levels,34 mins,2016-12-22T17:10:35Z,Graphic Design,0,22-12-2016,17:10:35Z,2016,12,22
406504,Become an InDesign Pro in 10 Skills,TRUE,105,1079,172,35,Beginner Level,5 hours,2015-08-21T22:22:39Z,Graphic Design,113295,21-08-2015,22:22:39Z,2015,8,21
644914,Digital Illustration: Make A Custom Character Illustration,TRUE,30,1440,16,14,All Levels,1.5 hours,2015-11-03T18:49:10Z,Graphic Design,43200,03-11-2015,18:49:10Z,2015,11,3
908324,Learn Basics Of Adobe Illustrator,TRUE,25,1401,30,12,Beginner Level,42 mins,2016-09-12T19:15:36Z,Graphic Design,35025,12-09-2016,19:15:36Z,2016,9,12
15611,Discover the 7 Secrets to Figure Drawing: Draw Awesome ...,TRUE,40,2634,92,25,All Levels,10 hours,2012-04-04T02:24:51Z,Graphic Design,105360,04-04-2012,02:24:51Z,2012,4,4
775252,LOGO DESIGN IN POWERPOINT,TRUE,95,1046,12,28,Beginner Level,1 hour,2016-04-15T18:02:17Z,Graphic Design,99370,15-04-2016,18:02:17Z,2016,4,15
850426,Photoshop CC MasterClass,TRUE,95,505,88,78,All Levels,11.5 hours,2016-05-17T20:06:37Z,Graphic Design,47975,17-05-2016,20:06:37Z,2016,5,17
530426,Become A Logo Designer ,TRUE,95,827,50,39,All Levels,2.5 hours,2015-07-14T16:07:03Z,Graphic Design,78565,14-07-2015,16:07:03Z,2015,7,14
627782,Learn Illustrator By Recreating Top 3 Logos - Beginner Guide,FALSE,0,8786,245,11,Beginner Level,1 hour,2015-10-04T19:36:34Z,Graphic Design,0,04-10-2015,19:36:34Z,2015,10,4
1211198,Illustrative Surface Patterns Design : From Life To Products,TRUE,40,253,1,14,All Levels,1 hour,2017-05-23T22:39:46Z,Graphic Design,10120,23-05-2017,22:39:46Z,2017,5,23
294294,Effective iOS & Android App Icon Design,TRUE,20,1933,25,13,Beginner Level,1 hour,2014-09-09T14:36:37Z,Graphic Design,38660,09-09-2014,14:36:37Z,2014,9,9
692920,Creating an animated greeting card via Google Slides,TRUE,20,1504,10,9,Beginner Level,1.5 hours,2016-01-05T20:31:49Z,Graphic Design,30080,05-01-2016,20:31:49Z,2016,1,5
349144,Photoshop: Learn Digital Painting Basics in Photoshop,TRUE,20,1332,31,24,Beginner Level,2 hours,2014-12-06T05:51:03Z,Graphic Design,26640,06-12-2014,05:51:03Z,2014,12,6
711688,Learning Photoshop CC 2014 in Egyptian Arabic ,TRUE,70,1150,68,25,All Levels,3.5 hours,2016-01-10T16:24:47Z,Graphic Design,80500,10-01-2016,16:24:47Z,2016,1,10
625920,Make tech circles in Photoshop in 30 minutes!,TRUE,50,1056,15,8,All Levels,34 mins,2015-10-09T23:10:51Z,Graphic Design,52800,09-10-2015,23:10:51Z,2015,10,9
286508,Graphic design - The Quick Guide,TRUE,30,1350,29,11,Beginner Level,38 mins,2014-08-29T08:03:27Z,Graphic Design,40500,29-08-2014,08:03:27Z,2014,8,29
768940,Learn Corel x7 Like a Pro,TRUE,20,1586,8,5,Intermediate Level,31 mins,2016-03-04T19:00:46Z,Graphic Design,31720,04-03-2016,19:00:46Z,2016,3,4
640428,Make tech circles in Adobe Illustrator in 30 minutes,TRUE,200,821,15,5,All Levels,32 mins,2015-10-14T21:42:40Z,Graphic Design,164200,14-10-2015,21:42:40Z,2015,10,14
1168910,Easy Illustration and 2D Animation,TRUE,65,56,16,7,All Levels,34 mins,2017-04-18T16:12:42Z,Graphic Design,3640,18-04-2017,16:12:42Z,2017,4,18
640426,Make Tech circles in Adobe Photoshop and Illustrator,TRUE,200,1150,10,13,All Levels,1 hour,2015-10-14T22:05:30Z,Graphic Design,230000,14-10-2015,22:05:30Z,2015,10,14
300466,Turn Your Photos Into Professional And Modern Artworks,TRUE,20,1557,11,12,All Levels,1.5 hours,2014-09-16T13:09:16Z,Graphic Design,31140,16-09-2014,13:09:16Z,2014,9,16
682060,Calligraphy for Beginners: Creating Strong Lines,TRUE,40,246,30,12,Beginner Level,41 mins,2016-03-03T20:58:21Z,Graphic Design,9840,03-03-2016,20:58:21Z,2016,3,3
809216,Canva: Design Album Cover Artwork in Minutes - No More Fees!,FALSE,0,3103,42,11,Beginner Level,40 mins,2016-04-07T23:57:25Z,Graphic Design,0,07-04-2016,23:57:25Z,2016,4,7
532140,Getting Started With Photoshop CC,TRUE,75,1090,14,45,Beginner Level,4.5 hours,2015-06-19T22:25:42Z,Graphic Design,81750,19-06-2015,22:25:42Z,2015,6,19
546832,Learn Adobe Photoshop in 1 Hour,TRUE,50,1235,15,10,All Levels,1 hour,2015-07-07T23:16:37Z,Graphic Design,61750,07-07-2015,23:16:37Z,2015,7,7
1260674,Learn Comic Book Color Flatting! (Coloring Assistant role),FALSE,0,946,3,6,Beginner Level,40 mins,2017-06-20T17:57:00Z,Graphic Design,0,20-06-2017,17:57:00Z,2017,6,20
288110,Illustrator - Creating stylised images from a photo,TRUE,50,1500,11,9,All Levels,41 mins,2014-09-09T14:16:50Z,Graphic Design,75000,09-09-2014,14:16:50Z,2014,9,9
388104,Gimp In-Depth Essential Training Course: Free Photoshop Alt.,TRUE,20,1452,21,27,All Levels,2 hours,2015-01-08T19:48:25Z,Graphic Design,29040,08-01-2015,19:48:25Z,2015,1,8
742392,Conviértete en un experto de photoshop cc naked series,TRUE,30,24,5,122,Intermediate Level,12 hours,2016-01-29T02:54:19Z,Graphic Design,720,29-01-2016,02:54:19Z,2016,1,29
1265678,CORSO COMPLETO DI E-ON VUE X-STREAM PER TUTTI,TRUE,70,3,1,20,All Levels,3.5 hours,2017-06-23T21:37:55Z,Graphic Design,210,23-06-2017,21:37:55Z,2017,6,23
814200,商業好設計-Illustrator個性商品設計,TRUE,20,20,3,5,Beginner Level,41 mins,2016-04-26T17:26:44Z,Graphic Design,400,26-04-2016,17:26:44Z,2016,4,26
468182,Ilustración de la A a la Z,TRUE,20,33,3,19,All Levels,3 hours,2015-06-08T16:42:57Z,Graphic Design,660,08-06-2015,16:42:57Z,2015,6,8
789670,Diseño Gráfico fácil y rápido.,TRUE,20,97,9,124,All Levels,13.5 hours,2016-07-05T00:18:50Z,Graphic Design,1940,05-07-2016,00:18:50Z,2016,7,5
1009622,超基礎！超入門！〜作りながら学ぶ。完全無料3DCGソフトBlender〜,TRUE,80,8,1,43,Beginner Level,5.5 hours,2016-12-14T01:25:19Z,Graphic Design,640,14-12-2016,01:25:19Z,2016,12,14
1164570,调色高级讲解,TRUE,200,4,2,8,Beginner Level,1 hour,2017-03-31T17:16:15Z,Graphic Design,800,31-03-2017,17:16:15Z,2017,3,31
686430,Curso de Corel Draw: Como Hacer Todo para tu Fiesta Temática,TRUE,125,10,3,55,Beginner Level,2.5 hours,2016-04-27T04:22:31Z,Graphic Design,1250,27-04-2016,04:22:31Z,2016,4,27
1007622,Infodesign,TRUE,50,2,1,12,Beginner Level,1.5 hours,2017-03-24T00:39:48Z,Graphic Design,100,24-03-2017,00:39:48Z,2017,3,24
1031648,تصميم القوالب الدائرية بالفيغاس | Circular Templates Vegas,TRUE,20,5,2,9,All Levels,36 mins,2016-12-22T14:39:13Z,Graphic Design,100,22-12-2016,14:39:13Z,2016,12,22
1069348,Affinity Designer - tworzenie wzorków,TRUE,20,1,1,11,Beginner Level,1.5 hours,2017-01-13T20:08:41Z,Graphic Design,20,13-01-2017,20:08:41Z,2017,1,13
181294,Photoshop: Creando efectos de luz,TRUE,20,3,1,9,Beginner Level,1.5 hours,2014-04-02T21:24:33Z,Graphic Design,60,02-04-2014,21:24:33Z,2014,4,2
780150,Learning Photoshop CC 2015,TRUE,50,311,49,163,All Levels,10.5 hours,2016-03-08T16:53:07Z,Graphic Design,15550,08-03-2016,16:53:07Z,2016,3,8
922464,Create Awesome Ebook Covers Using Microsoft Word,TRUE,45,447,6,23,All Levels,3.5 hours,2016-08-05T19:07:42Z,Graphic Design,20115,05-08-2016,19:07:42Z,2016,8,5
855188,Photoshop Essentials: Designing FaceBook Graphics,TRUE,20,616,3,19,Beginner Level,1.5 hours,2016-05-23T06:13:16Z,Graphic Design,12320,23-05-2016,06:13:16Z,2016,5,23
855764,Advance Learning Tools Corel Draw Graphics Design,TRUE,40,797,13,70,Beginner Level,14 hours,2016-05-31T21:27:22Z,Graphic Design,31880,31-05-2016,21:27:22Z,2016,5,31
699376,Creating an animated greeting card via Google Slides,TRUE,20,549,10,8,Beginner Level,1 hour,2016-04-12T01:24:14Z,Graphic Design,10980,12-04-2016,01:24:14Z,2016,4,12
192726,Logo Design for Entrepreneurs ,TRUE,20,274,10,49,Beginner Level,3.5 hours,2014-04-04T16:21:31Z,Graphic Design,5480,04-04-2014,16:21:31Z,2014,4,4
358998,Sketch 3: Design a mobile application from scratch,TRUE,45,709,14,31,All Levels,2.5 hours,2014-12-08T10:43:52Z,Graphic Design,31905,08-12-2014,10:43:52Z,2014,12,8
525446,Draw a Kitten,FALSE,0,3812,68,11,All Levels,1.5 hours,2015-06-12T18:37:40Z,Graphic Design,0,12-06-2015,18:37:40Z,2015,6,12
638040,Adobe Photoshop Essentials: Master Adobe Photoshop CS6,TRUE,100,1373,5,63,Beginner Level,2.5 hours,2015-11-18T17:47:26Z,Graphic Design,137300,18-11-2015,17:47:26Z,2015,11,18
502588,Learn GIMP,TRUE,20,441,53,34,All Levels,6.5 hours,2015-05-18T21:16:23Z,Graphic Design,8820,18-05-2015,21:16:23Z,2015,5,18
1177670,Texturing For Designers - Bring Life to Design With Textures,TRUE,60,201,0,12,All Levels,1 hour,2017-04-18T00:47:52Z,Graphic Design,12060,18-04-2017,00:47:52Z,2017,4,18
753774,Learn Advanced Photoshop Selections,TRUE,25,661,4,10,All Levels,1.5 hours,2016-02-07T22:55:27Z,Graphic Design,16525,07-02-2016,22:55:27Z,2016,2,7
530436,InDesign: Diseño de proyectos paso a paso,TRUE,150,300,40,77,Intermediate Level,4.5 hours,2015-09-04T15:37:36Z,Graphic Design,45000,04-09-2015,15:37:36Z,2015,9,4
690918,Domina el Diseño Gráfico para Web con Photoshop CC,TRUE,70,211,34,66,All Levels,6.5 hours,2015-12-30T01:54:02Z,Graphic Design,14770,30-12-2015,01:54:02Z,2015,12,30
927336,Graphicriver Autor – Verkaufe deine Designs online,TRUE,30,65,8,20,All Levels,1.5 hours,2016-09-27T14:20:14Z,Graphic Design,1950,27-09-2016,14:20:14Z,2016,9,27
1022032,Adobe Illustrator CC,TRUE,20,43,12,46,Intermediate Level,9.5 hours,2016-12-26T18:58:09Z,Graphic Design,860,26-12-2016,18:58:09Z,2016,12,26
1101806,캔바(Canva)로 SNS 콘텐츠 만들기,TRUE,30,44,13,19,Beginner Level,2 hours,2017-02-06T21:39:19Z,Graphic Design,1320,06-02-2017,21:39:19Z,2017,2,6
1246168,"Illustrator para criação de peças gráficas, Design Gráfico",TRUE,100,33,3,41,Beginner Level,1.5 hours,2017-06-13T04:15:20Z,Graphic Design,3300,13-06-2017,04:15:20Z,2017,6,13
1242692,Photoshop Workflow - Manipulação de imagem para Publicidade,TRUE,135,20,8,53,Expert Level,12.5 hours,2017-06-28T03:28:04Z,Graphic Design,2700,28-06-2017,03:28:04Z,2017,6,28
1185390,Como Produzir Ebook e Livros com Adobe Indesign CC e CS6,TRUE,80,37,6,131,All Levels,12.5 hours,2017-04-19T06:48:47Z,Graphic Design,2960,19-04-2017,06:48:47Z,2017,4,19
700942,Curso básico de Gimp; software gratis de diseño gráfico,TRUE,60,190,25,36,Beginner Level,2 hours,2015-12-22T00:06:02Z,Graphic Design,11400,22-12-2015,00:06:02Z,2015,12,22
804096,Curso Completo de SolidWorks 2016.,TRUE,30,129,27,43,All Levels,9 hours,2016-12-29T01:19:32Z,Graphic Design,3870,29-12-2016,01:19:32Z,2016,12,29
733654,なぞるだけですぐできる! 簡単手描きイラスト講座,TRUE,30,123,12,48,Beginner Level,3 hours,2016-02-16T17:10:15Z,Graphic Design,3690,16-02-2016,17:10:15Z,2016,2,16
994312,Découvrez InDesign en 1 heure,TRUE,20,38,3,25,Beginner Level,1 hour,2016-11-21T19:52:01Z,Graphic Design,760,21-11-2016,19:52:01Z,2016,11,21
902300,Convert Image to Vector in Adobe illustrator,FALSE,0,3251,158,13,Intermediate Level,31 mins,2016-07-13T16:57:42Z,Graphic Design,0,13-07-2016,16:57:42Z,2016,7,13
522426,Design & Create Vector Graphics With Inkscape 2016,TRUE,200,2091,11,26,Beginner Level,2.5 hours,2015-06-08T18:46:45Z,Graphic Design,418200,08-06-2015,18:46:45Z,2015,6,8
550360,GIMP for Beginners. Make Your Own Professional Book Covers,TRUE,20,1002,29,44,Beginner Level,6.5 hours,2015-07-10T22:09:07Z,Graphic Design,20040,10-07-2015,22:09:07Z,2015,7,10
314698,Learn Photoshop Quickly (For Bloggers & Web Images),TRUE,80,806,53,28,Beginner Level,2.5 hours,2014-10-08T22:31:26Z,Graphic Design,64480,08-10-2014,22:31:26Z,2014,10,8
960898,Photoshop CC 2017 for Beginners: Master Photoshop Essentials,TRUE,195,389,20,43,Beginner Level,3 hours,2016-11-05T19:25:03Z,Graphic Design,75855,05-11-2016,19:25:03Z,2016,11,5
1245392,Voxel 3D Model Creation Course,FALSE,0,1031,9,8,All Levels,39 mins,2017-06-08T22:46:39Z,Graphic Design,0,08-06-2017,22:46:39Z,2017,6,8
661628,Logo Design: Mastering the Wordmark,TRUE,20,500,29,17,All Levels,2 hours,2015-11-09T19:30:18Z,Graphic Design,10000,09-11-2015,19:30:18Z,2015,11,9
1199928,The Complete Canva Course,TRUE,200,68,11,48,All Levels,4.5 hours,2017-05-10T17:12:51Z,Graphic Design,13600,10-05-2017,17:12:51Z,2017,5,10
923902,Learn Photoshop for Design: 100% Practical Projects,TRUE,20,651,5,12,All Levels,40 mins,2016-08-08T17:51:02Z,Graphic Design,13020,08-08-2016,17:51:02Z,2016,8,8
720300,Logo Design Theory & Application Bootcamp,TRUE,50,341,57,35,All Levels,7 hours,2016-01-10T16:16:39Z,Graphic Design,17050,10-01-2016,16:16:39Z,2016,1,10
79120,LaTeX for Professional Publications,TRUE,25,867,203,22,Beginner Level,3 hours,2013-09-24T18:21:26Z,Graphic Design,21675,24-09-2013,18:21:26Z,2013,9,24
1106490,The Design Theory Blitz,TRUE,35,142,35,9,Beginner Level,42 mins,2017-04-05T22:44:22Z,Graphic Design,4970,05-04-2017,22:44:22Z,2017,4,5
424770,Book Design With MS Word And Canva ,TRUE,95,1825,24,33,All Levels,2.5 hours,2015-03-05T22:37:01Z,Graphic Design,173375,05-03-2015,22:37:01Z,2015,3,5
22445,Learn to Design a Letterhead - A Beginners Course,FALSE,0,24687,423,13,All Levels,44 mins,2012-10-10T23:34:55Z,Graphic Design,0,10-10-2012,23:34:55Z,2012,10,10
581352,Creating Icons with Adobe Illustrator,TRUE,30,2266,26,10,All Levels,1 hour,2015-08-13T18:54:20Z,Graphic Design,67980,13-08-2015,18:54:20Z,2015,8,13
874656,Create Stunning Infographics to Share your Ideas,FALSE,0,5175,470,7,Beginner Level,30 mins,2016-08-14T22:04:11Z,Graphic Design,0,14-08-2016,22:04:11Z,2016,8,14
1156778,How to stylize your photos in Photoshop with color overlays,FALSE,0,3512,58,17,Beginner Level,1.5 hours,2017-03-30T16:26:36Z,Graphic Design,0,30-03-2017,16:26:36Z,2017,3,30
870936,Business Card and Letterhead Design in Adobe Illustrator,TRUE,200,797,30,37,All Levels,2 hours,2016-08-10T17:31:33Z,Graphic Design,159400,10-08-2016,17:31:33Z,2016,8,10
413713,A Complete Guide to Successful Freelance Logo Design Career,TRUE,145,2745,61,67,All Levels,8.5 hours,2015-02-19T03:39:50Z,Graphic Design,398025,19-02-2015,03:39:50Z,2015,2,19
52457,The Logo Design Process From Start To Finish,TRUE,95,2361,74,40,All Levels,5.5 hours,2013-09-24T03:52:32Z,Graphic Design,224295,24-09-2013,03:52:32Z,2013,9,24
446936,Creative logo design with Inkscape for free,TRUE,40,1530,49,25,All Levels,4 hours,2015-11-12T17:01:44Z,Graphic Design,61200,12-11-2015,17:01:44Z,2015,11,12
77896,Typography Fundamentals - Feel confident with type!,TRUE,20,1873,121,14,Beginner Level,1 hour,2013-10-20T07:39:55Z,Graphic Design,37460,20-10-2013,07:39:55Z,2013,10,20
654038,How To Sell Your Art Online With ETSY,TRUE,100,1338,38,35,Beginner Level,3 hours,2015-11-11T01:26:13Z,Graphic Design,133800,11-11-2015,01:26:13Z,2015,11,11
438420,Ultimate Guide on Freelancing Career in Photoshop Design,TRUE,165,1479,49,82,All Levels,6.5 hours,2015-04-30T19:41:43Z,Graphic Design,244035,30-04-2015,19:41:43Z,2015,4,30
1246636,Photoshop - Como criar Fusão de forma profissional,TRUE,30,38,6,34,All Levels,4 hours,2017-06-12T13:19:09Z,Graphic Design,1140,12-06-2017,13:19:09Z,2017,6,12
406424,"Photoshop, Illustrator, InDesign & Graphic Design Principles",TRUE,30,934,143,41,All Levels,12 hours,2015-02-02T14:24:21Z,Graphic Design,28020,02-02-2015,14:24:21Z,2015,2,2
1243016,Photoshop - Tratamento de pele profissional,TRUE,100,50,5,16,Intermediate Level,1.5 hours,2017-06-06T14:22:28Z,Graphic Design,5000,06-06-2017,14:22:28Z,2017,6,6
1266468,Indesign - Para quem quer trabalhar com Design Gráfico,TRUE,100,27,7,12,Intermediate Level,2.5 hours,2017-06-27T02:48:29Z,Graphic Design,2700,27-06-2017,02:48:29Z,2017,6,27
611804,Primeros Pasos con Photoshop CC,FALSE,0,6429,654,31,Beginner Level,2.5 hours,2015-09-23T15:30:59Z,Graphic Design,0,23-09-2015,15:30:59Z,2015,9,23
276680,Cómo Diseñar Logos,TRUE,25,422,120,31,Beginner Level,3.5 hours,2015-03-05T19:16:43Z,Graphic Design,10550,05-03-2015,19:16:43Z,2015,3,5
922092,Photoshop para principiantes: ¡De cero a experto!,TRUE,120,410,15,62,Beginner Level,7.5 hours,2016-08-22T19:07:23Z,Graphic Design,49200,22-08-2016,19:07:23Z,2016,8,22
1274846,Photoshop Avançado - Pós Produção e fusão com 3D,TRUE,135,15,0,6,Expert Level,1 hour,2017-07-03T01:15:29Z,Graphic Design,2025,03-07-2017,01:15:29Z,2017,7,3
1093446,ABC do Adobe Illustrator,TRUE,35,115,15,56,Beginner Level,5.5 hours,2017-02-06T14:36:41Z,Graphic Design,4025,06-02-2017,14:36:41Z,2017,2,6
1000116,خطوتك الأولى لتعلم الفوتوشوبPhotoshop,TRUE,20,272,11,12,Beginner Level,2 hours,2016-12-22T15:20:50Z,Graphic Design,5440,22-12-2016,15:20:50Z,2016,12,22
673142,master course - realistisch zeichnen lernen,TRUE,20,280,46,33,All Levels,5 hours,2016-02-10T00:25:00Z,Graphic Design,5600,10-02-2016,00:25:00Z,2016,2,10
701468,Photoshopマスターコース　基礎から上級まで　ステップバイステップでPhotoshopのすべてを学ぼう,TRUE,70,354,27,98,All Levels,13 hours,2016-01-04T18:29:16Z,Graphic Design,24780,04-01-2016,18:29:16Z,2016,1,4
399938,Professional Logo Design in Adobe Illustrator,FALSE,0,44044,1563,45,All Levels,7.5 hours,2015-01-22T11:18:06Z,Graphic Design,0,22-01-2015,11:18:06Z,2015,1,22
555952,Learn UI/UX and Mobile App Design in Photoshop from Scratch,TRUE,145,1367,61,31,All Levels,3 hours,2015-08-06T20:22:52Z,Graphic Design,198215,06-08-2015,20:22:52Z,2015,8,6
341952,Mastering Photoshop: From Beginner to Industry Professional,TRUE,25,1754,52,79,Intermediate Level,12.5 hours,2014-11-25T17:47:46Z,Graphic Design,43850,25-11-2014,17:47:46Z,2014,11,25
474076,Expert Retina / HiDPI Graphics in Photoshop & Illustrator,TRUE,195,2067,8,18,All Levels,1.5 hours,2015-04-26T19:50:34Z,Graphic Design,403065,26-04-2015,19:50:34Z,2015,4,26
839536,Start Making Comics with Manga Studio 5 / Clip Studio Paint,FALSE,0,5301,125,77,All Levels,6.5 hours,2016-06-21T02:49:47Z,Graphic Design,0,21-06-2016,02:49:47Z,2016,6,21
787340,Most Wanted Flat Design Techniques #1: Desert Island,FALSE,0,4294,143,15,Intermediate Level,1 hour,2016-03-17T18:15:21Z,Graphic Design,0,17-03-2016,18:15:21Z,2016,3,17
559204,Photoshop Quickstart Guide to Digital Sketching,TRUE,20,1679,24,15,Beginner Level,1 hour,2015-09-17T18:46:40Z,Graphic Design,33580,17-09-2015,18:46:40Z,2015,9,17
1197810,Gestalt Principles & Pattern Design : Create Festive Pattern,TRUE,50,327,0,14,All Levels,1 hour,2017-05-02T04:52:52Z,Graphic Design,16350,02-05-2017,04:52:52Z,2017,5,2
971260,Logo Design - Design a Logo in Photoshop for beginners,TRUE,30,740,20,12,Beginner Level,35 mins,2016-12-02T18:27:20Z,Graphic Design,22200,02-12-2016,18:27:20Z,2016,12,2
960326,Advanced Features in Adobe Illustrator,TRUE,30,1348,6,14,Intermediate Level,1 hour,2016-10-12T17:13:16Z,Graphic Design,40440,12-10-2016,17:13:16Z,2016,10,12
144222,"YOU can Draw, Shade and Paint a Mixed Media Girl...today!",TRUE,30,1249,44,19,Beginner Level,3 hours,2014-01-28T02:30:26Z,Graphic Design,37470,28-01-2014,02:30:26Z,2014,1,28
447210,Photoshop | GIMP: Quick & Easy Image Hacks for Beginners,TRUE,135,1275,26,42,Beginner Level,3.5 hours,2015-05-27T19:07:13Z,Graphic Design,172125,27-05-2015,19:07:13Z,2015,5,27
482208,Learn Photoshop CC Essentials,TRUE,75,3117,30,62,Beginner Level,4.5 hours,2015-05-06T00:47:09Z,Graphic Design,233775,06-05-2015,00:47:09Z,2015,5,6
998580,Mobile App Design: From Beginner to Intermediate,TRUE,140,896,21,108,All Levels,10 hours,2017-02-20T17:42:07Z,Graphic Design,125440,20-02-2017,17:42:07Z,2017,2,20
475214,Text based Logo Design for Business Using Adobe Photoshop,TRUE,20,4208,25,19,All Levels,1 hour,2015-08-03T22:10:33Z,Graphic Design,84160,03-08-2015,22:10:33Z,2015,8,3
77532,Graphic Design for Entrepreneurs...Who Can't Draw,TRUE,20,3903,51,13,Beginner Level,1.5 hours,2013-08-17T02:34:46Z,Graphic Design,78060,17-08-2013,02:34:46Z,2013,8,17
846214,BUSINESS CARD DESIGN IN POWERPOINT,TRUE,95,1710,13,16,Beginner Level,1 hour,2016-05-15T18:57:39Z,Graphic Design,162450,15-05-2016,18:57:39Z,2016,5,15
951912,Adobe - How to create a professional Video Title/ Web Banner,TRUE,20,1606,8,9,All Levels,44 mins,2016-09-07T20:28:12Z,Graphic Design,32120,07-09-2016,20:28:12Z,2016,9,7
1132572,How to Design an Awesome Letterhead in Adobe Illustrator,FALSE,0,4776,115,18,All Levels,34 mins,2017-03-03T03:20:22Z,Graphic Design,0,03-03-2017,03:20:22Z,2017,3,3
660876,Graphic Design - An Overview of the Field,FALSE,0,23229,2215,12,Beginner Level,1 hour,2015-11-09T19:10:57Z,Graphic Design,0,09-11-2015,19:10:57Z,2015,11,9
837798,✔️ Illustrator CC : Be a Graphic Designer in Illustrator CC,TRUE,25,1456,62,77,All Levels,6.5 hours,2016-07-06T21:08:43Z,Graphic Design,36400,06-07-2016,21:08:43Z,2016,7,6
834226,FLAT ICON DESIGN IN POWERPOINT,TRUE,95,1534,24,23,Beginner Level,1.5 hours,2016-05-03T00:54:17Z,Graphic Design,145730,03-05-2016,00:54:17Z,2016,5,3
750934,Logo Design By Example : Design 5 Famous Logos,TRUE,50,2199,28,16,Beginner Level,1 hour,2016-02-03T20:23:32Z,Graphic Design,109950,03-02-2016,20:23:32Z,2016,2,3
770622,Bring your sketch to life - learn digital illustration,TRUE,70,1202,68,36,Beginner Level,3.5 hours,2016-04-29T00:39:55Z,Graphic Design,84140,29-04-2016,00:39:55Z,2016,4,29
1029436,Learn Cinema 4D: Create an Abstract Background,TRUE,20,2004,4,9,Beginner Level,34 mins,2017-02-22T23:08:38Z,Graphic Design,40080,22-02-2017,23:08:38Z,2017,2,22
1165588,The Art of Icon Design: Create Custom Flat Icon Designs,TRUE,90,778,2,24,All Levels,1.5 hours,2017-04-04T15:04:21Z,Graphic Design,70020,04-04-2017,15:04:21Z,2017,4,4
1226182,Design Tickets and Vouchers in Photoshop and Illustrator,TRUE,45,502,0,15,Beginner Level,2.5 hours,2017-05-27T00:01:54Z,Graphic Design,22590,27-05-2017,00:01:54Z,2017,5,27
978462,Blender Modelling Series - Volume Two,TRUE,100,1526,3,24,Beginner Level,2 hours,2016-10-12T20:22:14Z,Graphic Design,152600,12-10-2016,20:22:14Z,2016,10,12
585566,Master Adobe Photoshop Lightroom CC - From Beginner to Advan,TRUE,50,1468,190,141,Beginner Level,8 hours,2015-08-18T19:30:59Z,Graphic Design,73400,18-08-2015,19:30:59Z,2015,8,18
805882,Design bestselling T-shirts from Beginner to Expert.,TRUE,95,798,198,25,Beginner Level,40 mins,2016-04-06T20:48:07Z,Graphic Design,75810,06-04-2016,20:48:07Z,2016,4,6
413180,Digital Painting for Cartoon Characters,TRUE,30,2044,108,25,All Levels,4 hours,2015-02-05T18:05:18Z,Graphic Design,61320,05-02-2015,18:05:18Z,2015,2,5
1027480,Create Animated Gif Advertising Banners in Photoshop CC,TRUE,85,1310,9,20,All Levels,1 hour,2017-01-10T21:46:22Z,Graphic Design,111350,10-01-2017,21:46:22Z,2017,1,10
951304,The Play-Doh Technique: Fun Hand-made Vectors In Illustrator,TRUE,20,1145,42,20,All Levels,38 mins,2016-09-06T23:42:39Z,Graphic Design,22900,06-09-2016,23:42:39Z,2016,9,6
1219814,Photo Manipulation: Master Photo Editing,TRUE,75,326,6,43,All Levels,1 hour,2017-07-03T17:23:39Z,Graphic Design,24450,03-07-2017,17:23:39Z,2017,7,3
518870,How to create flat design icons in 15 minutes in Illustrator,TRUE,195,2228,96,51,All Levels,4.5 hours,2015-06-22T23:52:21Z,Graphic Design,434460,22-06-2015,23:52:21Z,2015,6,22
935108,Adobe - Create a professional logo step-by-step (Beauty),TRUE,20,2420,27,21,All Levels,1.5 hours,2016-08-27T23:43:41Z,Graphic Design,48400,27-08-2016,23:43:41Z,2016,8,27
53549,Essential Skills for Designers - Mastering the Pen Tool,TRUE,45,387,24,24,All Levels,2 hours,2013-05-13T12:59:21Z,Graphic Design,17415,13-05-2013,12:59:21Z,2013,5,13
907408,Morphing  with After Effect : Everything you need to know,TRUE,20,421,10,18,All Levels,1 hour,2016-07-21T14:08:04Z,Graphic Design,8420,21-07-2016,14:08:04Z,2016,7,21
410974,Learn  After Effects and master 3d layers in after effects,TRUE,20,987,2,29,All Levels,1.5 hours,2015-02-23T08:05:26Z,Graphic Design,19740,23-02-2015,08:05:26Z,2015,2,23
1035402,Learn Adobe Illustrator CC - All Essentials In 1 Hour!,TRUE,55,324,7,14,Beginner Level,1 hour,2017-03-01T00:56:31Z,Graphic Design,17820,01-03-2017,00:56:31Z,2017,3,1
991416,History of Art and Design from XV to XXI century,TRUE,20,319,11,35,All Levels,2 hours,2016-10-24T15:44:34Z,Graphic Design,6380,24-10-2016,15:44:34Z,2016,10,24
472592,App Design + Web Design + Photoshop = Combined Course,TRUE,115,1087,6,24,Beginner Level,2 hours,2015-04-27T21:32:04Z,Graphic Design,125005,27-04-2015,21:32:04Z,2015,4,27
140368,Adobe Illustrator CC for beginners,TRUE,20,270,28,118,Beginner Level,8 hours,2014-12-17T14:01:35Z,Graphic Design,5400,17-12-2014,14:01:35Z,2014,12,17
366194,Complete Portrait and Figure Drawing (step-by-step),TRUE,20,124,8,16,All Levels,1.5 hours,2014-12-17T18:16:16Z,Graphic Design,2480,17-12-2014,18:16:16Z,2014,12,17
939882,Adobe Illustrator: Learn Easy Logo Design.,TRUE,20,371,5,26,All Levels,3.5 hours,2016-09-06T16:43:47Z,Graphic Design,7420,06-09-2016,16:43:47Z,2016,9,6
631148,Create Beautiful Compelling Social Media Banners With Canva,TRUE,50,1098,3,34,Beginner Level,1.5 hours,2015-10-14T22:01:19Z,Graphic Design,54900,14-10-2015,22:01:19Z,2015,10,14
885479,Become a Professional Logo Designer,TRUE,150,107,16,82,All Levels,8 hours,2016-06-28T19:02:59Z,Graphic Design,16050,28-06-2016,19:02:59Z,2016,6,28
783438,Learn Photoshop Actions - Save time with repetitive tasks,TRUE,25,507,2,7,Intermediate Level,37 mins,2016-03-08T22:05:33Z,Graphic Design,12675,08-03-2016,22:05:33Z,2016,3,8
49553,Essential Skills for Designers - Masking,TRUE,45,646,30,25,All Levels,2 hours,2013-05-11T17:38:32Z,Graphic Design,29070,11-05-2013,17:38:32Z,2013,5,11
506164,Mastering Photoshop Elements 13 Made Easy Training Tutorial,TRUE,20,1738,8,166,Beginner Level,10.5 hours,2015-05-22T20:50:12Z,Graphic Design,34760,22-05-2015,20:50:12Z,2015,5,22
280194,"Become a Graphic Designer, and earn a living from it",TRUE,35,2354,12,37,All Levels,3 hours,2014-09-17T13:20:56Z,Graphic Design,82390,17-09-2014,13:20:56Z,2014,9,17
711210,Learn 2D Cell Shading in Photoshop,TRUE,20,238,25,8,Intermediate Level,1.5 hours,2016-03-14T16:25:09Z,Graphic Design,4760,14-03-2016,16:25:09Z,2016,3,14
905244,Adobe Illustrator For Everyone: Create Detailed Vector Image,TRUE,185,165,17,11,All Levels,1.5 hours,2016-08-09T14:07:47Z,Graphic Design,30525,09-08-2016,14:07:47Z,2016,8,9
637066,Learn Digital Drawing in Photoshop,TRUE,20,1080,15,13,All Levels,2 hours,2015-10-12T21:21:22Z,Graphic Design,21600,12-10-2015,21:21:22Z,2015,10,12
785328,Quickly Batch Export & Package Logo Files for Clients,TRUE,20,489,10,5,Intermediate Level,41 mins,2017-05-01T22:06:06Z,Graphic Design,9780,01-05-2017,22:06:06Z,2017,5,1
744696,Logo Design for Everybody,TRUE,30,706,10,24,Beginner Level,5.5 hours,2016-03-08T17:30:36Z,Graphic Design,21180,08-03-2016,17:30:36Z,2016,3,8
220604,Pixelmator - Create Vector Graphics From Scratch,TRUE,20,507,42,36,All Levels,3 hours,2014-09-19T00:58:59Z,Graphic Design,10140,19-09-2014,00:58:59Z,2014,9,19
699380,Creating an animated greeting card via Google Slides,TRUE,20,770,8,8,Intermediate Level,1 hour,2016-05-06T15:54:32Z,Graphic Design,15400,06-05-2016,15:54:32Z,2016,5,6
787096,Most Wanted Flat Design Techniques #3: Office Space,TRUE,95,1028,2,26,Intermediate Level,2 hours,2016-03-17T18:49:15Z,Graphic Design,97660,17-03-2016,18:49:15Z,2016,3,17
793000,Flat Design - Create Beautiful Flat Graphics In Photoshop,TRUE,20,545,13,23,All Levels,2 hours,2016-03-20T20:57:08Z,Graphic Design,10900,20-03-2016,20:57:08Z,2016,3,20
803058,T-Shirt Design Workshop 01: Foundation,TRUE,25,690,162,19,All Levels,1 hour,2016-03-25T20:50:23Z,Graphic Design,17250,25-03-2016,20:50:23Z,2016,3,25
494058,Expert Guide : Mastering Shapes Creation with Illustrator,TRUE,200,2911,17,35,All Levels,5 hours,2015-05-25T19:01:26Z,Graphic Design,582200,25-05-2015,19:01:26Z,2015,5,25
1027080,Logo Portfolio in 1 Hour in Wordpress,TRUE,100,734,9,36,All Levels,1 hour,2016-12-06T22:13:44Z,Graphic Design,73400,06-12-2016,22:13:44Z,2016,12,6
367460,Complete Digital Painting Training with Corel Painter,TRUE,30,4353,23,57,All Levels,3.5 hours,2015-02-09T13:36:24Z,Graphic Design,130590,09-02-2015,13:36:24Z,2015,2,9
1151342,How to Design Simple Promotional Materials in Photoshop,TRUE,55,521,5,23,Beginner Level,2.5 hours,2017-04-04T21:04:48Z,Graphic Design,28655,04-04-2017,21:04:48Z,2017,4,4
395140,Design and Animate a Gamer UI,TRUE,20,3481,37,6,All Levels,1.5 hours,2015-01-15T19:59:29Z,Graphic Design,69620,15-01-2015,19:59:29Z,2015,1,15
866796,Learn Blender 3D - The materials and texture course,TRUE,200,711,48,105,All Levels,12.5 hours,2016-08-08T22:30:17Z,Graphic Design,142200,08-08-2016,22:30:17Z,2016,8,8
857144,FACEBOOK COVERS IN POWERPOINT,TRUE,95,1123,31,13,Beginner Level,38 mins,2016-05-23T18:15:45Z,Graphic Design,106685,23-05-2016,18:15:45Z,2016,5,23
611370,"Quote Images for Pinterest, Facebook, & Instagram",FALSE,0,12103,576,18,Beginner Level,1 hour,2015-09-24T19:47:45Z,Graphic Design,0,24-09-2015,19:47:45Z,2015,9,24
452092,Adobe Illustrator: Create a Quick & Easy Unique Illustration,TRUE,95,1418,57,19,Beginner Level,1.5 hours,2015-03-22T23:59:21Z,Graphic Design,134710,22-03-2015,23:59:21Z,2015,3,22
286424,Learn to Design a Logo in Adobe Illustrator,TRUE,20,3390,49,29,All Levels,4.5 hours,2014-08-23T23:17:22Z,Graphic Design,67800,23-08-2014,23:17:22Z,2014,8,23
348116,Photoshop In-Depth: Master all of Photoshop's Tools Easily,FALSE,0,53851,1779,45,All Levels,4.5 hours,2014-11-30T04:22:11Z,Graphic Design,0,30-11-2014,04:22:11Z,2014,11,30
436568,Diseño de logo para principiantes,TRUE,25,3,3,12,All Levels,40 mins,2015-03-23T17:37:40Z,Graphic Design,75,23-03-2015,17:37:40Z,2015,3,23
956002,After Effects - Alles rund um das Tracking,TRUE,20,1,0,6,Beginner Level,1.5 hours,2016-09-13T16:14:44Z,Graphic Design,20,13-09-2016,16:14:44Z,2016,9,13
185500,Introducción al retrato realista con Photoshop,TRUE,20,3,0,7,Beginner Level,1 hour,2014-04-15T21:38:52Z,Graphic Design,60,15-04-2014,21:38:52Z,2014,4,15
722176,Uso Básico de Adobe Photoshop,TRUE,20,1,0,27,Beginner Level,1 hour,2016-02-08T19:47:44Z,Graphic Design,20,08-02-2016,19:47:44Z,2016,2,8
197610,Técnicas Photoshop: Reformar Campo de golf,TRUE,40,2,0,34,All Levels,1.5 hours,2014-05-08T16:34:34Z,Graphic Design,80,08-05-2014,16:34:34Z,2014,5,8
672112,誰でもわかる Adobe Illustrator CS5,TRUE,20,1,0,13,Beginner Level,3.5 hours,2015-11-24T17:36:47Z,Graphic Design,20,24-11-2015,17:36:47Z,2015,11,24
672086,誰でもわかる Adobe Photoshop CS5,TRUE,20,1,0,14,Beginner Level,3.5 hours,2015-11-24T17:17:32Z,Graphic Design,20,24-11-2015,17:17:32Z,2015,11,24
185538,MicroStation - Niveles,TRUE,20,2,0,7,Beginner Level,34 mins,2014-04-15T21:55:17Z,Graphic Design,40,15-04-2014,21:55:17Z,2014,4,15
188604,Crea personajes fantásticos con Photoshop,TRUE,20,1,0,8,Beginner Level,1 hour,2014-04-04T21:27:35Z,Graphic Design,20,04-04-2014,21:27:35Z,2014,4,4
188584,Letras en Adobe Illustrator,TRUE,40,0,0,13,Beginner Level,2.5 hours,2014-04-04T21:23:23Z,Graphic Design,0,04-04-2014,21:23:23Z,2014,4,4
181268,Photoshop: Creando elemental de aire,TRUE,20,0,0,5,Beginner Level,1 hour,2014-04-01T21:50:32Z,Graphic Design,0,01-04-2014,21:50:32Z,2014,4,1
185526,MicroStation - Células,TRUE,20,0,0,9,Beginner Level,37 mins,2014-04-15T21:48:55Z,Graphic Design,0,15-04-2014,21:48:55Z,2014,4,15
177472,Nuke X: Aprende composición digital,TRUE,35,3,1,21,Beginner Level,2.5 hours,2014-04-01T21:08:52Z,Graphic Design,105,01-04-2014,21:08:52Z,2014,4,1
766320,สร้างงานกราฟฟิคแอพพลิเคชั่นมือถือด้วย Adobe Illustrator,TRUE,20,25,5,30,Beginner Level,9.5 hours,2016-02-25T17:18:41Z,Graphic Design,500,25-02-2016,17:18:41Z,2016,2,25
181264,Photoshop: Creando elemental de agua,TRUE,20,1,1,5,Beginner Level,37 mins,2014-04-01T21:48:16Z,Graphic Design,20,01-04-2014,21:48:16Z,2014,4,1
513846,７日でマスター  ビギナー向け Adobe Illustrator　どきどきセミナー,TRUE,20,108,3,44,Beginner Level,5.5 hours,2015-08-19T01:06:26Z,Graphic Design,2160,19-08-2015,01:06:26Z,2015,8,19
242176,Si eres nuevo en Photoshop...Este es tu curso Nº1,TRUE,20,13,3,22,Beginner Level,2 hours,2014-06-17T15:15:28Z,Graphic Design,260,17-06-2014,15:15:28Z,2014,6,17
255604,Intro to Illustrator,TRUE,20,11,4,59,Beginner Level,7 hours,2014-07-20T11:12:36Z,Graphic Design,220,20-07-2014,11:12:36Z,2014,7,20
1049380,画像加工の初心者だとしても、１週間でホームページのトップ画像を製作できるようになる画像製作講座,TRUE,65,37,0,49,Beginner Level,4 hours,2017-03-22T18:44:05Z,Graphic Design,2405,22-03-2017,18:44:05Z,2017,3,22
1216164,Photoshop - Automatização com Adobe Script,TRUE,195,7,0,87,Intermediate Level,8.5 hours,2017-05-15T21:32:29Z,Graphic Design,1365,15-05-2017,21:32:29Z,2017,5,15
1024800,دورة شامل لبرنامج إلستريتور للمبتدئين - Adobe illustrator CC,TRUE,30,1,1,24,Beginner Level,4.5 hours,2017-06-08T16:27:53Z,Graphic Design,30,08-06-2017,16:27:53Z,2017,6,8
1262470,Corel Draw X8 Başlangıç Eğitimi (YENİ),TRUE,65,1,0,66,Beginner Level,6.5 hours,2017-06-21T19:35:10Z,Graphic Design,65,21-06-2017,19:35:10Z,2017,6,21
1164832,Formation Photoshop,TRUE,200,6,0,11,Beginner Level,1 hour,2017-05-15T14:15:55Z,Graphic Design,1200,15-05-2017,14:15:55Z,2017,5,15
794036,8 Stunden professionelles Cinema 4D Training,TRUE,50,18,1,38,All Levels,8.5 hours,2016-03-22T20:51:28Z,Graphic Design,900,22-03-2016,20:51:28Z,2016,3,22
1004512,Clipping Masks & Shaped images in Adobe Photoshop CC,TRUE,90,1905,12,14,All Levels,44 mins,2016-12-09T04:41:48Z,Graphic Design,171450,09-12-2016,04:41:48Z,2016,12,9
464184,Expert Guide : Mastering Photoshop Smart Objects in depth !,TRUE,195,3360,26,16,All Levels,2 hours,2015-04-07T22:23:50Z,Graphic Design,655200,07-04-2015,22:23:50Z,2015,4,7
1126016,Portrait Typography in Photoshop - Anyone can do Typography,TRUE,95,941,2,26,All Levels,2.5 hours,2017-03-06T18:24:49Z,Graphic Design,89395,06-03-2017,18:24:49Z,2017,3,6
482924,Mastering Retouching and Restoration (15 projects Included),TRUE,100,4927,15,22,All Levels,2.5 hours,2015-04-26T12:27:22Z,Graphic Design,492700,26-04-2015,12:27:22Z,2015,4,26
738198,Make flat design trees in Adobe Illustrator in 30 minutes!,TRUE,50,2087,95,6,Beginner Level,38 mins,2016-01-22T21:24:38Z,Graphic Design,104350,22-01-2016,21:24:38Z,2016,1,22
768366,Photoshop Fantastic! - The Comprehensive Guide to Photoshop,TRUE,20,2938,26,45,All Levels,6 hours,2016-04-06T05:29:30Z,Graphic Design,58760,06-04-2016,05:29:30Z,2016,4,6
632136,Drawing in PowerPoint: Block diagram + Experiments + Cartoon,TRUE,155,2911,29,37,Beginner Level,2 hours,2015-11-11T23:41:48Z,Graphic Design,451205,11-11-2015,23:41:48Z,2015,11,11
663702,Graphic Design: Double Your Sales With Canva,TRUE,20,1797,40,39,All Levels,2.5 hours,2015-11-17T04:16:05Z,Graphic Design,35940,17-11-2015,04:16:05Z,2015,11,17
558432,Easy Typography Tips to Beautify and Strengthen Your Work,TRUE,45,3192,11,18,Intermediate Level,1 hour,2015-08-06T21:35:13Z,Graphic Design,143640,06-08-2015,21:35:13Z,2015,8,6
628786,Adobe Illustrator Advanced Vector Artwork,TRUE,90,1538,117,74,All Levels,7.5 hours,2017-02-06T23:07:33Z,Graphic Design,138420,06-02-2017,23:07:33Z,2017,2,6
133968,Web Elements Design With Photoshop,TRUE,45,5072,38,44,All Levels,5 hours,2014-10-21T19:18:12Z,Graphic Design,228240,21-10-2014,19:18:12Z,2014,10,21
938680,Logo Design Made Easy: Create your own logo in PowerPoint,TRUE,20,1086,17,8,Beginner Level,1 hour,2016-11-22T16:30:46Z,Graphic Design,21720,22-11-2016,16:30:46Z,2016,11,22
691641,Typografie - Die besten Schriftarten im Geschäftsalltag,TRUE,75,213,10,16,Beginner Level,1.5 hours,2016-01-18T23:47:06Z,Graphic Design,15975,18-01-2016,23:47:06Z,2016,1,18
801186,Lettering,TRUE,40,135,33,14,All Levels,1.5 hours,2016-03-24T21:12:01Z,Graphic Design,5400,24-03-2016,21:12:01Z,2016,3,24
906760,Corel Draw x7,TRUE,20,164,43,62,All Levels,12 hours,2016-07-20T19:22:32Z,Graphic Design,3280,20-07-2016,19:22:32Z,2016,7,20
705444,Adobe Photoshop CC - Fundamentos,TRUE,40,290,49,88,Beginner Level,7.5 hours,2016-01-06T01:33:28Z,Graphic Design,11600,06-01-2016,01:33:28Z,2016,1,6
601092,Curso de Diseño e Ilustracion de Armas para Videojuegos,TRUE,40,183,18,19,All Levels,2.5 hours,2015-09-21T17:12:21Z,Graphic Design,7320,21-09-2015,17:12:21Z,2015,9,21
1246518,Photoshop - Composição vintage,TRUE,30,35,4,9,All Levels,1 hour,2017-06-12T13:12:54Z,Graphic Design,1050,12-06-2017,13:12:54Z,2017,6,12
1181652,Photoshop: Automatiza invitaciones con bloc de notas y Excel,TRUE,30,86,2,18,All Levels,1.5 hours,2017-04-20T14:26:50Z,Graphic Design,2580,20-04-2017,14:26:50Z,2017,4,20
913768,Illustrator CC 2016 Power Workshops (Deutsch),TRUE,150,96,10,50,Intermediate Level,4.5 hours,2016-07-25T17:16:46Z,Graphic Design,14400,25-07-2016,17:16:46Z,2016,7,25
648350,Curso Blender 3D  do Básico ao Avançado ,TRUE,20,353,79,154,All Levels,14.5 hours,2015-10-25T18:55:53Z,Graphic Design,7060,25-10-2015,18:55:53Z,2015,10,25
1161864,Diseño impreso - Preimpresión para offset en Illustrator,TRUE,100,33,9,29,All Levels,1.5 hours,2017-05-31T18:37:31Z,Graphic Design,3300,31-05-2017,18:37:31Z,2017,5,31
374404,Fundamentos de la Tipografía - Para un diseño eficaz,TRUE,20,172,24,15,Beginner Level,1 hour,2014-12-30T12:08:21Z,Graphic Design,3440,30-12-2014,12:08:21Z,2014,12,30
967486,الدورة الشاملة illustrator from zero to hero,TRUE,150,155,40,158,All Levels,30 hours,2016-12-19T14:30:40Z,Graphic Design,23250,19-12-2016,14:30:40Z,2016,12,19
496302,Designing an eBook Cover that Sells,TRUE,20,27,2,18,All Levels,2 hours,2015-05-08T21:54:13Z,Graphic Design,540,08-05-2015,21:54:13Z,2015,5,8
1163644,Master Terrazzo: Creating Vector Tiles with Adobe Illustrati,TRUE,20,2,1,11,Intermediate Level,1 hour,2017-03-31T16:37:49Z,Graphic Design,40,31-03-2017,16:37:49Z,2017,3,31
909970,Paint atmospheric sunset with soft pastel!,TRUE,20,7,1,5,Intermediate Level,37 mins,2016-08-17T19:28:32Z,Graphic Design,140,17-08-2016,19:28:32Z,2016,8,17
297702,Earn and Learn to create Logo designs in Illustrator quickly,TRUE,50,18,1,7,All Levels,1 hour,2014-09-10T14:19:56Z,Graphic Design,900,10-09-2014,14:19:56Z,2014,9,10
978272,Create your own Photoshop brush preset!,TRUE,20,4,1,8,Beginner Level,37 mins,2016-11-18T01:59:31Z,Graphic Design,80,18-11-2016,01:59:31Z,2016,11,18
37821,Quick and Quirky Caricatures - Learn in an Hour!,TRUE,20,139,14,9,Beginner Level,1.5 hours,2013-01-24T18:40:06Z,Graphic Design,2780,24-01-2013,18:40:06Z,2013,1,24
514398,Finalize Production Files | Photoshop Illustrator InDesign,TRUE,50,18,2,30,All Levels,1 hour,2015-06-17T22:35:25Z,Graphic Design,900,17-06-2015,22:35:25Z,2015,6,17
544944,How to illustrate in Flash ,TRUE,20,5,2,17,Beginner Level,2 hours,2015-08-04T20:39:47Z,Graphic Design,100,04-08-2015,20:39:47Z,2015,8,4
326338,OpenCV Computer Vision Application Programming ,TRUE,85,167,14,30,All Levels,2.5 hours,2014-10-24T12:26:37Z,Graphic Design,14195,24-10-2014,12:26:37Z,2014,10,24
600366,Turn your animated greeting card carousel into a music video,TRUE,20,311,0,9,Intermediate Level,1 hour,2016-07-01T18:35:17Z,Graphic Design,6220,01-07-2016,18:35:17Z,2016,7,1
1088924,Mastering Photoshop Elements 15 Made Easy Training Tutorial,TRUE,30,13,4,185,Beginner Level,6.5 hours,2017-02-03T21:32:31Z,Graphic Design,390,03-02-2017,21:32:31Z,2017,2,3
574194,Manipulate Photos with GIMP,TRUE,20,34,4,11,All Levels,2 hours,2015-08-09T18:31:49Z,Graphic Design,680,09-08-2015,18:31:49Z,2015,8,9
865634,Learn to Draw Pretty Faces for Comic Books,TRUE,40,1522,145,37,Beginner Level,5 hours,2016-08-08T21:01:21Z,Graphic Design,60880,08-08-2016,21:01:21Z,2016,8,8
400130,The Business Graphic Design with Photoshop & Illustrator,TRUE,200,6039,128,111,All Levels,17 hours,2015-02-25T10:17:52Z,Graphic Design,1207800,25-02-2015,10:17:52Z,2015,2,25
563708,Bestseller!! Learn Illustrator CC in 1 Hour,TRUE,200,4449,100,9,Beginner Level,1.5 hours,2015-07-28T20:22:14Z,Graphic Design,889800,28-07-2015,20:22:14Z,2015,7,28
1228900,Learn Professional Book-Cover Designing Photoshop 4 Beginner,TRUE,200,6428,21,54,Beginner Level,3 hours,2017-06-13T16:13:33Z,Graphic Design,1285600,13-06-2017,16:13:33Z,2017,6,13
178044,How To Make Graphics For A Website,TRUE,200,24857,35,11,All Levels,1.5 hours,2014-03-15T21:53:19Z,Graphic Design,4971400,15-03-2014,21:53:19Z,2014,3,15
933888,Adobe Illustrator: How to Draw Squared Animals Icons,TRUE,180,2873,38,13,Beginner Level,32 mins,2017-01-10T15:38:21Z,Graphic Design,517140,10-01-2017,15:38:21Z,2017,1,10
516394,Book Covers and Graphic Design with PowerPoint 2013/2016/365,TRUE,195,5840,57,30,Beginner Level,4 hours,2015-06-03T16:52:27Z,Graphic Design,1138800,03-06-2015,16:52:27Z,2015,6,3
1195812,Getting Started With Digital Painting Using Krita,TRUE,20,1011,15,11,Beginner Level,36 mins,2017-05-02T21:49:34Z,Graphic Design,20220,02-05-2017,21:49:34Z,2017,5,2
590622,Logo Design - Guide to Logo Design in Photoshop,TRUE,25,6215,86,17,All Levels,2 hours,2016-02-05T05:20:39Z,Graphic Design,155375,05-02-2016,05:20:39Z,2016,2,5
249126,Logo Design Essentials ,TRUE,20,33205,481,12,All Levels,42 mins,2014-06-30T03:09:27Z,Graphic Design,664100,30-06-2014,03:09:27Z,2014,6,30
1163768,Fundamentals of Character Design: From Concept to Vector,TRUE,50,1452,10,11,Beginner Level,1 hour,2017-04-01T03:45:46Z,Graphic Design,72600,01-04-2017,03:45:46Z,2017,4,1
1131780,"Whiteboard Animation, Beginner To Expert - In 1 Hour!",TRUE,20,1343,25,16,All Levels,1 hour,2017-03-14T20:52:30Z,Graphic Design,26860,14-03-2017,20:52:30Z,2017,3,14
909486,Drawing Fun Caricatures! :) -The Best Method!,TRUE,25,41,11,6,All Levels,35 mins,2016-07-20T21:40:44Z,Graphic Design,1025,20-07-2016,21:40:44Z,2016,7,20
368958,Advanced Graphic Design-Photoshop CC 2014 for Photographers,TRUE,20,314,11,19,All Levels,1.5 hours,2014-12-19T05:55:57Z,Graphic Design,6280,19-12-2014,05:55:57Z,2014,12,19
201812,Design Beautiful & Professional Ebooks Using FREE Software,TRUE,20,239,7,26,All Levels,4 hours,2014-04-25T02:40:11Z,Graphic Design,4780,25-04-2014,02:40:11Z,2014,4,25
484896,Desktop Publishing 101: Simplified Editing,TRUE,20,507,9,9,Beginner Level,1 hour,2015-04-28T17:01:32Z,Graphic Design,10140,28-04-2015,17:01:32Z,2015,4,28
553832,Create Professional Character Designs in Photoshop,TRUE,20,228,11,21,Intermediate Level,4 hours,2015-07-14T23:17:08Z,Graphic Design,4560,14-07-2015,23:17:08Z,2015,7,14
452182,How to Make a Custom Graphic From Sketches ,TRUE,20,21,4,17,Beginner Level,44 mins,2015-04-10T19:00:00Z,Graphic Design,420,10-04-2015,19:00:00Z,2015,4,10
490392,Getting Started with Illustrator CC,TRUE,100,92,10,57,Beginner Level,5.5 hours,2015-05-01T21:29:51Z,Graphic Design,9200,01-05-2015,21:29:51Z,2015,5,1
1093760,"Photoshop From Scratch to Logos, Digital Drawing & Projects",TRUE,20,91,10,21,Beginner Level,1.5 hours,2017-05-12T17:56:59Z,Graphic Design,1820,12-05-2017,17:56:59Z,2017,5,12
1115504,How to Make Your Own Children's Interactive eBook!,TRUE,95,33,2,17,Beginner Level,1.5 hours,2017-02-17T23:41:59Z,Graphic Design,3135,17-02-2017,23:41:59Z,2017,2,17
446022,InDesign Basics for Beginners: Learn InDesign Quickly,TRUE,35,177,8,24,Beginner Level,1.5 hours,2015-08-13T21:47:01Z,Graphic Design,6195,13-08-2015,21:47:01Z,2015,8,13
522784,Create an Accelerated Learning Flowchart with Watercolors,TRUE,200,668,5,16,All Levels,2.5 hours,2015-06-08T17:56:38Z,Graphic Design,133600,08-06-2015,17:56:38Z,2015,6,8
311846,How to Create Vector Characters in Illustrator or Photoshop,TRUE,25,92,3,15,Beginner Level,3.5 hours,2014-10-02T17:40:19Z,Graphic Design,2300,02-10-2014,17:40:19Z,2014,10,2
942768,Photoshop Learn Concept Art Manipulation,TRUE,25,8,0,11,Beginner Level,1.5 hours,2016-08-30T03:11:48Z,Graphic Design,200,30-08-2016,03:11:48Z,2016,8,30
288850,Make Logo design pay with illustrator in less than a day,TRUE,50,22,1,20,All Levels,4 hours,2014-09-01T08:23:29Z,Graphic Design,1100,01-09-2014,08:23:29Z,2014,9,1
1068664,Create a Majestic Bear on Adobe Illustrator,TRUE,55,3,0,10,All Levels,1 hour,2017-05-02T20:44:42Z,Graphic Design,165,02-05-2017,20:44:42Z,2017,5,2
1136446,Adobe Illustrator CC Beginner,TRUE,30,2,0,37,Beginner Level,4 hours,2017-03-08T04:12:22Z,Graphic Design,60,08-03-2017,04:12:22Z,2017,3,8
1125728,Create Beveled Lettering in Adobe Illustrator,TRUE,20,2,0,8,Intermediate Level,35 mins,2017-02-26T17:17:59Z,Graphic Design,40,26-02-2017,17:17:59Z,2017,2,26
1228708,Learn Adobe Illustrator and Premiere Pro in 1 hour,TRUE,20,1,0,19,All Levels,1 hour,2017-06-02T00:18:15Z,Graphic Design,20,02-06-2017,00:18:15Z,2017,6,2
1095488,Adobe photoshop The  Flying Land compositing,TRUE,70,2,0,23,All Levels,2.5 hours,2017-02-20T16:40:15Z,Graphic Design,140,20-02-2017,16:40:15Z,2017,2,20
381828,Learn Mobile App Design in Photoshop,TRUE,20,11,1,13,Beginner Level,1.5 hours,2015-01-07T00:46:01Z,Graphic Design,220,07-01-2015,00:46:01Z,2015,1,7
406054,Photoshop: Real World Learning,TRUE,20,9,0,56,All Levels,5 hours,2015-01-29T01:45:52Z,Graphic Design,180,29-01-2015,01:45:52Z,2015,1,29
585174,Adobe Illustrator Fast Track,TRUE,40,9,0,23,Beginner Level,2.5 hours,2015-08-18T18:05:55Z,Graphic Design,360,18-08-2015,18:05:55Z,2015,8,18
1125814,Mastering Text Animation in After Effect,TRUE,20,1,1,9,Intermediate Level,1 hour,2017-02-26T19:49:26Z,Graphic Design,20,26-02-2017,19:49:26Z,2017,2,26
1105636,How to Design A 2D Character in Illustrator,TRUE,20,1,1,9,Beginner Level,1 hour,2017-02-08T22:04:43Z,Graphic Design,20,08-02-2017,22:04:43Z,2017,2,8
327310,Design Efficiency Intensive,TRUE,20,6,0,5,Intermediate Level,33 mins,2015-01-12T06:46:34Z,Graphic Design,120,12-01-2015,06:46:34Z,2015,1,12
1080584,Adobe Photoshop CC for Photographers Advanced,TRUE,30,1,0,43,Expert Level,2.5 hours,2017-01-19T22:12:04Z,Graphic Design,30,19-01-2017,22:12:04Z,2017,1,19
513212,Adobe InDesign Tips and Tricks,TRUE,80,4,0,8,All Levels,1 hour,2015-06-22T23:37:56Z,Graphic Design,320,22-06-2015,23:37:56Z,2015,6,22
1047750,Photoshop CC Training - Creating Fantastic Album Cover Art,TRUE,50,1,0,8,All Levels,1 hour,2016-12-21T19:40:11Z,Graphic Design,50,21-12-2016,19:40:11Z,2016,12,21
831640,Beginner's Guide to Book Cover Designing.,TRUE,25,2,1,11,Beginner Level,1 hour,2016-06-20T19:06:10Z,Graphic Design,50,20-06-2016,19:06:10Z,2016,6,20
570188,Low Poly Portrait Illustration,TRUE,20,4,0,8,All Levels,41 mins,2015-08-04T18:48:18Z,Graphic Design,80,04-08-2015,18:48:18Z,2015,8,4
365926,Events Promotion Design,TRUE,45,4,0,9,Intermediate Level,2 hours,2016-02-11T21:43:10Z,Graphic Design,180,11-02-2016,21:43:10Z,2016,2,11
986832,Adobe Photoshop CC Introduction,TRUE,30,1,0,55,Beginner Level,4.5 hours,2016-10-19T05:05:35Z,Graphic Design,30,19-10-2016,05:05:35Z,2016,10,19
1077836,Ecover Mastery in 30 Minutes with NO photoshop skills needed,TRUE,20,1,0,10,Beginner Level,38 mins,2017-01-23T21:55:40Z,Graphic Design,20,23-01-2017,21:55:40Z,2017,1,23
872816,Adobe Illustrator in Under 10: Fast info at your Fingertips!,TRUE,30,1,0,34,All Levels,3.5 hours,2016-06-23T03:51:13Z,Graphic Design,30,23-06-2016,03:51:13Z,2016,6,23
518188,An Easy Introduction to Adobe Photoshop,TRUE,20,1,0,6,Beginner Level,1 hour,2015-07-07T00:14:56Z,Graphic Design,20,07-07-2015,00:14:56Z,2015,7,7
726314,Create Beautiful Image Maps for Your Website,TRUE,20,0,0,8,Intermediate Level,37 mins,2016-01-18T17:56:36Z,Graphic Design,0,18-01-2016,17:56:36Z,2016,1,18
883828,T-Shirt Design Workshop 02: Mixed Media Design,TRUE,25,885,176,29,Intermediate Level,2.5 hours,2016-06-27T00:03:29Z,Graphic Design,22125,27-06-2016,00:03:29Z,2016,6,27
826202,Design a unique bookstore-quality Photo Book with Blurb,TRUE,180,2863,11,27,All Levels,2.5 hours,2016-04-26T18:30:41Z,Graphic Design,515340,26-04-2016,18:30:41Z,2016,4,26
1171720,Learn to Create Deliverable Brand Identity Package,TRUE,20,915,5,15,All Levels,1 hour,2017-04-13T00:51:27Z,Graphic Design,18300,13-04-2017,00:51:27Z,2017,4,13
117004,How to Draw Pinups and Sexy Women,TRUE,75,3525,109,33,Intermediate Level,20 hours,2013-11-19T03:05:51Z,Graphic Design,264375,19-11-2013,03:05:51Z,2013,11,19
952106,Design & Create Text Logos in Adobe Photoshop CS5,TRUE,95,2035,19,23,All Levels,1.5 hours,2016-10-16T17:25:29Z,Graphic Design,193325,16-10-2016,17:25:29Z,2016,10,16
854746,Freelancing A-Z: How To Start A Successful Freelance Career,TRUE,195,2267,28,81,All Levels,5 hours,2016-05-24T17:13:50Z,Graphic Design,442065,24-05-2016,17:13:50Z,2016,5,24
834114,Character Concept Design for Beginners,TRUE,175,1197,55,98,All Levels,16.5 hours,2016-09-18T17:56:23Z,Graphic Design,209475,18-09-2016,17:56:23Z,2016,9,18
1012262,Icon & Logo Symbol Design in Adobe Illustrator,TRUE,100,1043,27,30,All Levels,2 hours,2016-11-23T22:57:18Z,Graphic Design,104300,23-11-2016,22:57:18Z,2016,11,23
1091360,How to Draw Majestic Animals: Cats,TRUE,35,1356,4,11,All Levels,1 hour,2017-02-23T23:09:23Z,Graphic Design,47460,23-02-2017,23:09:23Z,2017,2,23
808542,Sketchbook Pro for Beginners,TRUE,125,1657,46,41,All Levels,4 hours,2016-04-01T00:18:17Z,Graphic Design,207125,01-04-2016,00:18:17Z,2016,4,1
1142428,Photoshop CC 2017 Full Course,TRUE,90,655,18,150,Beginner Level,3.5 hours,2017-04-25T17:12:10Z,Graphic Design,58950,25-04-2017,17:12:10Z,2017,4,25
1015308,Mobile App Design in Photoshop from Scratch - UI & UX DESIGN,TRUE,195,1282,17,19,All Levels,2.5 hours,2016-12-28T19:24:07Z,Graphic Design,249990,28-12-2016,19:24:07Z,2016,12,28
1114164,Affinity Designer - making seamless patterns,TRUE,20,35,13,11,All Levels,1 hour,2017-02-20T17:28:21Z,Graphic Design,700,20-02-2017,17:28:21Z,2017,2,20
635716,Typography: Learn the Foundation and Designs,TRUE,135,220,13,33,All Levels,2.5 hours,2015-11-11T00:52:59Z,Graphic Design,29700,11-11-2015,00:52:59Z,2015,11,11
374652,Sketch 3 - New Guide To iOS 8 Mobile App Design (2015),TRUE,20,481,15,66,All Levels,5.5 hours,2015-01-05T10:45:15Z,Graphic Design,9620,05-01-2015,10:45:15Z,2015,1,5
727510,How To Become An Etsy Wholesale Seller,TRUE,100,1013,0,25,Beginner Level,2.5 hours,2016-03-29T22:34:30Z,Graphic Design,101300,29-03-2016,22:34:30Z,2016,3,29
579202,How to make Business Cards like a Pro,TRUE,20,593,3,13,All Levels,42 mins,2015-08-11T19:07:52Z,Graphic Design,11860,11-08-2015,19:07:52Z,2015,8,11
699382,Creating animation puzzles with Google Slides,TRUE,20,679,5,9,Intermediate Level,1 hour,2016-05-30T18:02:47Z,Graphic Design,13580,30-05-2016,18:02:47Z,2016,5,30
20150,iPhone icons gone awesome,TRUE,20,2346,18,55,All Levels,3.5 hours,2012-06-26T14:39:05Z,Graphic Design,46920,26-06-2012,14:39:05Z,2012,6,26
895302,Adobe After Effect: Create 15 Advance Motion Graphic Element,TRUE,30,140,6,21,All Levels,2.5 hours,2016-07-07T23:27:41Z,Graphic Design,4200,07-07-2016,23:27:41Z,2016,7,7
403764,Learn Sketch 3 Mobile App Design From Scratch,TRUE,60,528,9,20,All Levels,1.5 hours,2015-01-27T18:01:38Z,Graphic Design,31680,27-01-2015,18:01:38Z,2015,1,27
145178,Learn Real Graphic Design,TRUE,20,297,27,19,All Levels,1.5 hours,2014-01-17T19:51:10Z,Graphic Design,5940,17-01-2014,19:51:10Z,2014,1,17
1127944,Designing With Halftones: Create a Dot Pattern Portrait!,TRUE,20,228,0,7,Intermediate Level,1 hour,2017-05-22T17:05:39Z,Graphic Design,4560,22-05-2017,17:05:39Z,2017,5,22
435626,A Beginners Guide to creating Vector Graphics With Photoshop,TRUE,20,1207,5,19,Beginner Level,2 hours,2015-04-05T18:48:19Z,Graphic Design,24140,05-04-2015,18:48:19Z,2015,4,5
1114470,Adobe Photoshop CS6 para Iniciantes,TRUE,40,5,0,63,Beginner Level,7 hours,2017-02-17T20:25:49Z,Graphic Design,200,17-02-2017,20:25:49Z,2017,2,17
1143148,PHOTOSHOP: Dessiner l'affiche du film Rogue One en style BD,TRUE,50,4,0,20,Intermediate Level,4.5 hours,2017-04-27T00:51:04Z,Graphic Design,200,27-04-2017,00:51:04Z,2017,4,27
640164,Doble exposición con Photoshop,TRUE,20,36,0,5,All Levels,34 mins,2015-10-15T23:12:58Z,Graphic Design,720,15-10-2015,23:12:58Z,2015,10,15
1141560,Débuter avec KRITA,TRUE,25,3,0,14,Intermediate Level,2 hours,2017-05-01T21:00:57Z,Graphic Design,75,01-05-2017,21:00:57Z,2017,5,1
1139792,会声会影深度教学,TRUE,200,3,2,12,Beginner Level,36 mins,2017-03-17T17:07:38Z,Graphic Design,600,17-03-2017,17:07:38Z,2017,3,17
1221032,Criando um poster com foto colagem digital,TRUE,25,1,0,8,Beginner Level,41 mins,2017-05-25T11:25:50Z,Graphic Design,25,25-05-2017,11:25:50Z,2017,5,25
1075366,Adobe InDesign CC 2017 Quick Start,TRUE,35,2,0,29,Beginner Level,2.5 hours,2017-04-17T22:36:55Z,Graphic Design,70,17-04-2017,22:36:55Z,2017,4,17
223884,初めてのiDraw入門,TRUE,20,13,0,14,All Levels,1.5 hours,2014-06-12T05:08:01Z,Graphic Design,260,12-06-2014,05:08:01Z,2014,6,12
1164488,Interiores Sostenibles 101,TRUE,30,1,0,5,Beginner Level,1 hour,2017-04-15T18:43:37Z,Graphic Design,30,15-04-2017,18:43:37Z,2017,4,15
1122306,Wordpress: Comment utiliser le thème FABLE,TRUE,20,1,0,10,Beginner Level,39 mins,2017-03-07T16:53:27Z,Graphic Design,20,07-03-2017,16:53:27Z,2017,3,7
177584,Adobe InDesign CS6,TRUE,50,5,0,35,Beginner Level,5 hours,2014-03-31T20:24:16Z,Graphic Design,250,31-03-2014,20:24:16Z,2014,3,31
586914,Aprende Photoshop con Ejercicios Prácticos.,TRUE,20,3,0,46,All Levels,4 hours,2015-12-22T16:22:03Z,Graphic Design,60,22-12-2015,16:22:03Z,2015,12,22
397204,Typography Design: Learn Web Typography The Practical Way,TRUE,20,970,9,34,Beginner Level,2 hours,2015-01-20T20:39:15Z,Graphic Design,19400,20-01-2015,20:39:15Z,2015,1,20
58791,Toon Boom Studio Tutorial - Cartoon Animation Made Simple,TRUE,50,342,20,81,All Levels,5 hours,2013-06-07T15:38:12Z,Graphic Design,17100,07-06-2013,15:38:12Z,2013,6,7
1182330,Learn Logo Designing: 5 Types of Logo Designs in Illustrator,TRUE,30,106,2,19,Beginner Level,3 hours,2017-05-09T19:00:35Z,Graphic Design,3180,09-05-2017,19:00:35Z,2017,5,9
172906,Practical Font Design,TRUE,50,229,23,26,Intermediate Level,7.5 hours,2014-04-16T15:08:48Z,Graphic Design,11450,16-04-2014,15:08:48Z,2014,4,16
766906,Smashing Photoshop CC/CS,TRUE,20,437,7,76,Beginner Level,5 hours,2016-04-26T23:02:01Z,Graphic Design,8740,26-04-2016,23:02:01Z,2016,4,26
379814,"Sketching: How to Draw People, Hands, Eyes, Buildings & Cars",TRUE,20,500,16,31,All Levels,2 hours,2014-12-29T21:50:46Z,Graphic Design,10000,29-12-2014,21:50:46Z,2014,12,29
445102,Converting Type to Outlines in Adobe InDesign,TRUE,20,725,1,12,Intermediate Level,38 mins,2015-03-31T19:04:00Z,Graphic Design,14500,31-03-2015,19:04:00Z,2015,3,31
655198,Siemens NX Unigraphics (UG) Basic to Advance 3D Modelling,TRUE,50,142,23,88,All Levels,10.5 hours,2015-10-30T20:53:46Z,Graphic Design,7100,30-10-2015,20:53:46Z,2015,10,30
575040,Typography From A to Z,TRUE,100,317,15,76,All Levels,6 hours,2015-08-07T22:16:26Z,Graphic Design,31700,07-08-2015,22:16:26Z,2015,8,7
966268,Digital Asset Designer: Creating and Selling Mockups,TRUE,50,50,12,28,Beginner Level,3 hours,2016-09-27T17:20:02Z,Graphic Design,2500,27-09-2016,17:20:02Z,2016,9,27
536780,Adobe Illustrator CC - From scratch ,TRUE,45,115,12,24,Beginner Level,5.5 hours,2015-06-26T18:43:13Z,Graphic Design,5175,26-06-2015,18:43:13Z,2015,6,26
431562,Photoshop: 5 Practical Techniques to Improve Your Skills,TRUE,20,780,5,5,Intermediate Level,43 mins,2015-02-26T18:16:34Z,Graphic Design,15600,26-02-2015,18:16:34Z,2015,2,26
1047408,Easy Coloring Book Design,TRUE,25,0,0,9,Beginner Level,35 mins,2016-12-22T00:46:38Z,Graphic Design,0,22-12-2016,00:46:38Z,2016,12,22
987865,Make Patterns in Illustrator,TRUE,20,0,0,32,Beginner Level,3.5 hours,2017-05-25T15:31:11Z,Graphic Design,0,25-05-2017,15:31:11Z,2017,5,25
371900,Learn to create Text fire effect in Adobe Photoshop ,TRUE,20,0,0,8,All Levels,36 mins,2014-12-19T23:19:47Z,Graphic Design,0,19-12-2014,23:19:47Z,2014,12,19
995384,Professional Business Logo Design Using Free Online Tools,TRUE,20,0,0,5,All Levels,37 mins,2016-10-31T16:09:48Z,Graphic Design,0,31-10-2016,16:09:48Z,2016,10,31
1252410,Beginners Guide to Kindle Ebook Covers Design With Fireworks,TRUE,20,0,0,16,All Levels,1.5 hours,2017-06-19T19:26:46Z,Graphic Design,0,19-06-2017,19:26:46Z,2017,6,19
1216554,Photoshop isn't like what you imagine A to Z .,TRUE,35,343,0,24,All Levels,3.5 hours,2017-07-06T03:32:48Z,Graphic Design,12005,06-07-2017,03:32:48Z,2017,7,6
1275872,The Complete Adobe Spark Course,TRUE,150,0,0,29,All Levels,2 hours,2017-07-03T17:39:57Z,Graphic Design,0,03-07-2017,17:39:57Z,2017,7,3
1133764,The Art of Logo Design : Everything You Need to Know,TRUE,20,0,0,18,All Levels,1 hour,2017-03-09T16:11:36Z,Graphic Design,0,09-03-2017,16:11:36Z,2017,3,9
1200856,Hand Lettering para Iniciantes,TRUE,40,384,92,18,All Levels,43 mins,2017-06-15T10:24:09Z,Graphic Design,15360,15-06-2017,10:24:09Z,2017,6,15
1226332,Aprende a utilizar Canva,TRUE,20,677,45,11,Beginner Level,40 mins,2017-05-28T16:09:00Z,Graphic Design,13540,28-05-2017,16:09:00Z,2017,5,28
950894,photoshop - CURSO DE PHOTOSHOP DO BÁSICO AO AVANÇADO,TRUE,100,1110,183,77,All Levels,10 hours,2017-02-06T17:22:18Z,Graphic Design,111000,06-02-2017,17:22:18Z,2017,2,6
1245356,Photoshop - Revelando os segredos das Fusões,TRUE,20,858,25,17,Expert Level,3.5 hours,2017-06-08T11:10:08Z,Graphic Design,17160,08-06-2017,11:10:08Z,2017,6,8
1092766,Create Mobile App Design from Scratch in Photoshop,TRUE,125,1359,7,24,Beginner Level,2.5 hours,2017-02-01T04:40:24Z,Graphic Design,169875,01-02-2017,04:40:24Z,2017,2,1
364986,Apple Watch Design,TRUE,20,9847,24,35,All Levels,4 hours,2014-12-29T04:59:24Z,Graphic Design,196940,29-12-2014,04:59:24Z,2014,12,29
908664,Word Swag : Create Stunning Images with the Word Swag App,TRUE,100,2416,19,14,All Levels,1 hour,2016-08-09T17:56:53Z,Graphic Design,241600,09-08-2016,17:56:53Z,2016,8,9
1234108,How to Draw Majestic Animals: Dogs,TRUE,35,1524,5,11,All Levels,1 hour,2017-05-30T15:30:55Z,Graphic Design,53340,30-05-2017,15:30:55Z,2017,5,30
47004,Photoshop Course: Design an eBook Cover in Photoshop,TRUE,50,11893,69,40,All Levels,3 hours,2013-04-25T17:04:18Z,Graphic Design,594650,25-04-2013,17:04:18Z,2013,4,25
327666,Digital Art for Beginners,TRUE,150,3381,388,57,Beginner Level,15 hours,2016-02-14T23:43:10Z,Graphic Design,507150,14-02-2016,23:43:10Z,2016,2,14
1068902,Learn How To Design a Logo in Adobe Illustrator in 30 Mins,TRUE,50,1270,53,14,Beginner Level,30 mins,2017-01-16T22:00:29Z,Graphic Design,63500,16-01-2017,22:00:29Z,2017,1,16
1076222,The most popular techniques in Photoshop,TRUE,20,1753,18,15,Intermediate Level,1 hour,2017-02-21T18:07:38Z,Graphic Design,35060,21-02-2017,18:07:38Z,2017,2,21
278948,Become a Professional Graphic Designer,TRUE,35,3618,345,207,All Levels,20.5 hours,2014-08-13T16:37:12Z,Graphic Design,126630,13-08-2014,16:37:12Z,2014,8,13
1013676,Adobe Illustrator CC 2017 for beginners,TRUE,195,2489,39,12,Beginner Level,1.5 hours,2017-01-31T22:13:11Z,Graphic Design,485355,31-01-2017,22:13:11Z,2017,1,31
62497,How to Draw Cute Cartoon Characters,TRUE,55,4080,522,26,All Levels,2 hours,2013-10-01T01:11:51Z,Graphic Design,224400,01-10-2013,01:11:51Z,2013,10,1
1182900,How to Create awesome Cinema-graph With Adobe Photoshop?,TRUE,20,1602,8,16,Beginner Level,1 hour,2017-05-07T16:32:00Z,Graphic Design,32040,07-05-2017,16:32:00Z,2017,5,7
1178226,Learn to Create a Mandala with Adobe Illustrator,TRUE,50,7,0,28,All Levels,4.5 hours,2017-04-24T19:24:51Z,Graphic Design,350,24-04-2017,19:24:51Z,2017,4,24
1165268,15  Motion Graphic Elements in After Effect (Series 2),TRUE,30,8,0,20,Intermediate Level,3 hours,2017-04-11T04:27:34Z,Graphic Design,240,11-04-2017,04:27:34Z,2017,4,11
1133648,Fantasy map design,TRUE,30,7,2,18,All Levels,2.5 hours,2017-03-16T16:31:23Z,Graphic Design,210,16-03-2017,16:31:23Z,2017,3,16
471136,Creating 2D Game Assets,TRUE,25,57,0,12,All Levels,2 hours,2015-04-17T22:34:55Z,Graphic Design,1425,17-04-2015,22:34:55Z,2015,4,17
63712,create 9 professional logo design full version,TRUE,35,91,3,34,All Levels,2 hours,2013-07-23T10:40:16Z,Graphic Design,3185,23-07-2013,10:40:16Z,2013,7,23
1055424,Stencil - Simple Graphic Design For Entrepreneurs,TRUE,95,11,0,10,All Levels,1 hour,2017-01-03T12:28:37Z,Graphic Design,1045,03-01-2017,12:28:37Z,2017,1,3
843620,Learn Adobe InDesign from Scratch,TRUE,40,6,2,46,Beginner Level,4.5 hours,2016-06-20T15:34:32Z,Graphic Design,240,20-06-2016,15:34:32Z,2016,6,20
1153326,Getting the Life of an Instructional Designer,TRUE,40,5,0,16,All Levels,1.5 hours,2017-05-01T00:12:09Z,Graphic Design,200,01-05-2017,00:12:09Z,2017,5,1
551964,Drawing for All Levels: How to Design Cartoon Women,TRUE,20,5,2,20,All Levels,1.5 hours,2015-07-14T22:01:30Z,Graphic Design,100,14-07-2015,22:01:30Z,2015,7,14
1104858,Photoshop Tools 101,TRUE,50,6,0,49,All Levels,3 hours,2017-05-01T21:49:18Z,Graphic Design,300,01-05-2017,21:49:18Z,2017,5,1
517866,How to create gif animation in photoshop,TRUE,20,34,0,18,All Levels,1 hour,2015-06-02T19:06:24Z,Graphic Design,680,02-06-2015,19:06:24Z,2015,6,2
1036766,How to Color Comic Books... with a Mouse,TRUE,30,7,0,8,All Levels,2 hours,2017-01-03T14:38:04Z,Graphic Design,210,03-01-2017,14:38:04Z,2017,1,3
337072,Bestseller! Learn Photoshop in 1 Hour (No Experience Needed),TRUE,200,5471,72,39,Beginner Level,6.5 hours,2015-03-05T22:03:28Z,Graphic Design,1094200,05-03-2015,22:03:28Z,2015,3,5
737642,How To Design A Fortune 500 Logo in Illustrator,TRUE,195,3599,43,72,Intermediate Level,5 hours,2016-01-24T22:45:26Z,Graphic Design,701805,24-01-2016,22:45:26Z,2016,1,24
520766,Canva : Graphic Design Theory Volume2,TRUE,200,4961,38,29,All Levels,2 hours,2015-06-20T00:03:03Z,Graphic Design,992200,20-06-2015,00:03:03Z,2015,6,20
757900,Canva : Book Cover Design,TRUE,100,3377,20,15,Beginner Level,2 hours,2016-02-26T01:08:20Z,Graphic Design,337700,26-02-2016,01:08:20Z,2016,2,26
978576,The Complete Figure Drawing Course HD,TRUE,50,1323,136,225,Beginner Level,78.5 hours,2016-10-11T21:40:06Z,Graphic Design,66150,11-10-2016,21:40:06Z,2016,10,11
961684,Mastering Logo Design - 20 Projects step-by-step,TRUE,200,2599,24,77,All Levels,7.5 hours,2016-09-25T17:57:11Z,Graphic Design,519800,25-09-2016,17:57:11Z,2016,9,25
371490,Graphic Design: Create Animated GIF Ad Banners in Photoshop,TRUE,20,6612,44,20,All Levels,1 hour,2014-12-19T22:46:05Z,Graphic Design,132240,19-12-2014,22:46:05Z,2014,12,19
1134692,Learn Inkscape : Design Logos and Game Arts,TRUE,20,1675,20,12,Beginner Level,1 hour,2017-03-15T16:46:00Z,Graphic Design,33500,15-03-2017,16:46:00Z,2017,3,15
507726,Typography: Learn the Basics to Build a Solid Foundation,TRUE,35,5850,19,34,Beginner Level,1 hour,2015-05-26T17:36:32Z,Graphic Design,204750,26-05-2015,17:36:32Z,2015,5,26
349586,Master Manga Studio 5: Bonus Drawing and Painting,TRUE,165,2325,155,61,All Levels,8 hours,2015-02-06T07:44:43Z,Graphic Design,383625,06-02-2015,07:44:43Z,2015,2,6
1153710,Learn Adobe Photoshop from scratch to professional,TRUE,20,1276,3,19,Beginner Level,3.5 hours,2017-04-05T21:50:14Z,Graphic Design,25520,05-04-2017,21:50:14Z,2017,4,5
1269190,7 Secrets To Designing In Black and White,TRUE,100,1000,1,12,All Levels,1.5 hours,2017-06-27T19:55:18Z,Graphic Design,100000,27-06-2017,19:55:18Z,2017,6,27
303042,Photoshop CS 6 ile Fotoğraf İşlemenin Temelleri,TRUE,20,86,10,78,Beginner Level,6 hours,2015-02-13T07:07:44Z,Graphic Design,1720,13-02-2015,07:07:44Z,2015,2,13
647520,誰でもわかる Adobe Illustrator CS6,TRUE,20,11,2,15,Beginner Level,3 hours,2015-10-22T18:40:54Z,Graphic Design,220,22-10-2015,18:40:54Z,2015,10,22
681878,Devenez le king de l'illustration automobile,TRUE,50,42,10,32,Beginner Level,4.5 hours,2015-12-09T16:49:20Z,Graphic Design,2100,09-12-2015,16:49:20Z,2015,12,9
873296,Corel Draw X7 Eğitimi (Temelden İleri Seviyeye),TRUE,105,28,6,103,All Levels,12 hours,2016-06-09T21:43:59Z,Graphic Design,2940,09-06-2016,21:43:59Z,2016,6,9
1164720,调色中级课程,TRUE,200,5,3,7,Beginner Level,1 hour,2017-03-31T17:19:38Z,Graphic Design,1000,31-03-2017,17:19:38Z,2017,3,31
1019552,Drawing and paint  hot girl with photoshop,TRUE,35,74,1,11,All Levels,1.5 hours,2016-11-24T22:02:38Z,Graphic Design,2590,24-11-2016,22:02:38Z,2016,11,24
1147664,Photoshop CC Eğitim Seti (YENİ),TRUE,100,27,5,202,All Levels,16 hours,2017-03-30T22:26:26Z,Graphic Design,2700,30-03-2017,22:26:26Z,2017,3,30
948294,مدخل في أساسيات الفوطوشوب للمبتدئين فقط,TRUE,120,13,9,7,Beginner Level,1 hour,2016-09-06T02:48:13Z,Graphic Design,1560,06-09-2016,02:48:13Z,2016,9,6
393850,Creación de iconos con Illustrator,TRUE,20,27,3,54,All Levels,3 hours,2015-01-17T02:28:25Z,Graphic Design,540,17-01-2015,02:28:25Z,2015,1,17
733878,Adobe Illustrator Course in Urdu Basics Level Training,FALSE,0,1433,57,8,Beginner Level,1 hour,2016-01-19T17:22:59Z,Graphic Design,0,19-01-2016,17:22:59Z,2016,1,19
860656,GraphicDesign Studio,TRUE,95,110,9,22,Beginner Level,2.5 hours,2016-05-27T20:34:07Z,Graphic Design,10450,27-05-2016,20:34:07Z,2016,5,27
1246252,Aula de Photoshop - Aprenda como recortar imagens,TRUE,65,15,1,14,Beginner Level,2 hours,2017-07-03T00:56:30Z,Graphic Design,975,03-07-2017,00:56:30Z,2017,7,3
622122,Make your own great designs in PowerPoint: Quick & Easy,TRUE,20,19,6,10,Beginner Level,1 hour,2015-09-30T17:30:55Z,Graphic Design,380,30-09-2015,17:30:55Z,2015,9,30
222976,Create Kindle eBook Covers with PowerPoint,TRUE,30,87,7,23,All Levels,2 hours,2014-06-17T07:51:54Z,Graphic Design,2610,17-06-2014,07:51:54Z,2014,6,17
439968,Magazine Design: Start your own magazine in less than 24hrs,TRUE,20,802,10,30,All Levels,2 hours,2015-03-22T20:27:01Z,Graphic Design,16040,22-03-2015,20:27:01Z,2015,3,22
852060,Essential Skills for Designers - Adobe Bridge,TRUE,20,14,5,13,All Levels,1 hour,2016-05-17T23:40:40Z,Graphic Design,280,17-05-2016,23:40:40Z,2016,5,17
546848,Learn to code in Python and learn Adobe Photoshop today!,TRUE,50,1132,1,29,All Levels,2 hours,2015-07-08T00:15:12Z,Graphic Design,56600,08-07-2015,00:15:12Z,2015,7,8
81278,How to draw Caricatures,TRUE,20,347,31,11,All Levels,4 hours,2013-08-21T16:58:27Z,Graphic Design,6940,21-08-2013,16:58:27Z,2013,8,21
53556,Essential Skills for Designers - Working with Type,TRUE,45,219,11,25,All Levels,2 hours,2013-05-13T12:59:44Z,Graphic Design,9855,13-05-2013,12:59:44Z,2013,5,13
1158854,Affinity Designer for beginners,TRUE,20,30,6,23,Beginner Level,4.5 hours,2017-05-01T20:48:32Z,Graphic Design,600,01-05-2017,20:48:32Z,2017,5,1
68876,How to Create Top Ranking Mobile App Icons - iOS Edition,TRUE,35,130,6,13,All Levels,1 hour,2013-07-30T16:43:28Z,Graphic Design,4550,30-07-2013,16:43:28Z,2013,7,30
514496,Canva - Making Design Simple,TRUE,20,509,4,15,All Levels,32 mins,2015-06-24T18:57:24Z,Graphic Design,10180,24-06-2015,18:57:24Z,2015,6,24
649404,Ribbon Lettering: From Sketch to Wordmark,TRUE,40,342,2,8,All Levels,43 mins,2015-10-25T20:54:43Z,Graphic Design,13680,25-10-2015,20:54:43Z,2015,10,25
108384,How to Make a Custom Graphic ,TRUE,20,87,8,8,Beginner Level,1 hour,2013-10-24T04:16:41Z,Graphic Design,1740,24-10-2013,04:16:41Z,2013,10,24
753934,Create Flat Designs with Inkscape ,TRUE,30,259,3,11,Beginner Level,1.5 hours,2016-02-14T21:56:08Z,Graphic Design,7770,14-02-2016,21:56:08Z,2016,2,14
206592,:::Beginners Guide To Creating Amazing Images with Canva:::,TRUE,25,72,5,17,Beginner Level,1 hour,2014-04-29T19:50:31Z,Graphic Design,1800,29-04-2014,19:50:31Z,2014,4,29
15467,Learn To Draw - The COMIC BOOK STYLE,TRUE,55,363,14,19,All Levels,2 hours,2012-06-01T21:53:11Z,Graphic Design,19965,01-06-2012,21:53:11Z,2012,6,1
983444,Adobe Illustrator Vectors For Hand Letterers,TRUE,100,23,2,9,Beginner Level,37 mins,2016-10-21T18:50:38Z,Graphic Design,2300,21-10-2016,18:50:38Z,2016,10,21
74782,How To Create Amazing YouTube Custom Thumbnail Images,TRUE,25,78,6,16,All Levels,1.5 hours,2013-09-29T22:43:14Z,Graphic Design,1950,29-09-2013,22:43:14Z,2013,9,29
456988,Graphic Design Bootcamp: Professional Workflow & Layout Tips,TRUE,20,99,10,9,All Levels,1.5 hours,2015-03-26T18:24:10Z,Graphic Design,1980,26-03-2015,18:24:10Z,2015,3,26
1049760,Promotional Design Master Class,TRUE,50,14,2,26,All Levels,2 hours,2016-12-24T05:22:40Z,Graphic Design,700,24-12-2016,05:22:40Z,2016,12,24
808808,Introduction to GIMP 2.8: Tutorials for Beginners,TRUE,20,282,8,28,Beginner Level,3 hours,2016-04-01T17:31:53Z,Graphic Design,5640,01-04-2016,17:31:53Z,2016,4,1
599652,48 Logo Designs and Techniques,TRUE,20,113,9,48,All Levels,9 hours,2015-09-15T00:23:14Z,Graphic Design,2260,15-09-2015,00:23:14Z,2015,9,15
524748,Photoshop JumpStart,TRUE,20,66,13,13,Beginner Level,2 hours,2015-07-02T21:41:25Z,Graphic Design,1320,02-07-2015,21:41:25Z,2015,7,2
310652,How To Sell Practically Anything: Professional Design Mockup,TRUE,50,52,2,19,All Levels,2.5 hours,2014-10-08T09:08:28Z,Graphic Design,2600,08-10-2014,09:08:28Z,2014,10,8
946326,"Learn Calligraphy, Handwriting animation wz After Effects",TRUE,40,116,1,18,All Levels,2.5 hours,2016-11-03T21:56:02Z,Graphic Design,4640,03-11-2016,21:56:02Z,2016,11,3
1146166,LaTeX A-Z: from beginner to advance in less than 3 hour,TRUE,95,623,14,30,Beginner Level,3 hours,2017-03-27T18:46:54Z,Graphic Design,59185,27-03-2017,18:46:54Z,2017,3,27
1190334,Course Bundle | Exploring Art : Silhouette & Linear Line Art,TRUE,80,827,1,15,All Levels,1 hour,2017-04-24T16:52:39Z,Graphic Design,66160,24-04-2017,16:52:39Z,2017,4,24
895394,How To Build Your Own Web Banner Design Business,TRUE,20,5000,7,21,All Levels,1 hour,2016-07-05T18:41:46Z,Graphic Design,100000,05-07-2016,18:41:46Z,2016,7,5
1100628,Canva: Design and Sell Your Own Professional Canva Designs,TRUE,200,793,26,52,All Levels,3 hours,2017-03-02T00:59:33Z,Graphic Design,158600,02-03-2017,00:59:33Z,2017,3,2
996868,How to Design a Logo in Adobe Illustrator,TRUE,100,972,44,24,All Levels,1 hour,2016-11-14T15:26:17Z,Graphic Design,97200,14-11-2016,15:26:17Z,2016,11,14
751230,Illustrator CC: Design and drawing from scratch to expert!,TRUE,150,2427,99,97,Beginner Level,11 hours,2016-12-15T15:18:47Z,Graphic Design,364050,15-12-2016,15:18:47Z,2016,12,15
356840,Logo design: How To Design an Awesome Logo in Illustrator,TRUE,195,3131,131,56,All Levels,5.5 hours,2014-11-28T09:04:50Z,Graphic Design,610545,28-11-2014,09:04:50Z,2014,11,28
269082,Photoshop: Real World Hands-on Freelance Mastery,TRUE,105,5950,25,29,All Levels,2.5 hours,2014-09-25T09:14:15Z,Graphic Design,624750,25-09-2014,09:14:15Z,2014,9,25
449788,Graphic Design: Beginner's Graphic Design Guide to Photoshop,TRUE,25,4550,74,15,All Levels,1 hour,2015-05-20T21:10:45Z,Graphic Design,113750,20-05-2015,21:10:45Z,2015,5,20
792232,Most Wanted Flat Design Techniques,TRUE,195,2081,35,61,Intermediate Level,4.5 hours,2016-03-17T18:21:18Z,Graphic Design,405795,17-03-2016,18:21:18Z,2016,3,17
1164876,3DS MAX - Learn 3Ds MAX tutorial for Beginners in Urdu Hindi,TRUE,20,785,2,29,All Levels,4.5 hours,2017-04-18T16:45:59Z,Graphic Design,15700,18-04-2017,16:45:59Z,2017,4,18
861444,Design your own Social Media Logo Icons in Adobe Illustrator,TRUE,50,2424,29,15,Beginner Level,1.5 hours,2016-06-05T15:11:49Z,Graphic Design,121200,05-06-2016,15:11:49Z,2016,6,5
148982,Mashup - Transform a scanned sketch into a digital painting,TRUE,20,57,3,16,Intermediate Level,2 hours,2014-10-23T00:42:36Z,Graphic Design,1140,23-10-2014,00:42:36Z,2014,10,23
861742,Motion Graphic With After Effect From Scratch in 5 Hours,TRUE,30,50,7,45,All Levels,4 hours,2016-06-01T17:40:56Z,Graphic Design,1500,01-06-2016,17:40:56Z,2016,6,1
817074,Introduction to Photoshop CC: Tutorials for Beginners,TRUE,20,262,0,12,Beginner Level,1 hour,2016-04-10T20:12:18Z,Graphic Design,5240,10-04-2016,20:12:18Z,2016,4,10
286160,Making Killer Images in Photoshop that WOW Clients!,TRUE,95,45,1,26,Intermediate Level,5 hours,2014-10-25T03:57:07Z,Graphic Design,4275,25-10-2014,03:57:07Z,2014,10,25
788722,Simple Photoshop CC: Smart Objects,TRUE,20,272,0,11,Intermediate Level,30 mins,2016-03-15T14:49:51Z,Graphic Design,5440,15-03-2016,14:49:51Z,2016,3,15
1008654,Learn Photo Manipulation - Build 3 projects,TRUE,40,10,1,18,All Levels,2.5 hours,2016-11-27T16:01:42Z,Graphic Design,400,27-11-2016,16:01:42Z,2016,11,27
964478,Zombie Apocalypse Photoshop Actions,TRUE,50,12,1,15,All Levels,1.5 hours,2016-09-26T22:19:48Z,Graphic Design,600,26-09-2016,22:19:48Z,2016,9,26
953220,Creative Perspective Illustration with GIMP,TRUE,50,43,3,57,All Levels,6.5 hours,2016-11-24T18:24:48Z,Graphic Design,2150,24-11-2016,18:24:48Z,2016,11,24
64078,iPhone icons in iOS7 - learn flat design,TRUE,20,165,4,41,All Levels,3 hours,2013-08-21T20:00:26Z,Graphic Design,3300,21-08-2013,20:00:26Z,2013,8,21
1046540,How to draw professional manga artwork by Punix,TRUE,35,83,3,17,Beginner Level,1.5 hours,2017-04-17T22:55:46Z,Graphic Design,2905,17-04-2017,22:55:46Z,2017,4,17
622284,How do I Create a Stylized Graphics from Images in Photoshop,TRUE,50,17,1,12,All Levels,1 hour,2015-09-28T17:20:55Z,Graphic Design,850,28-09-2015,17:20:55Z,2015,9,28
31150,Advance Design of Logos and Brand Identity   ,TRUE,20,34,4,38,All Levels,2 hours,2013-02-16T00:06:30Z,Graphic Design,680,16-02-2013,00:06:30Z,2013,2,16
574132,Como utilizar o Corel Draw por completo!,TRUE,30,293,32,44,All Levels,7 hours,2015-08-17T17:21:52Z,Graphic Design,8790,17-08-2015,17:21:52Z,2015,8,17
724824,Photoshop　中級者、上級者がプロになるために最後に学ぶ「超絶技巧」テクニック,TRUE,85,113,5,39,Intermediate Level,4.5 hours,2016-01-12T21:37:39Z,Graphic Design,9605,12-01-2016,21:37:39Z,2016,1,12
883324,Corel Draw X7: Mão na Massa,TRUE,25,72,13,40,Beginner Level,4 hours,2016-06-20T22:30:56Z,Graphic Design,1800,20-06-2016,22:30:56Z,2016,6,20
502204,Dibujo digital básico: cómo ilustrar en Photoshop,TRUE,20,155,36,90,Beginner Level,5 hours,2016-02-17T23:56:26Z,Graphic Design,3100,17-02-2016,23:56:26Z,2016,2,17
283038,Adobe Illustrator CS6 باللغة العربية,TRUE,35,48,15,74,All Levels,8 hours,2014-09-14T15:00:09Z,Graphic Design,1680,14-09-2014,15:00:09Z,2014,9,14
650720,Creare un logo con Adobe Illustrator,FALSE,0,1447,121,13,All Levels,1 hour,2015-10-29T00:10:41Z,Graphic Design,0,29-10-2015,00:10:41Z,2015,10,29
586680,Mestres do Photoshop,TRUE,30,86,18,52,All Levels,5.5 hours,2015-08-21T23:40:31Z,Graphic Design,2580,21-08-2015,23:40:31Z,2015,8,21
899240,illustrator CC 2015.3 - Curso básico de ferramentas,TRUE,20,13,6,12,Beginner Level,1 hour,2016-07-08T15:23:08Z,Graphic Design,260,08-07-2016,15:23:08Z,2016,7,8
520876,Plantillas Powerpoint para Publicar en Mercadolibre y Ebay,TRUE,35,15,5,32,All Levels,2 hours,2015-06-08T15:32:34Z,Graphic Design,525,08-06-2015,15:32:34Z,2015,6,8
1083784,Crie seu Cartão de Visita no CorelDRAW X8,TRUE,20,28,3,38,Beginner Level,4 hours,2017-03-02T17:04:04Z,Graphic Design,560,02-03-2017,17:04:04Z,2017,3,2
651352,Curso de Maya 3D,TRUE,20,62,9,41,All Levels,4 hours,2016-02-09T17:35:50Z,Graphic Design,1240,09-02-2016,17:35:50Z,2016,2,9
968268,Photoshop: Organización de eventos y decoración de fiestas,TRUE,120,125,5,56,Beginner Level,8.5 hours,2016-10-18T20:08:18Z,Graphic Design,15000,18-10-2016,20:08:18Z,2016,10,18
479760,Podcast Cover Art | Design Like the Best,TRUE,20,33,2,7,All Levels,1 hour,2015-04-22T00:37:42Z,Graphic Design,660,22-04-2015,00:37:42Z,2015,4,22
134690,Learn Drawing and Painting a Landscape with Oil Colours,TRUE,20,51,2,20,Intermediate Level,2 hours,2014-01-14T20:01:11Z,Graphic Design,1020,14-01-2014,20:01:11Z,2014,1,14
692918,Enhance your chroma key with an animated Slides background,TRUE,25,361,2,9,Intermediate Level,1 hour,2016-07-04T18:50:33Z,Graphic Design,9025,04-07-2016,18:50:33Z,2016,7,4
1092632,The Complete Motion Graphic Course,TRUE,65,50,6,115,All Levels,9.5 hours,2017-02-01T23:42:53Z,Graphic Design,3250,01-02-2017,23:42:53Z,2017,2,1
753154,Making Corporate Flyers in Photoshop,TRUE,20,4,3,7,All Levels,31 mins,2016-02-05T19:58:53Z,Graphic Design,80,05-02-2016,19:58:53Z,2016,2,5
46524,Rock-Solid Brands,TRUE,20,134,4,13,Beginner Level,31 mins,2016-02-17T17:06:32Z,Graphic Design,2680,17-02-2016,17:06:32Z,2016,2,17
634480,Typographic Poster Design - From Sketch to Vector,TRUE,45,36,5,20,Intermediate Level,1.5 hours,2015-10-08T17:21:31Z,Graphic Design,1620,08-10-2015,17:21:31Z,2015,10,8
771044,"Make Money With Photoshop: Logos, Business Cards & Brochures",TRUE,100,32,4,21,All Levels,5 hours,2016-08-14T22:05:04Z,Graphic Design,3200,14-08-2016,22:05:04Z,2016,8,14
497268,Photoshop the Art of Clipart,TRUE,20,30,3,22,Beginner Level,1 hour,2015-07-05T23:38:42Z,Graphic Design,600,05-07-2015,23:38:42Z,2015,7,5
435138,Adobe Illustrator Creative Cloud:  Mastering the Upgrades,TRUE,20,22,3,57,Intermediate Level,2 hours,2015-03-16T20:18:11Z,Graphic Design,440,16-03-2015,20:18:11Z,2015,3,16
334530,Illustrator 101: Learn Quickly and Easily to create Artwork,TRUE,40,452,3,37,All Levels,1 hour,2014-11-25T03:36:40Z,Graphic Design,18080,25-11-2014,03:36:40Z,2014,11,25
904144,Design Your Own Fonts. Plus A Bunch Of Typography Secrets.,TRUE,40,67,8,25,All Levels,1 hour,2016-07-14T17:03:19Z,Graphic Design,2680,14-07-2016,17:03:19Z,2016,7,14
397946,Easy Steps To Become A Photoshop Expert,TRUE,20,1081,11,47,All Levels,8 hours,2015-01-29T04:40:00Z,Graphic Design,21620,29-01-2015,04:40:00Z,2015,1,29
561800,Intro to Adobe Illustrator,TRUE,20,189,13,55,Beginner Level,6 hours,2015-08-07T21:56:22Z,Graphic Design,3780,07-08-2015,21:56:22Z,2015,8,7
810234,Beginners Guide: Photoshop Poster/Artwork,TRUE,20,775,5,6,Beginner Level,1 hour,2016-04-02T05:26:22Z,Graphic Design,15500,02-04-2016,05:26:22Z,2016,4,2
559046,Basic Graphic Design for PowerPoint,TRUE,20,88,8,14,Beginner Level,1 hour,2015-07-26T23:32:34Z,Graphic Design,1760,26-07-2015,23:32:34Z,2015,7,26
338308,Master Graphic Design Using Photoshop with Rachael,TRUE,25,598,22,13,All Levels,1.5 hours,2014-11-07T09:12:47Z,Graphic Design,14950,07-11-2014,09:12:47Z,2014,11,7
477634,Adobe Illustrator CC - Print Design for Beginners,TRUE,50,145,35,55,Beginner Level,6 hours,2016-03-08T15:09:47Z,Graphic Design,7250,08-03-2016,15:09:47Z,2016,3,8
913194,Adobe Illustrator | Master in 3D,TRUE,25,445,4,14,All Levels,32 mins,2016-07-28T00:23:08Z,Graphic Design,11125,28-07-2016,00:23:08Z,2016,7,28
429866,From Drawing to Illustration,TRUE,20,237,25,32,Beginner Level,6 hours,2015-04-17T17:20:21Z,Graphic Design,4740,17-04-2015,17:20:21Z,2015,4,17
632702,Adobe Suite : Unleash your creativity & benefit from it !,TRUE,200,1005,4,46,All Levels,9.5 hours,2015-11-09T23:01:14Z,Graphic Design,201000,09-11-2015,23:01:14Z,2015,11,9
429366,Become a Logo Designer: Guide to Complimentary Logo Software,TRUE,35,485,9,21,All Levels,2.5 hours,2015-03-19T23:45:57Z,Graphic Design,16975,19-03-2015,23:45:57Z,2015,3,19
433084,DIY Beautiful Social Graphics That Don't Require Photoshop,TRUE,20,238,9,22,All Levels,2.5 hours,2015-03-03T21:17:04Z,Graphic Design,4760,03-03-2015,21:17:04Z,2015,3,3
185092,Design while you learn InDesign CC,TRUE,20,1116,3,21,Beginner Level,2.5 hours,2014-04-07T17:28:14Z,Graphic Design,22320,07-04-2014,17:28:14Z,2014,4,7
395652,R Graph Essentials,TRUE,85,105,4,41,All Levels,2 hours,2015-01-21T07:26:49Z,Graphic Design,8925,21-01-2015,07:26:49Z,2015,1,21
943724,Car Sketching with Simple Analog Tools,TRUE,40,23,5,10,All Levels,37 mins,2016-08-29T18:50:57Z,Graphic Design,920,29-08-2016,18:50:57Z,2016,8,29
546124,Drawing Anime & Manga Style,TRUE,25,82,5,40,All Levels,8 hours,2015-07-10T23:16:44Z,Graphic Design,2050,10-07-2015,23:16:44Z,2015,7,10
876444,Inkscape 101 for Beginners - Design Vector Graphics,TRUE,195,13,5,26,Beginner Level,1 hour,2016-06-13T18:28:02Z,Graphic Design,2535,13-06-2016,18:28:02Z,2016,6,13
893978,"How to Fix Common Branding Mistakes, for Graphic Designers",TRUE,35,19,2,9,Intermediate Level,1.5 hours,2016-11-18T22:15:11Z,Graphic Design,665,18-11-2016,22:15:11Z,2016,11,18
1249378,AutoCAD Course - Learn Online AutoCAD in Urdu Hindi,FALSE,0,105,2,22,All Levels,2 hours,2017-06-13T17:32:48Z,Graphic Design,0,13-06-2017,17:32:48Z,2017,6,13
273256,Mind-Blowing Photoshop: Master Skills Season 1,TRUE,20,94,3,69,All Levels,3 hours,2014-08-08T16:12:02Z,Graphic Design,1880,08-08-2014,16:12:02Z,2014,8,8
1240730,Architectural Drawing For Creatives,TRUE,195,5,0,156,All Levels,24 hours,2017-06-21T15:35:08Z,Graphic Design,975,21-06-2017,15:35:08Z,2017,6,21
651014,Adobe Photoshop (Complete Beginner),TRUE,200,98,3,33,Beginner Level,2 hours,2015-12-09T17:17:38Z,Graphic Design,19600,09-12-2015,17:17:38Z,2015,12,9
1236254,Character Design,TRUE,75,5,0,24,Intermediate Level,2 hours,2017-05-31T18:31:33Z,Graphic Design,375,31-05-2017,18:31:33Z,2017,5,31
1201118,Icon Design Masterclass: Learn Icon Design Principles,TRUE,40,6,0,15,Beginner Level,2.5 hours,2017-05-05T17:05:21Z,Graphic Design,240,05-05-2017,17:05:21Z,2017,5,5
1227748,create stunning Photoshop compositions in minutes,TRUE,20,5,0,29,All Levels,2 hours,2017-06-07T19:24:37Z,Graphic Design,100,07-06-2017,19:24:37Z,2017,6,7
408118,Marvelous Logo Design,TRUE,20,91,5,13,All Levels,1.5 hours,2015-01-30T03:53:23Z,Graphic Design,1820,30-01-2015,03:53:23Z,2015,1,30
1258402,Canva Complete Course For Graphics Design | 20 Projects,TRUE,20,3,3,27,All Levels,2.5 hours,2017-06-27T15:22:40Z,Graphic Design,60,27-06-2017,15:22:40Z,2017,6,27
489114,The Complete Video Production Guide - Learn Top Video Tools,TRUE,195,121,9,77,All Levels,7.5 hours,2015-05-25T23:21:06Z,Graphic Design,23595,25-05-2015,23:21:06Z,2015,5,25
16689,Drawing With Confidence,TRUE,25,105,7,10,All Levels,2 hours,2012-05-04T07:24:05Z,Graphic Design,2625,04-05-2012,07:24:05Z,2012,5,4
1089062,Add realistic car paint to your pencil drawing in Photoshop!,TRUE,25,17,3,8,Beginner Level,1 hour,2017-02-02T19:03:50Z,Graphic Design,425,02-02-2017,19:03:50Z,2017,2,2
709160,T-Shirt Sales - Merch By Amazon Profit Formula With Canva,TRUE,20,380,1,26,All Levels,1 hour,2017-06-26T18:13:55Z,Graphic Design,7600,26-06-2017,18:13:55Z,2017,6,26
385662,Learn print production from start to finish,TRUE,35,494,6,16,All Levels,1 hour,2015-05-04T20:50:35Z,Graphic Design,17290,04-05-2015,20:50:35Z,2015,5,4
508570,Step by Step Gif animation in Photoshop,TRUE,20,518,2,17,All Levels,1 hour,2015-06-08T18:40:03Z,Graphic Design,10360,08-06-2015,18:40:03Z,2015,6,8
934790,Adobe - Create a professional logo step-by-step (Farming),TRUE,20,214,0,15,All Levels,1 hour,2016-08-18T23:51:44Z,Graphic Design,4280,18-08-2016,23:51:44Z,2016,8,18
1133716,Adobe Illustrator CC Advanced,TRUE,30,11,1,27,Beginner Level,1.5 hours,2017-03-08T03:16:33Z,Graphic Design,330,08-03-2017,03:16:33Z,2017,3,8
473474,Mastering Realistic Real Life Drawing with Pencil,TRUE,20,33,5,12,Beginner Level,39 mins,2015-04-20T18:08:39Z,Graphic Design,660,20-04-2015,18:08:39Z,2015,4,20
1143032,Silhouettes that Sells,TRUE,25,9,1,13,Beginner Level,1 hour,2017-03-23T21:08:59Z,Graphic Design,225,23-03-2017,21:08:59Z,2017,3,23
121490,FullPage: The Complete Guide to Flat Websites,TRUE,20,817,14,13,All Levels,38 mins,2013-11-18T08:27:35Z,Graphic Design,16340,18-11-2013,08:27:35Z,2013,11,18
339560,How to design professional PowerPoint business presentation,TRUE,20,286,7,7,All Levels,1 hour,2014-11-11T19:49:41Z,Graphic Design,5720,11-11-2014,19:49:41Z,2014,11,11
659340,Pic Monkey for Beginners - Graphic Design and Photo Editing,TRUE,20,774,3,17,Beginner Level,3 hours,2015-11-08T22:12:37Z,Graphic Design,15480,08-11-2015,22:12:37Z,2015,11,8
835082,Corel Painter 2016,TRUE,40,41,9,86,All Levels,8 hours,2016-05-11T14:51:26Z,Graphic Design,1640,11-05-2016,14:51:26Z,2016,5,11
335902,eBook Cover Design,TRUE,20,30,3,14,Intermediate Level,1.5 hours,2014-11-04T20:56:51Z,Graphic Design,600,04-11-2014,20:56:51Z,2014,11,4
441106,"Photoshop tips and tricks, how to change clothes",TRUE,20,837,4,26,All Levels,2 hours,2015-03-16T18:36:17Z,Graphic Design,16740,16-03-2015,18:36:17Z,2015,3,16
624356,How to make Better Compositions: Take your art to new height,TRUE,30,11,3,8,All Levels,32 mins,2016-08-04T13:33:30Z,Graphic Design,330,04-08-2016,13:33:30Z,2016,8,4
456388,Adobe Photoshop CC | The Essential Guide,TRUE,20,254,5,81,All Levels,4.5 hours,2015-05-12T00:19:27Z,Graphic Design,5080,12-05-2015,00:19:27Z,2015,5,12
955242,Learn to Composite a 2D Action Shot in Photoshop,TRUE,20,40,2,8,Beginner Level,1.5 hours,2016-09-10T21:38:26Z,Graphic Design,800,10-09-2016,21:38:26Z,2016,9,10
496430,Infographic Design: How To Create Your Own Infographic,TRUE,20,84,8,13,All Levels,2 hours,2015-05-12T20:38:58Z,Graphic Design,1680,12-05-2015,20:38:58Z,2015,5,12
793246,Autodesk Inventor 2016 : Complete Guide ,TRUE,20,23,4,83,Beginner Level,7.5 hours,2016-03-22T20:35:56Z,Graphic Design,460,22-03-2016,20:35:56Z,2016,3,22
547190,Amazing Graphic Design for Beginners,TRUE,20,32,10,5,Beginner Level,42 mins,2015-07-08T19:58:01Z,Graphic Design,640,08-07-2015,19:58:01Z,2015,7,8
696630,"7 Ways A Beginner Guitarist Can Sound Better, Instantly!",FALSE,0,4529,193,7,Beginner Level,36 mins,2015-12-21T18:50:50Z,Musical Instruments,0,21-12-2015,18:50:50Z,2015,12,21
643970,Instant Harmonica - Christmas. Play Jingle Bells Part 1 now,TRUE,20,823,11,10,All Levels,42 mins,2015-12-11T18:42:43Z,Musical Instruments,16460,11-12-2015,18:42:43Z,2015,12,11
801486,Playing Piano:  Popular Pieces Vol. II,TRUE,150,1472,4,24,Beginner Level,1.5 hours,2016-03-31T17:24:49Z,Musical Instruments,220800,31-03-2016,17:24:49Z,2016,3,31
455054,Ninja Chord Changes - Master your guitar chord changes,TRUE,30,1327,11,13,Beginner Level,1.5 hours,2015-03-29T21:57:12Z,Musical Instruments,39810,29-03-2015,21:57:12Z,2015,3,29
1257976,Your First 10 Guitar Lessons - Learn how to play guitar,FALSE,0,924,4,18,Beginner Level,1 hour,2017-06-29T00:29:36Z,Musical Instruments,0,29-06-2017,00:29:36Z,2017,6,29
1253224,Pentatonic Scale Crash Course for Bass Guitar,FALSE,0,898,6,24,Intermediate Level,1 hour,2017-06-15T18:35:07Z,Musical Instruments,0,15-06-2017,18:35:07Z,2017,6,15
837722,Modal Theory for Guitar (Guitar Lessons from Lutz Academy),TRUE,50,1039,29,9,All Levels,1.5 hours,2016-05-06T15:32:00Z,Musical Instruments,51950,06-05-2016,15:32:00Z,2016,5,6
631416,Learn Fun Dreamy Piano Techniques #1 -  Play White Christmas,TRUE,80,1474,10,102,All Levels,2 hours,2015-10-20T22:41:19Z,Musical Instruments,117920,20-10-2015,22:41:19Z,2015,10,20
149728,Learn Jazz Piano Today,TRUE,50,1167,66,44,All Levels,3 hours,2014-01-24T18:17:37Z,Musical Instruments,58350,24-01-2014,18:17:37Z,2014,1,24
195576,Learn To Play The Drums Without A Drum Kit,TRUE,25,1589,52,39,All Levels,2 hours,2014-06-27T21:54:58Z,Musical Instruments,39725,27-06-2014,21:54:58Z,2014,6,27
1048302,Learn Travis Picking From Scratch,TRUE,40,219,30,25,Intermediate Level,1.5 hours,2017-01-01T22:17:22Z,Musical Instruments,8760,01-01-2017,22:17:22Z,2017,1,1
560662,Instant Harmonica - how to get single notes in 5 easy steps,TRUE,20,835,10,7,Beginner Level,38 mins,2015-07-22T22:15:10Z,Musical Instruments,16700,22-07-2015,22:15:10Z,2015,7,22
661814,Piano Runs & Fills #3:  Jazzy Chromatic Chord Song Endings,TRUE,70,747,5,28,All Levels,1 hour,2015-11-10T18:42:55Z,Musical Instruments,52290,10-11-2015,18:42:55Z,2015,11,10
640496,Teaching Music : Start teaching an instrument successfully.,TRUE,30,1337,5,18,Beginner Level,1.5 hours,2015-10-16T20:34:11Z,Musical Instruments,40110,16-10-2015,20:34:11Z,2015,10,16
1200374,Strumming from scratch - Rhythm guitar lesson for Beginners,FALSE,0,530,11,13,Beginner Level,2 hours,2017-05-04T21:57:00Z,Musical Instruments,0,04-05-2017,21:57:00Z,2017,5,4
101498,Blues Guitar Lessons - From Texas To Carolina,TRUE,20,1297,12,9,Intermediate Level,2.5 hours,2013-10-13T09:01:34Z,Musical Instruments,25940,13-10-2013,09:01:34Z,2013,10,13
729464,Instant Harmonica - play the groovy Beatles Yesterday today!,TRUE,40,295,7,14,All Levels,1 hour,2016-04-25T15:48:05Z,Musical Instruments,11800,25-04-2016,15:48:05Z,2016,4,25
961630,Beginner Guitar Quick-Start Course,FALSE,0,2084,20,7,Beginner Level,1 hour,2016-09-28T00:11:43Z,Musical Instruments,0,28-09-2016,00:11:43Z,2016,9,28
544234,Mike G's Beginner Drum Course: Part 1,TRUE,35,515,14,20,Beginner Level,3 hours,2015-11-01T20:04:07Z,Musical Instruments,18025,01-11-2015,20:04:07Z,2015,11,1
517366,Guitar for Beginners - Learn the Basics,TRUE,20,1026,13,19,Beginner Level,31 mins,2015-06-12T22:33:53Z,Musical Instruments,20520,12-06-2015,22:33:53Z,2015,6,12
271652,How To Play The Djembe: For Beginners,TRUE,30,414,18,19,All Levels,1 hour,2014-11-11T05:00:30Z,Musical Instruments,12420,11-11-2014,05:00:30Z,2014,11,11
760066,Blues Guitar Lessons - Volume 1 - Blues Shuffle Essentials,TRUE,45,198,21,15,All Levels,2.5 hours,2016-02-12T07:50:14Z,Musical Instruments,8910,12-02-2016,07:50:14Z,2016,2,12
80844,Beginner Guitar - 38 Easy Lessons You Needs to Get Started,TRUE,40,250,24,39,Beginner Level,3 hours,2013-09-05T22:58:33Z,Musical Instruments,10000,05-09-2013,22:58:33Z,2013,9,5
820086,Bass Guitar Lessons For Beginners,TRUE,95,180,21,38,Beginner Level,2.5 hours,2016-04-26T17:30:35Z,Musical Instruments,17100,26-04-2016,17:30:35Z,2016,4,26
1013558,Pure Pentatonic Power: Rock and Blues Guitar Soloing,TRUE,50,128,10,18,All Levels,2 hours,2016-11-27T15:59:33Z,Musical Instruments,6400,27-11-2016,15:59:33Z,2016,11,27
206332,Rock Drumset Grooves: Level 1,TRUE,20,709,12,38,Beginner Level,2 hours,2014-09-02T07:02:07Z,Musical Instruments,14180,02-09-2014,07:02:07Z,2014,9,2
624662,Guitar: The Next Level,TRUE,55,117,12,10,Beginner Level,1 hour,2015-10-02T17:38:33Z,Musical Instruments,6435,02-10-2015,17:38:33Z,2015,10,2
470472,Learn to Play Euphonium: Beginner to Pro in Under Five Hours,TRUE,50,305,39,108,Beginner Level,7 hours,2015-04-16T00:39:46Z,Musical Instruments,15250,16-04-2015,00:39:46Z,2015,4,16
331970,Learn Oud 1 (No Prior Music Knowledge Required!),TRUE,20,153,27,38,Beginner Level,3.5 hours,2015-09-10T16:41:17Z,Musical Instruments,3060,10-09-2015,16:41:17Z,2015,9,10
705890,Instant Harmonica - play Dylan's Blowing in the Wind today!,TRUE,20,81,5,14,All Levels,1 hour,2016-01-12T00:11:00Z,Musical Instruments,1620,12-01-2016,00:11:00Z,2016,1,12
932804,Improvise On The Piano In 30 Minutes,TRUE,40,85,8,19,Beginner Level,1.5 hours,2016-08-18T18:24:45Z,Musical Instruments,3400,18-08-2016,18:24:45Z,2016,8,18
1101522,Cajon Step-by-Step: Beginner > Intermediate > Advanced,TRUE,35,73,9,45,All Levels,3 hours,2017-02-13T16:22:41Z,Musical Instruments,2555,13-02-2017,16:22:41Z,2017,2,13
760300,Blues Guitar Lessons - Volume 2 - Slow Blues Essentials,TRUE,45,178,21,11,All Levels,2 hours,2016-02-13T03:08:06Z,Musical Instruments,8010,13-02-2016,03:08:06Z,2016,2,13
636858,Instant Harmonica - play the gorgeous Skye Boat Song now!,TRUE,20,122,9,11,Beginner Level,38 mins,2015-10-18T22:30:58Z,Musical Instruments,2440,18-10-2015,22:30:58Z,2015,10,18
371896,Learn to Play Trombone: Go From Beginner to Pro in No Time!,TRUE,50,402,47,123,All Levels,7.5 hours,2015-03-04T22:41:55Z,Musical Instruments,20100,04-03-2015,22:41:55Z,2015,3,4
636842,FingerstyleGuitar by Jacques Stotzem - Basic Level,TRUE,30,119,12,16,All Levels,1.5 hours,2015-10-12T22:02:04Z,Musical Instruments,3570,12-10-2015,22:02:04Z,2015,10,12
564446,Instant Harmonica - play two Star Wars themes in 30 minutes ,TRUE,20,605,21,11,Beginner Level,42 mins,2015-07-28T16:49:56Z,Musical Instruments,12100,28-07-2015,16:49:56Z,2015,7,28
925286,Play Piano To-day! - Beginner Piano Lessons For Busy People!,TRUE,100,476,16,91,Beginner Level,4 hours,2016-11-01T23:35:16Z,Musical Instruments,47600,01-11-2016,23:35:16Z,2016,11,1
324224,Learn to Play the Flute: Beginner to Pro in Under Five Hours,TRUE,50,707,116,108,Beginner Level,7 hours,2014-10-29T19:41:32Z,Musical Instruments,35350,29-10-2014,19:41:32Z,2014,10,29
1008054,Play Piano 7: Improvise on For All We Know in F Key by Ear,TRUE,50,438,3,77,All Levels,1.5 hours,2016-11-10T20:20:30Z,Musical Instruments,21900,10-11-2016,20:20:30Z,2016,11,10
40495,World's Fastest Piano Method - The Piano Revolution!,TRUE,95,1199,58,31,Beginner Level,2 hours,2013-02-18T20:31:06Z,Musical Instruments,113905,18-02-2013,20:31:06Z,2013,2,18
184780,Learn to Play the Trumpet: Beginner to Pro Made the Easy Way,TRUE,50,966,157,145,Beginner Level,7.5 hours,2014-03-21T10:19:54Z,Musical Instruments,48300,21-03-2014,10:19:54Z,2014,3,21
338926,Learn to Play Clarinet: Beginner to Pro in Under Five Hours,TRUE,50,877,93,88,Beginner Level,6 hours,2015-01-01T01:25:39Z,Musical Instruments,43850,01-01-2015,01:25:39Z,2015,1,1
104304,"Learn To Play The Piano Using Pop, R&B and Gospel Chords",TRUE,50,1504,15,14,All Levels,41 mins,2013-10-15T18:13:46Z,Musical Instruments,75200,15-10-2013,18:13:46Z,2013,10,15
413182,Play By Ear #4: Play Song By Ear with 3 Chords Using Any Key,TRUE,95,1064,11,110,All Levels,2.5 hours,2015-02-07T18:40:39Z,Musical Instruments,101080,07-02-2015,18:40:39Z,2015,2,7
1108666,Worship Piano: From Beginner to Pro,TRUE,80,117,11,32,All Levels,3 hours,2017-02-18T18:03:24Z,Musical Instruments,9360,18-02-2017,18:03:24Z,2017,2,18
692658,Easy to play Christmas Songs for Guitar,TRUE,100,1229,8,11,All Levels,30 mins,2015-12-12T00:29:50Z,Musical Instruments,122900,12-12-2015,00:29:50Z,2015,12,12
173776,Ultimate Blues Guitar Beginner Lessons,TRUE,20,922,57,90,Beginner Level,10.5 hours,2014-03-08T11:31:03Z,Musical Instruments,18440,08-03-2014,11:31:03Z,2014,3,8
1254852,How to Play Piano - Your First Lesson!,FALSE,0,662,7,13,Beginner Level,31 mins,2017-06-24T04:47:09Z,Musical Instruments,0,24-06-2017,04:47:09Z,2017,6,24
637842,Playing Piano : Reading and Playing Classical Tunes Vol.I,TRUE,50,1732,6,34,Beginner Level,2 hours,2015-10-16T18:07:12Z,Musical Instruments,86600,16-10-2015,18:07:12Z,2015,10,16
953442,Blues School! A Course For Beginners in Blues Piano & Improv,TRUE,120,326,44,54,All Levels,3 hours,2017-02-22T21:44:05Z,Musical Instruments,39120,22-02-2017,21:44:05Z,2017,2,22
648628,Learn Fun Dreamy Piano Techniques # 2 - Play Silver Bells,TRUE,80,1284,6,99,All Levels,2 hours,2015-10-26T21:28:49Z,Musical Instruments,102720,26-10-2015,21:28:49Z,2015,10,26
670640,31 Day Guitar Challenge,TRUE,40,1029,22,32,Beginner Level,3.5 hours,2015-11-30T19:03:27Z,Musical Instruments,41160,30-11-2015,19:03:27Z,2015,11,30
403078,Percussive Fingerstyle Guitar,TRUE,50,886,43,74,Intermediate Level,1.5 hours,2015-02-02T18:04:46Z,Musical Instruments,44300,02-02-2015,18:04:46Z,2015,2,2
174562,Learn to Play Saxophone: Beginner to Pro in Under Four Hours,TRUE,50,1213,158,77,Beginner Level,5 hours,2014-03-03T19:36:23Z,Musical Instruments,60650,03-03-2014,19:36:23Z,2014,3,3
396238,"Learn BASS GUITAR- Have Fun, Amaze Your Friends- It's Easy! ",TRUE,100,1605,19,52,Beginner Level,2 hours,2015-02-13T03:27:03Z,Musical Instruments,160500,13-02-2015,03:27:03Z,2015,2,13
20387,Guitar Insanity Workout - Eatmystrings!,TRUE,50,2673,17,29,All Levels,2.5 hours,2012-07-06T21:33:05Z,Musical Instruments,133650,06-07-2012,21:33:05Z,2012,7,6
646906,Playing Piano:  Play Chords and Popular Pieces Vol.I,TRUE,100,1987,7,43,Beginner Level,3 hours,2016-02-01T02:17:42Z,Musical Instruments,198700,01-02-2016,02:17:42Z,2016,2,1
783292,Guitar Chord Riot! Learn to Play Guitar Like a Guitar Jedi,TRUE,75,1052,6,43,Intermediate Level,30 mins,2016-03-11T23:46:06Z,Musical Instruments,78900,11-03-2016,23:46:06Z,2016,3,11
515262,Guitar: Learn 12 Must Know Beginner Rock Guitar Riffs,TRUE,50,1548,10,20,Beginner Level,2 hours,2015-09-24T17:38:55Z,Musical Instruments,77400,24-09-2015,17:38:55Z,2015,9,24
147404,Guitar Fretboard Mastery for the Blues Guitarist,TRUE,20,257,6,5,All Levels,1 hour,2014-01-16T11:30:07Z,Musical Instruments,5140,16-01-2014,11:30:07Z,2014,1,16
260900,Quick & Easy Piano Chords: Play more songs with more chords,TRUE,55,1818,4,90,Beginner Level,2.5 hours,2014-07-17T10:12:32Z,Musical Instruments,99990,17-07-2014,10:12:32Z,2014,7,17
563650,Instant Harmonica - play Scarborough Fair in 8 easy lectures,TRUE,40,543,4,12,Beginner Level,1 hour,2015-07-24T22:22:30Z,Musical Instruments,21720,24-07-2015,22:22:30Z,2015,7,24
743674,Piano With Willie: Blues n' Boogie Vol. 2,TRUE,40,95,8,11,Intermediate Level,2.5 hours,2016-04-13T05:37:37Z,Musical Instruments,3800,13-04-2016,05:37:37Z,2016,4,13
71912,Have Fun with Beginner Blues Piano,TRUE,75,321,24,27,All Levels,2.5 hours,2013-08-05T16:46:21Z,Musical Instruments,24075,05-08-2013,16:46:21Z,2013,8,5
1186514,Learn to Play Harp: Beginners Course,FALSE,0,408,7,10,Beginner Level,41 mins,2017-04-28T17:08:37Z,Musical Instruments,0,28-04-2017,17:08:37Z,2017,4,28
1104494,Instant Harmonica - play this classic 8 bar blues tune!,TRUE,40,43,4,13,All Levels,1 hour,2017-04-23T10:53:00Z,Musical Instruments,1720,23-04-2017,10:53:00Z,2017,4,23
764534,Guitar Lessons - Learning The Neck - Fretboard Mastery,TRUE,45,239,30,49,All Levels,6 hours,2016-02-16T20:37:03Z,Musical Instruments,10755,16-02-2016,20:37:03Z,2016,2,16
808292,Take your double bass drum technique to the next level,TRUE,40,584,7,196,Intermediate Level,5.5 hours,2016-05-16T00:27:34Z,Musical Instruments,23360,16-05-2016,00:27:34Z,2016,5,16
630734,How To Play The Cajon: For Beginners,TRUE,30,144,15,25,All Levels,1.5 hours,2015-12-18T19:52:45Z,Musical Instruments,4320,18-12-2015,19:52:45Z,2015,12,18
757284,Slide Guitar- Slide Soloing Essentials,TRUE,50,297,20,17,All Levels,3 hours,2016-02-11T07:51:59Z,Musical Instruments,14850,11-02-2016,07:51:59Z,2016,2,11
356060,Learn Piano #8:  Use Augmented Chord Sub & Whole Tone Scales,TRUE,60,1137,4,45,All Levels,1 hour,2016-02-23T16:46:28Z,Musical Instruments,68220,23-02-2016,16:46:28Z,2016,2,23
1045886,Learn Acoustic Guitar for Worship,TRUE,40,86,18,26,Beginner Level,2 hours,2017-01-23T15:32:41Z,Musical Instruments,3440,23-01-2017,15:32:41Z,2017,1,23
939668,Learn 3 - All Time A R Rahman Hits on Carnatic Flute!,TRUE,70,98,18,31,Intermediate Level,2.5 hours,2016-12-13T22:38:05Z,Musical Instruments,6860,13-12-2016,22:38:05Z,2016,12,13
873386,Guitar Lessons: The Essential Beginner & Intermediate Course,FALSE,0,2566,39,23,All Levels,2 hours,2016-06-10T18:18:36Z,Musical Instruments,0,10-06-2016,18:18:36Z,2016,6,10
933818,Instant Harmonica - play the groovy Irish Washerwoman now!,TRUE,40,55,8,13,Beginner Level,1 hour,2017-01-24T23:11:26Z,Musical Instruments,2200,24-01-2017,23:11:26Z,2017,1,24
624118,Music Fundamentals: Learn Beatmaking with Pen Tapping,TRUE,200,537,2,22,All Levels,2 hours,2015-11-13T22:12:07Z,Musical Instruments,107400,13-11-2015,22:12:07Z,2015,11,13
149716,"Learn to Play Fernando Sor's 'Study in B minor"",https://www.udemy.com/study-in-b-minor/,true,115,1403,5,9,Intermediate Level,43 mins,2014-01-27T20:58:16Z
398746,Piano: The Chord Based System - Learn To Play As The Pros Do""",TRUE,115,595,20,33,All Levels,2 hours,2015-02-09T23:14:03Z,Musical Instruments,68425,09-02-2015,23:14:03Z,2015,2,9
585946,Beginner Guitar Lessons by Paul Gronow,TRUE,50,659,4,46,All Levels,3.5 hours,2016-03-02T17:16:23Z,Musical Instruments,32950,02-03-2016,17:16:23Z,2016,3,2
876396,Guitar Fretboard Secrets,TRUE,55,186,13,35,Intermediate Level,2 hours,2016-12-01T00:20:53Z,Musical Instruments,10230,01-12-2016,00:20:53Z,2016,12,1
263818,Learn to Play French Horn: Beginner to Pro Made the Easy Way,TRUE,50,460,27,131,Beginner Level,8 hours,2014-10-29T19:43:24Z,Musical Instruments,23000,29-10-2014,19:43:24Z,2014,10,29
759972,150 Rock Guitar Licks You MUST Know,TRUE,45,252,14,21,All Levels,4.5 hours,2016-02-19T17:24:14Z,Musical Instruments,11340,19-02-2016,17:24:14Z,2016,2,19
893056,Didgeridoo - from zero to HERO! Part One - beginning,TRUE,35,87,11,38,Beginner Level,3 hours,2016-07-02T14:47:33Z,Musical Instruments,3045,02-07-2016,14:47:33Z,2016,7,2
326428,Learn Piano Scales: Play any song in any key! Like Pro's do,TRUE,50,1720,9,26,Beginner Level,2.5 hours,2014-10-29T09:56:10Z,Musical Instruments,86000,29-10-2014,09:56:10Z,2014,10,29
769518,Instant Harmonica - play the groovy Valens La Bamba now!,TRUE,20,390,4,10,Beginner Level,44 mins,2016-02-22T22:28:12Z,Musical Instruments,7800,22-02-2016,22:28:12Z,2016,2,22
806638,Blues Master - Beginner's Techniques Piano Course,FALSE,0,2618,41,16,All Levels,1.5 hours,2016-03-29T00:12:41Z,Musical Instruments,0,29-03-2016,00:12:41Z,2016,3,29
467408,"How to play Djembe, Drums & Rhythm. Level 2",TRUE,40,390,14,36,Intermediate Level,2 hours,2015-07-23T18:48:24Z,Musical Instruments,15600,23-07-2015,18:48:24Z,2015,7,23
567558,Instant Harmonica - play Amazing Grace with grace and ease!,TRUE,40,496,6,14,Beginner Level,1 hour,2015-08-01T00:00:56Z,Musical Instruments,19840,01-08-2015,00:00:56Z,2015,8,1
854696,Instant Harmonica - play Amazing Grace + Ode to Joy now!,TRUE,40,341,7,23,All Levels,1.5 hours,2016-06-17T07:57:27Z,Musical Instruments,13640,17-06-2016,07:57:27Z,2016,6,17
1182624,Play Thousands of Songs On The Guitar | Cheater Chords,TRUE,100,97,5,12,Beginner Level,1 hour,2017-04-19T16:26:09Z,Musical Instruments,9700,19-04-2017,16:26:09Z,2017,4,19
27681,Piano Improvisation from Day One,TRUE,20,1249,37,21,All Levels,3 hours,2013-03-01T07:39:22Z,Musical Instruments,24980,01-03-2013,07:39:22Z,2013,3,1
412970,Classical Guitar Essentials - The Basics Part 1,TRUE,65,861,19,52,Beginner Level,4.5 hours,2016-05-04T15:09:40Z,Musical Instruments,55965,04-05-2016,15:09:40Z,2016,5,4
344234,Learn Piano #7- Learn Chromatic Chords & Chromatic Scale Run,TRUE,60,973,8,74,All Levels,2 hours,2016-02-01T20:19:24Z,Musical Instruments,58380,01-02-2016,20:19:24Z,2016,2,1
692812,Play all major scales by ear - no notation required!,TRUE,40,868,8,62,Beginner Level,3.5 hours,2015-12-15T18:53:43Z,Musical Instruments,34720,15-12-2015,18:53:43Z,2015,12,15
933666,How to play in a local Irish music session with confidence,TRUE,40,193,5,8,All Levels,1 hour,2016-08-18T21:30:16Z,Musical Instruments,7720,18-08-2016,21:30:16Z,2016,8,18
645202,The Total Beginner's Guitar Course,FALSE,0,9193,357,17,Beginner Level,1.5 hours,2016-03-24T15:04:30Z,Musical Instruments,0,24-03-2016,15:04:30Z,2016,3,24
65033,Virtual Piano Lessons - A New Way To Learn Piano,TRUE,50,5830,29,12,All Levels,1 hour,2013-07-21T23:31:31Z,Musical Instruments,291500,21-07-2013,23:31:31Z,2013,7,21
550842,16 Guitar Chords to Jam With - (Beginner - Intermediate),TRUE,20,1224,19,20,Beginner Level,1 hour,2015-07-10T19:53:56Z,Musical Instruments,24480,10-07-2015,19:53:56Z,2015,7,10
19421,Free Beginner Electric Guitar Lessons,FALSE,0,101154,1042,95,Beginner Level,4.5 hours,2012-06-15T17:00:33Z,Musical Instruments,0,15-06-2012,17:00:33Z,2012,6,15
897162,101 Awesome Rockabilly Guitar Licks,TRUE,40,407,64,33,Intermediate Level,2.5 hours,2016-08-10T20:58:18Z,Musical Instruments,16280,10-08-2016,20:58:18Z,2016,8,10
955914,A beginner`s guide to fingerpicking and strumming guitar',FALSE,0,3481,29,20,Beginner Level,2 hours,2016-09-13T21:51:59Z,Musical Instruments,0,13-09-2016,21:51:59Z,2016,9,13
1158690,"Instant Harmonica - Basic 12 Bar Blues course, easy and fun!",TRUE,40,124,8,14,Beginner Level,1 hour,2017-03-29T00:36:48Z,Musical Instruments,4960,29-03-2017,00:36:48Z,2017,3,29
551170,Your First Course on Piano,TRUE,70,2002,34,33,Beginner Level,4 hours,2015-07-16T17:07:49Z,Musical Instruments,140140,16-07-2015,17:07:49Z,2015,7,16
198690,Acoustic Guitar Basics,FALSE,0,14495,224,21,Beginner Level,2 hours,2014-08-07T20:32:27Z,Musical Instruments,0,07-08-2014,20:32:27Z,2014,8,7
657518,Cracking the Violin Code!,TRUE,120,746,82,40,All Levels,5.5 hours,2015-11-17T21:30:46Z,Musical Instruments,89520,17-11-2015,21:30:46Z,2015,11,17
708696,Instant Bodhran - part one; learn the basics of drumming now,TRUE,30,920,31,9,Beginner Level,1 hour,2016-01-12T20:59:18Z,Musical Instruments,27600,12-01-2016,20:59:18Z,2016,1,12
1007396,"Play The Piano By Ear | Master Class, Learn By Doing",TRUE,175,362,38,27,All Levels,2.5 hours,2016-11-12T15:05:19Z,Musical Instruments,63350,12-11-2016,15:05:19Z,2016,11,12
505126,Discover Classical Guitar Level 2   ,TRUE,75,927,35,123,Intermediate Level,11.5 hours,2015-09-01T17:47:10Z,Musical Instruments,69525,01-09-2015,17:47:10Z,2015,9,1
574428,Fingerpicking Classics - Great songs played fingerstyle!,TRUE,20,953,11,13,All Levels,2 hours,2015-08-07T22:08:40Z,Musical Instruments,19060,07-08-2015,22:08:40Z,2015,8,7
602450,6 Must Know Tricks to Successful Solos,TRUE,35,469,38,30,All Levels,4 hours,2015-09-28T22:00:17Z,Musical Instruments,16415,28-09-2015,22:00:17Z,2015,9,28
895244,CAGED System for Guitar (Guitar Lessons from Lutz Academy),TRUE,50,450,15,7,All Levels,1.5 hours,2016-07-25T17:08:52Z,Musical Instruments,22500,25-07-2016,17:08:52Z,2016,7,25
342398,Learn the Violin - No Music Experience Necessary!,TRUE,120,600,27,30,Beginner Level,3 hours,2015-09-02T18:48:15Z,Musical Instruments,72000,02-09-2015,18:48:15Z,2015,9,2
552700,Your Second Course on Piano: Two Handed Playing,TRUE,70,1018,12,22,Beginner Level,5 hours,2015-10-26T20:04:21Z,Musical Instruments,71260,26-10-2015,20:04:21Z,2015,10,26
175278,How to Design Your Own Guitar,TRUE,50,181,34,32,All Levels,5 hours,2014-06-25T21:27:25Z,Musical Instruments,9050,25-06-2014,21:27:25Z,2014,6,25
101496,How To Play Blues Guitar - Broonzy & McGhee Blues Lessons,FALSE,0,8240,31,6,Intermediate Level,1.5 hours,2013-11-23T12:27:56Z,Musical Instruments,0,23-11-2013,12:27:56Z,2013,11,23
365292,Play Sonny Terry style on Harmonica and dazzle your friends!,TRUE,200,582,49,51,All Levels,5.5 hours,2014-12-18T20:57:56Z,Musical Instruments,116400,18-12-2014,20:57:56Z,2014,12,18
42251,Blues and Advanced Guitar Lessons,TRUE,85,1235,46,131,All Levels,7.5 hours,2013-06-10T16:25:30Z,Musical Instruments,104975,10-06-2013,16:25:30Z,2013,6,10
446478,Learn basics of South Indian Carnatic Flute Step by Step ,TRUE,150,380,113,49,Beginner Level,4 hours,2015-04-15T16:33:43Z,Musical Instruments,57000,15-04-2015,16:33:43Z,2015,4,15
132570,Basic Piano Hymn Playing,TRUE,20,1842,21,28,Beginner Level,1.5 hours,2013-12-12T07:09:21Z,Musical Instruments,36840,12-12-2013,07:09:21Z,2013,12,12
288942,#1 Piano Hand Coordination: Play 10th Ballad in Eb Key songs,TRUE,35,3137,18,68,All Levels,1.5 hours,2014-09-18T05:07:05Z,Musical Instruments,109795,18-09-2014,05:07:05Z,2014,9,18
1105794,Piano Music Theory (Back To Basics) by JFilt,FALSE,0,4967,308,12,Beginner Level,30 mins,2017-02-13T23:03:35Z,Musical Instruments,0,13-02-2017,23:03:35Z,2017,2,13
515256,Guitar - 12  Strumming Patterns You Must Know For Guitar,TRUE,50,2154,40,16,Beginner Level,1 hour,2015-07-06T23:16:45Z,Musical Instruments,107700,06-07-2015,23:16:45Z,2015,7,6
956102,Guitar Lessons for complete beginners - super simple and fun,TRUE,20,936,9,12,Beginner Level,40 mins,2016-09-12T17:49:04Z,Musical Instruments,18720,12-09-2016,17:49:04Z,2016,9,12
902476,CAGED Pentatonic System for Guitar - Level 3,TRUE,45,1224,17,32,All Levels,1.5 hours,2016-09-28T03:04:52Z,Musical Instruments,55080,28-09-2016,03:04:52Z,2016,9,28
1051856,Classical Guitar Essentials - The Basics Part 2,TRUE,95,1030,1,44,Intermediate Level,4.5 hours,2017-03-03T22:16:24Z,Musical Instruments,97850,03-03-2017,22:16:24Z,2017,3,3
583752,Introduction to Piano - By PGN Piano!,FALSE,0,14922,772,8,Beginner Level,40 mins,2015-08-16T20:38:49Z,Musical Instruments,0,16-08-2015,20:38:49Z,2015,8,16
521072,Keyboard Instruments - Read Sheet Music for Piano Fast!,TRUE,50,2788,52,41,Beginner Level,1.5 hours,2015-07-01T21:34:49Z,Musical Instruments,139400,01-07-2015,21:34:49Z,2015,7,1
749686,How to Play the Guitar: Your 30-Day Guide to Learn Guitar,TRUE,20,2686,10,32,Beginner Level,6 hours,2016-02-02T19:37:04Z,Musical Instruments,53720,02-02-2016,19:37:04Z,2016,2,2
1010274,Drumming Accelerator: How To Get The Best Start Possible,TRUE,200,1594,4,34,Beginner Level,1.5 hours,2017-04-18T16:33:28Z,Musical Instruments,318800,18-04-2017,16:33:28Z,2017,4,18
998100,Play Piano 4: Improvise on popular song Yesterday chords,TRUE,50,1018,4,63,All Levels,1.5 hours,2016-10-30T20:20:10Z,Musical Instruments,50900,30-10-2016,20:20:10Z,2016,10,30
1033670,Beginner's Guitar Lessons - Crash Course for Busy Adults,TRUE,50,1194,9,29,Beginner Level,2 hours,2017-05-02T05:12:51Z,Musical Instruments,59700,02-05-2017,05:12:51Z,2017,5,2
1266892,Getting Started with the Guitar in 5 Days,FALSE,0,270,1,24,Beginner Level,1.5 hours,2017-07-03T20:21:23Z,Musical Instruments,0,03-07-2017,20:21:23Z,2017,7,3
762374,Guitar Lessons - String Bending And Vibrato Essentials,FALSE,0,3325,28,5,All Levels,1 hour,2016-02-15T17:04:24Z,Musical Instruments,0,15-02-2016,17:04:24Z,2016,2,15
743634,Piano With Willie: Blues n' Boogie Vol. 1,TRUE,40,172,26,15,Intermediate Level,2.5 hours,2016-04-13T05:27:23Z,Musical Instruments,6880,13-04-2016,05:27:23Z,2016,4,13
663810,Piano Runs & Fills #4: C6 Rolling Waves & Waterfall Runs,TRUE,70,834,3,35,All Levels,1 hour,2015-11-10T20:59:52Z,Musical Instruments,58380,10-11-2015,20:59:52Z,2015,11,10
475914,Chugging - it don't mean a thing if it ain't got that swing!,TRUE,200,382,21,25,All Levels,2.5 hours,2015-04-20T18:28:10Z,Musical Instruments,76400,20-04-2015,18:28:10Z,2015,4,20
831294,Make Your Own Ukulele,TRUE,85,452,5,23,All Levels,4.5 hours,2016-08-29T18:53:27Z,Musical Instruments,38420,29-08-2016,18:53:27Z,2016,8,29
364716,"Beginner Violin 101: Care, Maintenance, and the Right Gear",FALSE,0,5543,107,29,All Levels,4 hours,2015-03-03T00:09:19Z,Musical Instruments,0,03-03-2015,00:09:19Z,2015,3,3
1105904,Learn How To Play 25 Classic Hip Hop Songs,TRUE,25,153,9,27,All Levels,2.5 hours,2017-02-13T23:03:20Z,Musical Instruments,3825,13-02-2017,23:03:20Z,2017,2,13
242382,Learn Beethoven's Fur Elise on Piano,TRUE,20,1582,11,6,All Levels,29 mins,2014-06-13T00:34:26Z,Musical Instruments,31640,13-06-2014,00:34:26Z,2014,6,13
783778,Play Violin and Fiddle for beginners - it's fun  - Course 1,TRUE,20,560,8,9,Beginner Level,1 hour,2016-03-18T00:49:32Z,Musical Instruments,11200,18-03-2016,00:49:32Z,2016,3,18
773016,Piano With Willie Building Technique with Scales Vol. 1,TRUE,40,111,15,12,All Levels,1.5 hours,2016-04-13T06:26:47Z,Musical Instruments,4440,13-04-2016,06:26:47Z,2016,4,13
672894,Christmas Piano Songs For The Very Beginner Vol. I,TRUE,40,1060,3,15,Beginner Level,1.5 hours,2015-11-22T23:56:07Z,Musical Instruments,42400,22-11-2015,23:56:07Z,2015,11,22
1132694,Introduction to Gypsy Jazz Guitar,TRUE,95,452,10,18,All Levels,2.5 hours,2017-05-14T14:30:46Z,Musical Instruments,42940,14-05-2017,14:30:46Z,2017,5,14
311530,"Learn How to Play Blues, Rock, & Boogie Woogie Piano Today",TRUE,45,2346,11,14,All Levels,39 mins,2014-10-08T22:07:46Z,Musical Instruments,105570,08-10-2014,22:07:46Z,2014,10,8
1236562,The Piano Chord Ladder | Learn to Play Thousands of Songs,TRUE,100,103,2,11,All Levels,1 hour,2017-05-31T20:30:26Z,Musical Instruments,10300,31-05-2017,20:30:26Z,2017,5,31
1000966,Play Piano 5: Improvise on Misty Eb Key Runs & 2-5 Chords,TRUE,50,833,6,70,Expert Level,1.5 hours,2016-11-03T16:46:58Z,Musical Instruments,41650,03-11-2016,16:46:58Z,2016,11,3
782430,Playing Piano: Scales and Arpeggios Vol.I : Major keys,TRUE,50,2358,3,26,Beginner Level,1 hour,2016-03-31T18:31:08Z,Musical Instruments,117900,31-03-2016,18:31:08Z,2016,3,31
777650,Drumming for Beginners - Simple Way To Learn How To Drum,TRUE,20,1814,28,22,Beginner Level,2 hours,2016-03-02T18:06:21Z,Musical Instruments,36280,02-03-2016,18:06:21Z,2016,3,2
138228,Get great playing HARMONICA - a fun new leisure time hobby !,TRUE,35,2543,44,17,All Levels,2 hours,2014-02-12T17:15:13Z,Musical Instruments,89005,12-02-2014,17:15:13Z,2014,2,12
1034414,Fingerstyle Guitar Mastery: 3 Techniques You Need To Know,FALSE,0,3042,40,13,All Levels,34 mins,2016-12-13T16:13:47Z,Musical Instruments,0,13-12-2016,16:13:47Z,2016,12,13
996888,Play Piano 3: Improvise Chords to Enchanted Evening by Ear,TRUE,50,809,5,57,All Levels,1.5 hours,2016-10-30T16:33:51Z,Musical Instruments,40450,30-10-2016,16:33:51Z,2016,10,30
1191750,"Jazz Guitar Tips, Tricks and Licks",FALSE,0,9351,331,21,Intermediate Level,2 hours,2017-05-01T02:32:12Z,Musical Instruments,0,01-05-2017,02:32:12Z,2017,5,1
793234,Piano From Zero To Pro - Beginner Essentials To The Piano,TRUE,70,811,129,52,Beginner Level,3.5 hours,2016-03-16T15:28:29Z,Musical Instruments,56770,16-03-2016,15:28:29Z,2016,3,16
372416,"Piano: Learn 48 chords in 1 hour,  and always remember how",TRUE,120,1424,71,16,Beginner Level,1.5 hours,2014-12-28T22:17:41Z,Musical Instruments,170880,28-12-2014,22:17:41Z,2014,12,28
665278,Walking Bass - Quick Start Guide,TRUE,50,193,20,31,All Levels,1 hour,2015-12-10T22:33:58Z,Musical Instruments,9650,10-12-2015,22:33:58Z,2015,12,10
1170198,Beginner Guitar Lessons: Learn To Play Guitar Today (WAVE 1),TRUE,45,65,18,56,Beginner Level,10 hours,2017-05-01T19:01:49Z,Musical Instruments,2925,01-05-2017,19:01:49Z,2017,5,1
1002272,Blues Bass - Quick Start Guide,TRUE,50,59,8,29,All Levels,1.5 hours,2016-11-24T22:40:05Z,Musical Instruments,2950,24-11-2016,22:40:05Z,2016,11,24
213532,How to speak Pianish (beginner level),TRUE,30,545,5,10,Beginner Level,1 hour,2014-08-25T13:52:11Z,Musical Instruments,16350,25-08-2014,13:52:11Z,2014,8,25
64585,Gospel Piano Essentials,TRUE,30,668,39,46,Intermediate Level,11.5 hours,2013-07-11T23:06:29Z,Musical Instruments,20040,11-07-2013,23:06:29Z,2013,7,11
1013762,Instant Harmonica - play Leonard Cohen's Hallelujah now!,TRUE,40,100,15,14,All Levels,1.5 hours,2016-11-20T22:46:31Z,Musical Instruments,4000,20-11-2016,22:46:31Z,2016,11,20
315576,Guitar Crash Course (No Experience Necessary),FALSE,0,5769,78,29,Beginner Level,1 hour,2015-01-22T03:23:59Z,Musical Instruments,0,22-01-2015,03:23:59Z,2015,1,22
812914,Beginner Guitar Lessons - Your Complete Foundation Course,TRUE,60,293,30,162,Beginner Level,18.5 hours,2016-04-11T23:01:29Z,Musical Instruments,17580,11-04-2016,23:01:29Z,2016,4,11
660690,Piano Building Blocks: Learn the 24 Most Common Chords,TRUE,50,492,10,17,Beginner Level,1.5 hours,2016-03-07T20:53:38Z,Musical Instruments,24600,07-03-2016,20:53:38Z,2016,3,7
347104,Learn to Play the Oboe: Beginner to Pro in Under Four Hours,TRUE,50,500,39,74,Beginner Level,5 hours,2015-01-01T01:25:25Z,Musical Instruments,25000,01-01-2015,01:25:25Z,2015,1,1
638204,Playing Piano By Ear: Complete Guide for Aspiring Musicians,TRUE,150,346,26,59,All Levels,4.5 hours,2015-11-20T23:32:08Z,Musical Instruments,51900,20-11-2015,23:32:08Z,2015,11,20
519694,"Discover the fun of Spoon playing, a beginners course",TRUE,65,353,13,25,All Levels,1 hour,2015-06-25T22:54:11Z,Musical Instruments,22945,25-06-2015,22:54:11Z,2015,6,25
647336,Country Guitar Fundamentals,TRUE,50,1174,39,23,Intermediate Level,1.5 hours,2016-12-23T22:52:59Z,Musical Instruments,58700,23-12-2016,22:52:59Z,2016,12,23
464844,Discover Classical Guitar Level 1,TRUE,25,1513,38,19,Beginner Level,1.5 hours,2015-06-21T20:31:22Z,Musical Instruments,37825,21-06-2015,20:31:22Z,2015,6,21
824044,PI-101 Top 10 Classical Piano Pieces for Beginners,FALSE,0,6292,183,38,Beginner Level,1 hour,2016-05-30T21:02:20Z,Musical Instruments,0,30-05-2016,21:02:20Z,2016,5,30
409818,Get started playing blues harmonica,FALSE,0,6853,398,23,Beginner Level,37 mins,2015-03-30T22:01:08Z,Musical Instruments,0,30-03-2015,22:01:08Z,2015,3,30
755198,Rockabilly Guitar For Beginners,TRUE,40,475,125,36,Beginner Level,2 hours,2016-02-21T15:14:52Z,Musical Instruments,19000,21-02-2016,15:14:52Z,2016,2,21
552650,Beginner Piano,TRUE,20,776,79,89,Beginner Level,4 hours,2015-08-05T00:29:09Z,Musical Instruments,15520,05-08-2015,00:29:09Z,2015,8,5
710420,Step by Step Tabla Course- Indian Drums,TRUE,20,1337,17,21,Beginner Level,1 hour,2016-01-18T18:17:05Z,Musical Instruments,26740,18-01-2016,18:17:05Z,2016,1,18
1000988,Play Piano 6 -Improvise on The Way We Were with Power Chords,TRUE,50,701,4,62,All Levels,1.5 hours,2016-11-03T16:59:45Z,Musical Instruments,35050,03-11-2016,16:59:45Z,2016,11,3
384928,101 Blues riffs - learn how the harmonica superstars do it,TRUE,200,1350,65,55,Intermediate Level,6.5 hours,2015-01-04T21:14:31Z,Musical Instruments,270000,04-01-2015,21:14:31Z,2015,1,4
392958,Learn To Play The Drums,TRUE,25,1141,88,74,All Levels,8.5 hours,2015-05-28T16:46:33Z,Musical Instruments,28525,28-05-2015,16:46:33Z,2015,5,28
515260,Guitar: Master The Guitar Fretboard In 6 Easy Steps,TRUE,55,1203,26,10,Beginner Level,1 hour,2015-10-12T18:25:15Z,Musical Instruments,66165,12-10-2015,18:25:15Z,2015,10,12
555340,Play Piano in 30 Days! - Start Playing NOW!,FALSE,0,5188,410,58,Beginner Level,3 hours,2015-07-26T18:08:47Z,Musical Instruments,0,26-07-2015,18:08:47Z,2015,7,26
603902,Curso de Didgeridoo nivel principiante,TRUE,50,0,0,31,Beginner Level,1 hour,2016-04-11T04:14:05Z,Musical Instruments,0,11-04-2016,04:14:05Z,2016,4,11
217978,ブルースギター入門,FALSE,0,462,6,23,All Levels,3.5 hours,2014-05-17T04:00:12Z,Musical Instruments,0,17-05-2014,04:00:12Z,2014,5,17
238934,Pianoforall - Incredible New Way To Learn Piano & Keyboard,TRUE,200,75499,7676,362,All Levels,30 hours,2014-08-07T06:27:51Z,Musical Instruments,15099800,07-08-2014,06:27:51Z,2014,8,7
456284,The Professional Guitar Masterclass,TRUE,200,21701,1340,136,All Levels,9.5 hours,2015-04-28T17:27:26Z,Musical Instruments,4340200,28-04-2015,17:27:26Z,2015,4,28
1029440,Modern Rock Guitar Techniques,TRUE,50,3157,375,32,Intermediate Level,3 hours,2016-12-08T16:21:16Z,Musical Instruments,157850,08-12-2016,16:21:16Z,2016,12,8
42271,Complete Guitar System - Beginner to Advanced,TRUE,145,32935,2713,310,All Levels,34 hours,2013-05-29T15:24:47Z,Musical Instruments,4775575,29-05-2013,15:24:47Z,2013,5,29
484670,Guitar Super System Level 1,TRUE,50,10869,2257,104,Intermediate Level,5 hours,2015-04-29T23:49:34Z,Musical Instruments,543450,29-04-2015,23:49:34Z,2015,4,29
967380,How to play Piano - Go from a Beginner/Intermediate to a Pro,TRUE,200,5316,159,291,All Levels,31 hours,2016-10-16T18:25:57Z,Musical Instruments,1063200,16-10-2016,18:25:57Z,2016,10,16
681692,Guitar Super System Level 2,TRUE,50,4192,128,34,Expert Level,1.5 hours,2015-11-30T21:49:37Z,Musical Instruments,209600,30-11-2015,21:49:37Z,2015,11,30
200598,"LEARN HARMONICA, amaze your friends and have fun - it's easy",TRUE,200,8857,718,131,All Levels,15.5 hours,2014-04-27T16:25:44Z,Musical Instruments,1771400,27-04-2014,16:25:44Z,2014,4,27
953152,The Complete Piano & Music Theory Beginners Course,TRUE,50,10435,665,23,All Levels,1.5 hours,2016-09-15T22:49:21Z,Musical Instruments,521750,15-09-2016,22:49:21Z,2016,9,15
1132342,Ultimate Beginner Guitar Masterclass,TRUE,200,8113,79,124,Beginner Level,11.5 hours,2017-05-15T23:04:11Z,Musical Instruments,1622600,15-05-2017,23:04:11Z,2017,5,15
194692,Quicklessons Piano Course - Learn to Play Piano by Ear!,TRUE,200,7178,260,144,All Levels,8.5 hours,2014-04-12T17:29:32Z,Musical Instruments,1435600,12-04-2014,17:29:32Z,2014,4,12
1119092,"Learn guitar the Right way! Complete 'KickStarter course""",TRUE,150,2102,33,99,Beginner Level,9 hours,2017-02-25T00:22:55Z,Musical Instruments,315300,25-02-2017,00:22:55Z,2017,2,25
902474,CAGED Pentatonic System for Guitar - Level 1,TRUE,45,1329,52,35,All Levels,1.5 hours,2016-07-28T03:33:36Z,Musical Instruments,59805,28-07-2016,03:33:36Z,2016,7,28
920194,CAGED Pentatonic System for Guitar - Level 2,TRUE,45,1220,13,26,All Levels,1.5 hours,2016-08-26T16:15:07Z,Musical Instruments,54900,26-08-2016,16:15:07Z,2016,8,26
666322,Learn to Play Piano From a Concert Pianist - For Beginners,TRUE,200,3206,18,17,Beginner Level,1 hour,2015-11-22T18:38:28Z,Musical Instruments,641200,22-11-2015,18:38:28Z,2015,11,22
1193886,#12 Hand Coordination: Let your Hands dance with Ballad 9,TRUE,75,482,1,47,Intermediate Level,1.5 hours,2017-04-26T18:34:57Z,Musical Instruments,36150,26-04-2017,18:34:57Z,2017,4,26
647338,How To Make Money With A Cover Band,TRUE,50,2498,12,25,All Levels,3.5 hours,2017-03-30T22:39:31Z,Musical Instruments,124900,30-03-2017,22:39:31Z,2017,3,30
1194244,How To Play Guitar - For Absolute Beginners,TRUE,35,478,3,18,Beginner Level,1 hour,2017-05-01T21:48:41Z,Musical Instruments,16730,01-05-2017,21:48:41Z,2017,5,1
658816,Learn How to Improvise on Guitar in 30 Days,TRUE,200,1788,89,33,Beginner Level,6 hours,2016-10-25T20:21:51Z,Musical Instruments,357600,25-10-2016,20:21:51Z,2016,10,25
1009802,Play Piano 8 - Play Over the Rainbow by Ear & Free Improvise,TRUE,50,1249,6,69,All Levels,1.5 hours,2016-11-14T19:17:21Z,Musical Instruments,62450,14-11-2016,19:17:21Z,2016,11,14
353224,The Best Beginner Guitar Course Ever,TRUE,50,1976,252,16,Beginner Level,1 hour,2014-11-25T16:20:58Z,Musical Instruments,98800,25-11-2014,16:20:58Z,2014,11,25
938260,Piano For Singer/Songwriters 2: Pop/Rock Rhythm Immersion,TRUE,100,567,37,24,All Levels,1.5 hours,2016-08-29T19:12:11Z,Musical Instruments,56700,29-08-2016,19:12:11Z,2016,8,29
907966,Guitar: Learn 10 CCR Guitar Chord Progressions,TRUE,50,2045,8,24,Beginner Level,2 hours,2016-08-25T19:22:05Z,Musical Instruments,102250,25-08-2016,19:22:05Z,2016,8,25
997470,"Play Piano 2:  Play 'Love Me Tender By Ear with 2-5 Chords""",TRUE,50,1204,8,56,All Levels,1.5 hours,2016-10-30T16:24:37Z,Musical Instruments,60200,30-10-2016,16:24:37Z,2016,10,30
993134,Learn Piano #10 Tritone Chord Substitution with Jazzy Sounds,TRUE,60,1227,2,26,All Levels,38 mins,2016-10-25T18:48:51Z,Musical Instruments,73620,25-10-2016,18:48:51Z,2016,10,25
41884,Getting Started with Playing Guitar,FALSE,0,47652,1141,26,Beginner Level,4 hours,2013-05-29T15:28:07Z,Musical Instruments,0,29-05-2013,15:28:07Z,2013,5,29
888698,Piano Playing: Reading and Playing Classical Tunes Vol.II,TRUE,40,1638,3,17,Beginner Level,1.5 hours,2016-06-28T15:36:21Z,Musical Instruments,65520,28-06-2016,15:36:21Z,2016,6,28
1119610,Harmonica Jamz: The Only Course on Jammin' with Friends,TRUE,60,568,8,65,Beginner Level,5 hours,2017-03-21T22:54:24Z,Musical Instruments,34080,21-03-2017,22:54:24Z,2017,3,21
476324,Guitar - Learn 10 Legendary Chord Progressions for Guitar,TRUE,55,3013,15,28,Beginner Level,1.5 hours,2015-06-14T19:04:21Z,Musical Instruments,165715,14-06-2015,19:04:21Z,2015,6,14
476988,Guitar - Blues Guitar for Beginners,TRUE,45,2795,26,25,Beginner Level,1 hour,2015-05-22T20:01:12Z,Musical Instruments,125775,22-05-2015,20:01:12Z,2015,5,22
1159988,Electric Guitar for Beginners - RockStarter Level 1,TRUE,40,491,5,29,Beginner Level,2.5 hours,2017-03-30T16:37:29Z,Musical Instruments,19640,30-03-2017,16:37:29Z,2017,3,30
1034080,The Circle of Fifths for Guitarists,TRUE,50,1018,2,5,Intermediate Level,1.5 hours,2016-12-15T21:57:42Z,Musical Instruments,50900,15-12-2016,21:57:42Z,2016,12,15
659918,Piano Runs & Fills #2: Play Rolling Cascading Runs for Intro,TRUE,70,2164,10,30,All Levels,1 hour,2015-11-04T21:02:58Z,Musical Instruments,151480,04-11-2015,21:02:58Z,2015,11,4
422546,Piano - Circle of 5ths to Play A Song in 12 Keys in 12 Days,TRUE,95,2415,16,115,All Levels,2.5 hours,2015-02-17T18:46:37Z,Musical Instruments,229425,17-02-2015,18:46:37Z,2015,2,17
1116196,Essential Theory and Technique for Guitar,FALSE,0,2285,34,22,Beginner Level,2 hours,2017-02-25T00:24:16Z,Musical Instruments,0,25-02-2017,00:24:16Z,2017,2,25
660460,Piano for Complete Beginners: Learn your first song today!,TRUE,40,1268,10,30,Beginner Level,1 hour,2015-11-10T20:37:08Z,Musical Instruments,50720,10-11-2015,20:37:08Z,2015,11,10
1123250,Master Class Piano Techniques: Tips To EZ Coordinate 2 Hands,TRUE,95,2026,3,62,Intermediate Level,2.5 hours,2017-03-09T16:25:04Z,Musical Instruments,192470,09-03-2017,16:25:04Z,2017,3,9
1003568,Master Class # 11:  Play Piano Techniques Learn Piano 1 to10,TRUE,95,2164,10,113,All Levels,2 hours,2016-11-07T14:54:19Z,Musical Instruments,205580,07-11-2016,14:54:19Z,2016,11,7
1240148,Learn all Piano Chords in all Piano Scales with logic,TRUE,45,969,2,17,Beginner Level,1 hour,2017-06-04T18:56:32Z,Musical Instruments,43605,04-06-2017,18:56:32Z,2017,6,4
1111630,Learn to play the piano or keyboard from scratch,TRUE,145,1987,11,161,Beginner Level,14 hours,2017-05-31T18:38:06Z,Musical Instruments,288115,31-05-2017,18:38:06Z,2017,5,31
830568,5 Exotic Guitar Scales and How to Use Them Effectively,TRUE,50,1319,101,21,Intermediate Level,1 hour,2016-08-09T17:21:24Z,Musical Instruments,65950,09-08-2016,17:21:24Z,2016,8,9
566678,Learn 4 Chords and Play Thousands of Songs!,TRUE,20,4560,177,22,Beginner Level,1.5 hours,2015-08-17T19:01:04Z,Musical Instruments,91200,17-08-2015,19:01:04Z,2015,8,17
1170074,#10 Hand Coordination - Transfer Chord Ballad 9 - C & Bb Key,TRUE,75,1593,1,41,Intermediate Level,1 hour,2017-04-12T19:06:34Z,Musical Instruments,119475,12-04-2017,19:06:34Z,2017,4,12
517148,Acoustic Fingerstyle Guitar Course: Beginner to Advanced,TRUE,200,6565,55,56,All Levels,4 hours,2015-08-04T17:40:13Z,Musical Instruments,1313000,04-08-2015,17:40:13Z,2015,8,4
206088,Guitar Chord Mastery!Turn Your Brain Into A Chord Encyclopia,TRUE,200,4133,173,224,Intermediate Level,28.5 hours,2014-05-19T00:26:06Z,Musical Instruments,826600,19-05-2014,00:26:06Z,2014,5,19
995562,Play Piano 1 Master Class Intro:  Standards 2-5 Power Chords,TRUE,50,1541,14,42,All Levels,1 hour,2016-10-29T14:56:51Z,Musical Instruments,77050,29-10-2016,14:56:51Z,2016,10,29
59922,Best Beginner Guitar Lessons by Sam Lyons,TRUE,20,14560,20,32,All Levels,2 hours,2013-06-16T17:54:10Z,Musical Instruments,291200,16-06-2013,17:54:10Z,2013,6,16
76524,A new approach to piano and playing songs for beginners,TRUE,50,7140,72,26,Beginner Level,1.5 hours,2013-08-11T20:39:24Z,Musical Instruments,357000,11-08-2013,20:39:24Z,2013,8,11
971962,Learn Guitar: Zero to Guitar Fingerpicking in 30 days,TRUE,50,1495,26,36,Beginner Level,2.5 hours,2016-12-28T03:33:30Z,Musical Instruments,74750,28-12-2016,03:33:30Z,2016,12,28
972704,How to play Contemporary Piano,TRUE,25,1200,35,10,All Levels,36 mins,2016-10-04T13:59:25Z,Musical Instruments,30000,04-10-2016,13:59:25Z,2016,10,4
993510,Piano Technique Exercises Vol.1,TRUE,50,1674,4,24,All Levels,1 hour,2017-01-25T14:41:57Z,Musical Instruments,83700,25-01-2017,14:41:57Z,2017,1,25
1255114,Instant Harmonica - Learning the Basic 12 Bar Blues Bassline,TRUE,40,54,6,10,All Levels,1 hour,2017-06-16T22:01:09Z,Musical Instruments,2160,16-06-2017,22:01:09Z,2017,6,16
1120410,#5  Piano Hand Coordination:  Piano Runs in 2 Beats Eb Key,TRUE,75,940,3,32,Intermediate Level,37 mins,2017-02-21T23:44:49Z,Musical Instruments,70500,21-02-2017,23:44:49Z,2017,2,21
1048188,Modern Country Guitar: Technique Booster,TRUE,30,1152,16,42,Intermediate Level,2.5 hours,2017-01-26T22:37:15Z,Musical Instruments,34560,26-01-2017,22:37:15Z,2017,1,26
970880,"Blues Guitar Lessons for Beginners: Chords, Rhythm and Lead",TRUE,95,2558,19,16,Beginner Level,3 hours,2016-10-19T03:26:29Z,Musical Instruments,243010,19-10-2016,03:26:29Z,2016,10,19
1116700,#4 Piano Hand Coordination: Fun Piano Runs in 2 Beats C Key,TRUE,75,850,3,43,Intermediate Level,1 hour,2017-02-21T23:48:18Z,Musical Instruments,63750,21-02-2017,23:48:18Z,2017,2,21
687248,3 step formula for playing guitar by ear,TRUE,25,3937,54,20,Beginner Level,1.5 hours,2015-12-03T21:26:09Z,Musical Instruments,98425,03-12-2015,21:26:09Z,2015,12,3
1052180,"How to play 'Electric Guitar"",https://www.udemy.com/electric-guitar-beginners-method/,true,50,1105,5,20,Beginner Level,2 hours,2016-12-29T00:24:06Z
42038,Learn Piano Today: How to Play Piano Course in Quick Lessons""",TRUE,100,6271,68,75,All Levels,5 hours,2013-06-27T21:55:17Z,Musical Instruments,627100,27-06-2013,21:55:17Z,2013,6,27
501412,Play Piano by Ear Today! SuperCourse,TRUE,60,4557,21,77,All Levels,5.5 hours,2016-01-05T22:39:04Z,Musical Instruments,273420,05-01-2016,22:39:04Z,2016,1,5
1032864,Learn to Read & Write Music to play Piano & more instruments,TRUE,115,5292,38,85,All Levels,10.5 hours,2016-12-27T19:52:54Z,Musical Instruments,608580,27-12-2016,19:52:54Z,2016,12,27
574974,The Complete Piano Course - Master The Piano,TRUE,95,4982,276,240,All Levels,23 hours,2015-08-20T21:25:34Z,Musical Instruments,473290,20-08-2015,21:25:34Z,2015,8,20
1229488,Learn to play your favorite guitar songs by ear,TRUE,50,4733,11,15,All Levels,1.5 hours,2017-05-27T00:12:52Z,Musical Instruments,236650,27-05-2017,00:12:52Z,2017,5,27
658276,Piano for Singer/Songwriters | Write Songs and Perform Live!,TRUE,100,3371,175,42,Beginner Level,3 hours,2015-11-12T01:10:55Z,Musical Instruments,337100,12-11-2015,01:10:55Z,2015,11,12
1041176,Fun Beginner Ukulele Course,TRUE,55,1409,41,17,Beginner Level,1.5 hours,2016-12-21T00:56:03Z,Musical Instruments,77495,21-12-2016,00:56:03Z,2016,12,21
26956,Learn Guitar in 21 Days,TRUE,20,26504,192,82,Beginner Level,2.5 hours,2012-10-21T20:36:50Z,Musical Instruments,530080,21-10-2012,20:36:50Z,2012,10,21
1098994,Fun Ukulele Strumming Course,TRUE,45,3141,10,15,Beginner Level,1 hour,2017-02-02T18:41:15Z,Musical Instruments,141345,02-02-2017,18:41:15Z,2017,2,2
917432,The Professional Bass Masterclass,TRUE,200,1449,136,88,All Levels,7 hours,2016-10-24T18:22:57Z,Musical Instruments,289800,24-10-2016,18:22:57Z,2016,10,24
983418,The Allman Brothers Guitar Roots And Techniques,TRUE,75,2692,29,14,Intermediate Level,1.5 hours,2016-10-29T21:58:01Z,Musical Instruments,201900,29-10-2016,21:58:01Z,2016,10,29
648506,Blues Guitar Fundamentals,TRUE,50,3312,107,21,Intermediate Level,1.5 hours,2016-06-27T23:12:31Z,Musical Instruments,165600,27-06-2016,23:12:31Z,2016,6,27
1122832,#6 Piano Hand Coordination: Play Open 10 Ballad to 9/4 Song,TRUE,65,2015,3,21,Intermediate Level,44 mins,2017-03-08T17:53:36Z,Musical Instruments,130975,08-03-2017,17:53:36Z,2017,3,8
1123184,#7 Piano Hand Coordination: Play Piano Runs in 3 Beats 9/4,TRUE,65,2015,2,25,Intermediate Level,1 hour,2017-03-08T18:09:32Z,Musical Instruments,130975,08-03-2017,18:09:32Z,2017,3,8
858064,Beginner Level Popular Piano Program - Month 1,TRUE,30,7,2,13,Beginner Level,1 hour,2016-05-24T17:31:13Z,Musical Instruments,210,24-05-2016,17:31:13Z,2016,5,24
214328,Piano Lessons for the R&B Fan,TRUE,20,228,2,64,All Levels,8 hours,2014-05-13T21:12:45Z,Musical Instruments,4560,13-05-2014,21:12:45Z,2014,5,13
101500,Guitar Lessons - Blind Blake - King Of Ragtime Blues Guitar,TRUE,20,65,5,13,Expert Level,4 hours,2013-11-25T15:20:27Z,Musical Instruments,1300,25-11-2013,15:20:27Z,2013,11,25
829962,Darbuka Drumming: Learn how to play the Darbuka Dounbek,FALSE,0,1094,45,11,Beginner Level,1 hour,2016-04-23T21:23:20Z,Musical Instruments,0,23-04-2016,21:23:20Z,2016,4,23
519212,Awesome Lead Guitar 1,TRUE,25,60,6,38,Beginner Level,4.5 hours,2015-12-15T17:54:31Z,Musical Instruments,1500,15-12-2015,17:54:31Z,2015,12,15
297930,The art of piano improvisation,TRUE,20,83,4,9,All Levels,40 mins,2014-09-19T06:03:03Z,Musical Instruments,1660,19-09-2014,06:03:03Z,2014,9,19
663710,How To Build A Professional Djembe: Create Music Beauty &Biz,TRUE,40,122,2,29,All Levels,1.5 hours,2015-11-12T17:59:28Z,Musical Instruments,4880,12-11-2015,17:59:28Z,2015,11,12
471328,Advanced Euphonium Studies - Learn to Master the Euphonium!​,TRUE,50,106,7,89,All Levels,6 hours,2015-04-16T16:43:45Z,Musical Instruments,5300,16-04-2015,16:43:45Z,2015,4,16
892898,Didgeridoo - from zero to HERO! Part Two. Intermediate.,TRUE,35,55,2,30,Intermediate Level,2 hours,2016-07-02T14:48:10Z,Musical Instruments,1925,02-07-2016,14:48:10Z,2016,7,2
638100,Fingerstyle Guitar by Jacques Stotzem - Advanced Level,TRUE,30,77,4,14,All Levels,2 hours,2015-10-13T20:36:14Z,Musical Instruments,2310,13-10-2015,20:36:14Z,2015,10,13
823860,Trumpet Pro Series - You're going to love practicing Trumpet,TRUE,50,92,1,25,All Levels,6 hours,2016-04-22T23:43:37Z,Musical Instruments,4600,22-04-2016,23:43:37Z,2016,4,22
635570,A Guide to Analog Synths: For the modern EDM enthusiast.,TRUE,20,29,4,37,All Levels,3.5 hours,2016-04-20T23:05:39Z,Musical Instruments,580,20-04-2016,23:05:39Z,2016,4,20
96698,"Learn Classical Guitar Technique and play 'Spanish Romance"",https://www.udemy.com/guitar-techniques/,true,195,1316,46,43,All Levels,5 hours,2013-11-18T17:59:59Z
265888,Learn Guitar to Worship: Learn 4 Songs and unlock a 1",TRUE,0,30,1463,29,52,Beginner Level,3 hours,Musical Instruments,0,18-01-2017,,2017,1,18
99324,Acoustic Blues Guitar Lessons,FALSE,0,8217,109,10,Intermediate Level,1 hour,2013-09-30T20:45:20Z,Musical Instruments,0,30-09-2013,20:45:20Z,2013,9,30
535650,Accelerate Your Guitar Learning With Metal Techniques,TRUE,20,1305,25,68,All Levels,6.5 hours,2015-08-18T20:00:20Z,Musical Instruments,26100,18-08-2015,20:00:20Z,2015,8,18
769270,Beginner Step by Step Keharwa Theka Tabla Course,TRUE,20,916,26,16,Beginner Level,40 mins,2016-02-22T17:09:58Z,Musical Instruments,18320,22-02-2016,17:09:58Z,2016,2,22
51752,Just chords Piano: Learn to Play Piano Quickly - No Music,TRUE,85,2357,15,53,Beginner Level,5 hours,2013-05-02T11:38:58Z,Musical Instruments,200345,02-05-2013,11:38:58Z,2013,5,2
17922,Play Ukulele Now,TRUE,30,1951,88,78,All Levels,5 hours,2012-06-02T21:40:53Z,Musical Instruments,58530,02-06-2012,21:40:53Z,2012,6,2
112314,Acoustic Blues Guitar Lessons,TRUE,125,1284,136,40,Intermediate Level,12.5 hours,2013-11-28T08:54:00Z,Musical Instruments,160500,28-11-2013,08:54:00Z,2013,11,28
656364,Piano Runs & Fills #1: Play Dreamy Whole Tone Scale Runs,TRUE,70,769,10,33,All Levels,1 hour,2015-11-02T21:50:52Z,Musical Instruments,53830,02-11-2015,21:50:52Z,2015,11,2
105350,Play Piano Today - Easy Festive Favorites & Piano Party Hits,TRUE,75,3122,6,80,All Levels,4 hours,2013-10-27T15:18:29Z,Musical Instruments,234150,27-10-2013,15:18:29Z,2013,10,27
606494,The 80/20 Beginner Guitar Course,TRUE,50,1269,27,51,Beginner Level,3 hours,2016-04-28T18:21:33Z,Musical Instruments,63450,28-04-2016,18:21:33Z,2016,4,28
1217408,Drums for Beginners,FALSE,0,1618,4,15,Beginner Level,3 hours,2017-06-19T20:58:55Z,Musical Instruments,0,19-06-2017,20:58:55Z,2017,6,19
1037868,Digital Pianist Course-Learn Piano & Keyboard Fast & Easy,TRUE,150,89,7,35,Beginner Level,3 hours,2016-12-26T15:21:25Z,Musical Instruments,13350,26-12-2016,15:21:25Z,2016,12,26
1008098,Learn to play guitar and sing at the same time,TRUE,45,66,9,8,Beginner Level,1 hour,2016-11-25T22:42:01Z,Musical Instruments,2970,25-11-2016,22:42:01Z,2016,11,25
650836,Introduction to Ukulele 1,TRUE,20,630,25,27,Beginner Level,1 hour,2015-12-01T19:23:03Z,Musical Instruments,12600,01-12-2015,19:23:03Z,2015,12,1
504168,Learn Flute FAST!,TRUE,45,249,33,61,Beginner Level,4 hours,2015-06-02T19:50:16Z,Musical Instruments,11205,02-06-2015,19:50:16Z,2015,6,2
761584,Guitar Lessons - Soloing With Arpeggios - Essential Guide ,TRUE,45,198,11,34,Intermediate Level,5 hours,2016-02-13T20:32:55Z,Musical Instruments,8910,13-02-2016,20:32:55Z,2016,2,13
743884,Piano With Willie: Blues n' Boogie Vol. 3,TRUE,40,84,4,10,Intermediate Level,2.5 hours,2016-04-13T05:42:43Z,Musical Instruments,3360,13-04-2016,05:42:43Z,2016,4,13
583224,Instant Harmonica - play The Kesh (pt 1) it's easy and fun!,TRUE,40,58,5,11,All Levels,35 mins,2015-08-17T18:39:16Z,Musical Instruments,2320,17-08-2015,18:39:16Z,2015,8,17
725906,Piano Lessons For Beginners: Learn Piano Quickly And Easily,TRUE,75,186,35,56,Beginner Level,3 hours,2016-02-05T21:40:53Z,Musical Instruments,13950,05-02-2016,21:40:53Z,2016,2,5
1146368,The Easy Beginner Drum Course,TRUE,25,21,4,12,Beginner Level,30 mins,2017-03-21T18:31:45Z,Musical Instruments,525,21-03-2017,18:31:45Z,2017,3,21
589248,Instant Harmonica - play Somewhere Over the Rainbow now!,TRUE,40,431,2,11,Beginner Level,1 hour,2016-01-04T21:22:38Z,Musical Instruments,17240,04-01-2016,21:22:38Z,2016,1,4
584468,Instant Harmonica - play The Kesh (part 2) - easy and fun!,TRUE,20,53,5,9,Beginner Level,35 mins,2015-08-17T19:02:38Z,Musical Instruments,1060,17-08-2015,19:02:38Z,2015,8,17
807934,The 80/20 Guitar: Write Music and Play Guitar in 30 Days,FALSE,0,2610,28,24,All Levels,3.5 hours,2016-04-20T15:48:09Z,Musical Instruments,0,20-04-2016,15:48:09Z,2016,4,20
532572,Ukulele 2 : Level 1 KEY OF C AND STRUMS,TRUE,20,26,2,26,Beginner Level,1 hour,2016-02-01T05:42:39Z,Musical Instruments,520,01-02-2016,05:42:39Z,2016,2,1
53277,Guitar for Music Educators: Learning How to Teach Guitar,TRUE,20,32,3,22,Beginner Level,1.5 hours,2013-07-26T21:26:05Z,Musical Instruments,640,26-07-2013,21:26:05Z,2013,7,26
670376,Piano Tutorial : Ludovico Einaudi - Una Mattina,FALSE,0,1631,23,6,All Levels,44 mins,2015-11-23T18:07:41Z,Musical Instruments,0,23-11-2015,18:07:41Z,2015,11,23
1149202,Guitar Solo - Theory and Improvisation Lessons,TRUE,60,12,4,34,Intermediate Level,1.5 hours,2017-04-11T19:15:27Z,Musical Instruments,720,11-04-2017,19:15:27Z,2017,4,11
802040,Bluegrass Guitar Essentials: Webisodes 3 & 4,TRUE,30,12,2,13,Intermediate Level,2 hours,2016-03-24T15:26:48Z,Musical Instruments,360,24-03-2016,15:26:48Z,2016,3,24
789820,Instant Harmonica - play Christmas + Birthday songs now!,TRUE,40,236,0,18,All Levels,1.5 hours,2016-05-18T18:46:00Z,Musical Instruments,9440,18-05-2016,18:46:00Z,2016,5,18
806640,Blues Master - Advanced Techniques Piano Course,TRUE,75,7,2,14,All Levels,1 hour,2016-03-29T00:12:02Z,Musical Instruments,525,29-03-2016,00:12:02Z,2016,3,29
802038,Bluegrass Guitar Essentials: Webisodes 5 & 6,TRUE,30,11,2,16,Intermediate Level,3 hours,2016-04-13T18:47:40Z,Musical Instruments,330,13-04-2016,18:47:40Z,2016,4,13
818838,Trombone Lessons For Beginners,TRUE,95,11,2,34,Beginner Level,3 hours,2016-04-14T17:33:44Z,Musical Instruments,1045,14-04-2016,17:33:44Z,2016,4,14
269832,Rhythm to Rock Drum Lesson 6,TRUE,20,12,1,13,Beginner Level,1.5 hours,2014-08-21T01:51:51Z,Musical Instruments,240,21-08-2014,01:51:51Z,2014,8,21
759130,Flute Pro Series - You're about to love practicing the flute,TRUE,50,135,1,28,All Levels,6.5 hours,2016-04-01T16:31:20Z,Musical Instruments,6750,01-04-2016,16:31:20Z,2016,4,1
556076,How To Play Guitar - Everything You Need To Know To Start,TRUE,50,5,1,8,Beginner Level,1 hour,2015-07-21T18:25:38Z,Musical Instruments,250,21-07-2015,18:25:38Z,2015,7,21
824020,Trombone Pro Series - Fall in love with the Trombone,TRUE,50,57,6,57,All Levels,7 hours,2016-04-22T23:49:11Z,Musical Instruments,2850,22-04-2016,23:49:11Z,2016,4,22
1223570,Learn How To Play 25 Classic Hip Hop Songs Ch.2,TRUE,25,7,1,27,All Levels,3.5 hours,2017-05-23T23:51:34Z,Musical Instruments,175,23-05-2017,23:51:34Z,2017,5,23
139792,Learn to play tunes by ear on harmonica - no written music,TRUE,35,73,3,15,Intermediate Level,2 hours,2014-03-23T15:23:01Z,Musical Instruments,2555,23-03-2014,15:23:01Z,2014,3,23
482334,Fingerpicking for Guitar,TRUE,20,35,4,26,All Levels,3 hours,2016-09-14T16:38:02Z,Musical Instruments,700,14-09-2016,16:38:02Z,2016,9,14
602812,"Music Theory, Guitar and Ear Training",TRUE,60,30,3,39,Beginner Level,3 hours,2015-11-22T18:35:43Z,Musical Instruments,1800,22-11-2015,18:35:43Z,2015,11,22
1036400,"Piano Unbound. Piano learning method, a course for beginners",TRUE,195,32,1,39,All Levels,2.5 hours,2017-04-25T14:57:21Z,Musical Instruments,6240,25-04-2017,14:57:21Z,2017,4,25
866528,Advanced Trombone Studies - Learn to Master the Trombone!,TRUE,50,39,2,136,All Levels,8 hours,2016-07-05T23:21:53Z,Musical Instruments,1950,05-07-2016,23:21:53Z,2016,7,5
471352,"Euphonium Solos: Learn to Perform Three Fun, Unique Pieces!",TRUE,50,90,2,61,All Levels,2.5 hours,2015-04-16T16:55:20Z,Musical Instruments,4500,16-04-2015,16:55:20Z,2015,4,16
744080,Piano With Willie: Tritones & Phat Chords,TRUE,40,37,3,19,Intermediate Level,2 hours,2016-04-13T06:52:29Z,Musical Instruments,1480,13-04-2016,06:52:29Z,2016,4,13
620372,Piano for Kids: Developing Your Child's Creative Abilities,TRUE,65,42,2,37,Beginner Level,4 hours,2015-10-24T00:09:09Z,Musical Instruments,2730,24-10-2015,00:09:09Z,2015,10,24
214418,Piano Lessons For The Hip Hop Fan,TRUE,20,276,2,62,Intermediate Level,5.5 hours,2014-05-12T13:38:56Z,Musical Instruments,5520,12-05-2014,13:38:56Z,2014,5,12
619856,French Horn Solos: Learn how to Perform Three Fun Pieces!,TRUE,50,88,1,48,All Levels,3 hours,2015-09-24T00:34:24Z,Musical Instruments,4400,24-09-2015,00:34:24Z,2015,9,24
839028,Bluegrass Guitar Essentials: Webisodes 9 & 10,TRUE,30,10,0,12,Intermediate Level,2 hours,2016-08-06T15:31:24Z,Musical Instruments,300,06-08-2016,15:31:24Z,2016,8,6
771880,Clarinet Lessons For Beginners,TRUE,95,11,0,41,Beginner Level,3 hours,2016-02-26T20:26:41Z,Musical Instruments,1045,26-02-2016,20:26:41Z,2016,2,26
228268,Play music on Harmonica using 8 notes - learn easy tunes!,TRUE,35,29,0,14,Beginner Level,1 hour,2014-05-26T13:25:00Z,Musical Instruments,1015,26-05-2014,13:25:00Z,2014,5,26
944550,Learn Piano Online-A Quiet Solace Piano Solo,TRUE,50,7,0,10,Intermediate Level,1 hour,2016-08-29T21:48:56Z,Musical Instruments,350,29-08-2016,21:48:56Z,2016,8,29
839026,Bluegrass Guitar Essentials: Webisodes 7 & 8,TRUE,30,9,0,10,Intermediate Level,2 hours,2016-05-05T19:36:14Z,Musical Instruments,270,05-05-2016,19:36:14Z,2016,5,5
838320,The Art of the Blues Shuffle - A Guitarist's Guide,TRUE,20,8,0,11,Intermediate Level,1.5 hours,2016-06-26T16:57:13Z,Musical Instruments,160,26-06-2016,16:57:13Z,2016,6,26
838896,Learn Piano Online-Ambiance Piano Solo,TRUE,50,8,0,10,Intermediate Level,1 hour,2016-06-21T02:40:52Z,Musical Instruments,400,21-06-2016,02:40:52Z,2016,6,21
812602,Piano Lessons For Beginners,TRUE,95,8,0,50,Beginner Level,4 hours,2016-04-12T19:38:48Z,Musical Instruments,760,12-04-2016,19:38:48Z,2016,4,12
190906,The Theory & Practice of Modes on the Guitar,TRUE,35,17,0,7,Intermediate Level,1.5 hours,2014-04-04T15:14:37Z,Musical Instruments,595,04-04-2014,15:14:37Z,2014,4,4
1124590,Learn How To Play The Trumpet,TRUE,75,2,0,24,All Levels,1.5 hours,2017-06-19T21:42:44Z,Musical Instruments,150,19-06-2017,21:42:44Z,2017,6,19
917176,Violin for Beginners,TRUE,50,4,0,18,Beginner Level,44 mins,2017-03-07T23:22:53Z,Musical Instruments,200,07-03-2017,23:22:53Z,2017,3,7
647884,Beginner Acoustic Guitar Lessons,TRUE,25,8,0,12,Beginner Level,1 hour,2015-10-28T20:33:28Z,Musical Instruments,200,28-10-2015,20:33:28Z,2015,10,28
646918,Aprendiendo Piano: Tocando piezas populares Vol.I,TRUE,100,122,3,59,Beginner Level,3.5 hours,2015-11-14T00:42:39Z,Musical Instruments,12200,14-11-2015,00:42:39Z,2015,11,14
1216752,Curso de Bateria - Explorando Diferentes Divisões,TRUE,55,5,2,19,Intermediate Level,2 hours,2017-05-18T07:14:21Z,Musical Instruments,275,18-05-2017,07:14:21Z,2017,5,18
1193536,Escalas Pentatónicas para guitarristas,TRUE,25,11,3,23,All Levels,36 mins,2017-06-02T15:54:33Z,Musical Instruments,275,02-06-2017,15:54:33Z,2017,6,2
430962,Brass Master Class,TRUE,20,36,6,30,All Levels,2 hours,2015-06-09T18:19:36Z,Musical Instruments,720,09-06-2015,18:19:36Z,2015,6,9
631480,Enseñando música: mejora tus clases de instrumento ,TRUE,30,111,3,18,Beginner Level,1.5 hours,2015-10-07T18:01:05Z,Musical Instruments,3330,07-10-2015,18:01:05Z,2015,10,7
970462,Ukelele exprés: aprende a tocar en menos de un mes,FALSE,0,888,64,25,Beginner Level,1.5 hours,2016-10-17T19:14:29Z,Musical Instruments,0,17-10-2016,19:14:29Z,2016,10,17
852426,Curso de Guitarra para Principiantes,TRUE,20,53,5,39,Beginner Level,3 hours,2016-06-01T17:36:30Z,Musical Instruments,1060,01-06-2016,17:36:30Z,2016,6,1
430992,Mundharmonika spielen - mein schönstes Hobby,TRUE,20,65,7,77,Beginner Level,2.5 hours,2015-06-09T17:39:42Z,Musical Instruments,1300,09-06-2015,17:39:42Z,2015,6,9
733922,Aprende el acordeón de oído y con técnica –Nivel Intermedio–,TRUE,25,38,7,51,Intermediate Level,4.5 hours,2016-02-03T03:04:26Z,Musical Instruments,950,03-02-2016,03:04:26Z,2016,2,3
608436,Présentation du Banjo Ténor,TRUE,20,18,4,31,Beginner Level,1.5 hours,2015-09-13T23:49:34Z,Musical Instruments,360,13-09-2015,23:49:34Z,2015,9,13
217628,Aprende a tocar el acordeón de botones,TRUE,50,22,4,21,All Levels,3.5 hours,2014-05-19T15:58:53Z,Musical Instruments,1100,19-05-2014,15:58:53Z,2014,5,19
631444,Aprendiendo piano: Lectura de piezas clásicas Vol.I,TRUE,50,211,12,30,Beginner Level,1.5 hours,2015-10-08T18:06:24Z,Musical Instruments,10550,08-10-2015,18:06:24Z,2015,10,8
935900,Pedais de efeito para Contrabaixo,TRUE,50,10,3,10,All Levels,2.5 hours,2016-08-26T21:11:24Z,Musical Instruments,500,26-08-2016,21:11:24Z,2016,8,26
713492,Mantenimiento y octavación para guitarras eléctricas,TRUE,35,12,3,14,All Levels,1 hour,2016-04-27T03:55:07Z,Musical Instruments,420,27-04-2016,03:55:07Z,2016,4,27
218540,Aprende a tocar el violín desde cero,TRUE,50,17,1,22,All Levels,2.5 hours,2014-05-19T16:06:25Z,Musical Instruments,850,19-05-2014,16:06:25Z,2014,5,19
211780,Aprende a tocar el teclado como los expertos,TRUE,50,11,1,37,All Levels,2.5 hours,2014-05-09T19:48:53Z,Musical Instruments,550,09-05-2014,19:48:53Z,2014,5,9
217320,Aprende a tocar el saxofón como siempre has querido,TRUE,20,8,1,26,All Levels,3.5 hours,2014-05-16T17:23:28Z,Musical Instruments,160,16-05-2014,17:23:28Z,2014,5,16
387064,Guitarra para principiantes,TRUE,20,7,1,46,Beginner Level,2 hours,2015-01-22T19:34:43Z,Musical Instruments,140,22-01-2015,19:34:43Z,2015,1,22
219756,Aprende a tocar flauta transversal sin complicaciones,TRUE,50,6,2,23,All Levels,3 hours,2014-05-19T16:51:41Z,Musical Instruments,300,19-05-2014,16:51:41Z,2014,5,19
1243162,Aprende a tocar las escalas en el acordeón de botones.,TRUE,20,2,0,21,Beginner Level,1 hour,2017-06-17T23:48:41Z,Musical Instruments,40,17-06-2017,23:48:41Z,2017,6,17
1174974,Curso de Violão Prático,TRUE,70,5,0,10,Beginner Level,1.5 hours,2017-04-12T08:28:40Z,Musical Instruments,350,12-04-2017,08:28:40Z,2017,4,12
214828,"Aprende a tocar percusiones: congas, bongós, maracas y más",TRUE,50,14,2,71,All Levels,3.5 hours,2014-05-16T17:07:11Z,Musical Instruments,700,16-05-2014,17:07:11Z,2014,5,16
430994,Gitarre spielen - mein schönstes Hobby,TRUE,20,11,2,183,Beginner Level,2 hours,2015-06-09T17:18:29Z,Musical Instruments,220,09-06-2015,17:18:29Z,2015,6,9
207408,Aprende a tocar la guitarra acústica como un profesional,TRUE,50,11,0,27,All Levels,3 hours,2014-05-05T22:03:41Z,Musical Instruments,550,05-05-2014,22:03:41Z,2014,5,5
445118,Guitar Lesson - Five Steps to Learn Barre Chords,TRUE,35,57,9,9,All Levels,33 mins,2015-03-15T18:06:30Z,Musical Instruments,1995,15-03-2015,18:06:30Z,2015,3,15
146852,"Easy Piano Basics™ - Learn Piano, No Prior Experience Needed",TRUE,20,377,8,14,All Levels,1.5 hours,2014-01-30T16:29:05Z,Musical Instruments,7540,30-01-2014,16:29:05Z,2014,1,30
147754,Guitar Technique Mastery: The Ultimate Chop Building Workout,TRUE,20,273,4,6,All Levels,1.5 hours,2014-01-16T17:22:04Z,Musical Instruments,5460,16-01-2014,17:22:04Z,2014,1,16
131512,Inside Drum Technique,TRUE,50,406,10,25,All Levels,2 hours,2013-12-13T10:01:14Z,Musical Instruments,20300,13-12-2013,10:01:14Z,2013,12,13
140168,"Learn to Play Tarrega, Bach, and Sor on Classical Guitar",TRUE,195,556,11,27,Intermediate Level,4 hours,2014-01-27T23:26:57Z,Musical Instruments,108420,27-01-2014,23:26:57Z,2014,1,27
510098,Create Beautiful Music On The Piano Like a Pro In Minutes,TRUE,95,115,17,17,All Levels,1.5 hours,2015-08-10T23:51:56Z,Musical Instruments,10925,10-08-2015,23:51:56Z,2015,8,10
561774,Instant Harmonica - play the great Irish tune Molly Malone!,TRUE,20,420,2,13,Beginner Level,1 hour,2015-07-23T20:14:45Z,Musical Instruments,8400,23-07-2015,20:14:45Z,2015,7,23
1102396,Instant Harmonica - play 'Can't Help Falling in Love' now!,TRUE,40,32,3,11,All Levels,1 hour,2017-02-07T03:15:40Z,Musical Instruments,1280,07-02-2017,03:15:40Z,2017,2,7
1173716,Arpeggios for Guitar made Easy! Dominate the Fretboard,TRUE,65,26,5,23,All Levels,3 hours,2017-05-02T16:26:45Z,Musical Instruments,1690,02-05-2017,16:26:45Z,2017,5,2
761938,Guitar Lessons - The Modal System - Modes Essentials,TRUE,45,116,7,27,All Levels,2 hours,2016-02-14T22:15:09Z,Musical Instruments,5220,14-02-2016,22:15:09Z,2016,2,14
374566,Learn to Play Percussion: Beginner to Pro made the Easy Way!,TRUE,50,425,7,192,All Levels,6 hours,2015-01-16T00:54:01Z,Musical Instruments,21250,16-01-2015,00:54:01Z,2015,1,16
182940,Modern Piano Lessons For Beginners,TRUE,20,736,6,46,Beginner Level,5 hours,2014-04-01T22:01:27Z,Musical Instruments,14720,01-04-2014,22:01:27Z,2014,4,1
1003250,World Percussion: Complete Lessons for Everyone,TRUE,40,68,9,56,All Levels,4 hours,2016-11-14T15:36:35Z,Musical Instruments,2720,14-11-2016,15:36:35Z,2016,11,14
1190448,Learn Lion (Saroo) Soundtrack On The Piano By Ear,TRUE,20,104,0,9,All Levels,32 mins,2017-04-24T19:51:27Z,Musical Instruments,2080,24-04-2017,19:51:27Z,2017,4,24
647276,Acoustic Blues Guitar Lessons,TRUE,75,189,18,101,Intermediate Level,4.5 hours,2016-01-10T21:39:42Z,Musical Instruments,14175,10-01-2016,21:39:42Z,2016,1,10
26648,Play Guitar and Understand Music Quick & Easy in 28 Days!,TRUE,20,738,6,64,All Levels,9.5 hours,2012-10-13T23:40:19Z,Musical Instruments,14760,13-10-2012,23:40:19Z,2012,10,13
264396,Learn How to Play the Violin - Violin Basics,TRUE,20,365,10,12,Beginner Level,32 mins,2014-08-13T01:32:18Z,Musical Instruments,7300,13-08-2014,01:32:18Z,2014,8,13
153230,Swing Low - The 101 Authentic Nashville Piano Style Course,TRUE,20,146,5,15,All Levels,1 hour,2014-01-30T22:43:42Z,Musical Instruments,2920,30-01-2014,22:43:42Z,2014,1,30
601230,Guitar:Play 5 Easy Christmas Chord Progressions On Guitar,TRUE,50,383,4,9,Beginner Level,1 hour,2015-11-11T00:25:06Z,Musical Instruments,19150,11-11-2015,00:25:06Z,2015,11,11
326310,Get Piano Skills TODAY!!! ,TRUE,100,92,5,71,All Levels,3.5 hours,2014-11-05T18:40:00Z,Musical Instruments,9200,05-11-2014,18:40:00Z,2014,11,5
398522,Learn the Violin - Scales and Fundamentals,TRUE,80,291,14,39,Beginner Level,3 hours,2015-10-28T19:19:33Z,Musical Instruments,23280,28-10-2015,19:19:33Z,2015,10,28
773144,Piano With Willie Building Technique with Scales Vol. 2,TRUE,40,61,3,9,All Levels,1.5 hours,2016-04-13T06:29:50Z,Musical Instruments,2440,13-04-2016,06:29:50Z,2016,4,13
324226,Master Flute Playing: Intermediate Instruction Made Simple!,TRUE,50,288,15,100,Intermediate Level,6 hours,2014-10-29T19:42:29Z,Musical Instruments,14400,29-10-2014,19:42:29Z,2014,10,29
888668,How to Sing and Play the Guitar (at the same time),TRUE,20,78,8,24,Beginner Level,1.5 hours,2016-07-18T19:42:57Z,Musical Instruments,1560,18-07-2016,19:42:57Z,2016,7,18
301686,"Super Beginner Guitar - start right, start awesome",TRUE,30,594,3,33,Beginner Level,2 hours,2014-11-26T03:57:18Z,Musical Instruments,17820,26-11-2014,03:57:18Z,2014,11,26
151027,"Introduction to Guitar 'A Course for Beginners"",https://www.udemy.com/introduction-to-guitar/,true,25,163,11,56,Beginner Level,2.5 hours,2014-10-30T15:59:39Z
650804,Guitar  Master Class Learning How to Play Guitar from A to Z""",TRUE,40,489,5,35,All Levels,4 hours,2015-10-26T22:01:15Z,Musical Instruments,19560,26-10-2015,22:01:15Z,2015,10,26
269830,Rhythm to Rock Drum Lesson 5,TRUE,20,13,3,9,Beginner Level,1 hour,2014-08-18T22:26:24Z,Musical Instruments,260,18-08-2014,22:26:24Z,2014,8,18
315812,Gibson's Learn & Master Guitar,TRUE,50,103,33,309,All Levels,38 hours,2014-10-30T14:39:14Z,Musical Instruments,5150,30-10-2014,14:39:14Z,2014,10,30
373636,Master the Trombone: Intermediate Instruction Made Simple!,TRUE,50,231,7,110,All Levels,9 hours,2015-03-04T22:36:26Z,Musical Instruments,11550,04-03-2015,22:36:26Z,2015,3,4
1113170,Walking Bass Fundamentals,TRUE,50,44,3,34,All Levels,2 hours,2017-03-13T22:15:23Z,Musical Instruments,2200,13-03-2017,22:15:23Z,2017,3,13
336446,Circular Breathing for musicians - practical skills,TRUE,25,261,4,17,All Levels,1.5 hours,2014-11-06T10:11:14Z,Musical Instruments,6525,06-11-2014,10:11:14Z,2014,11,6
455676,Electric Bass for Busy Beginners Course 1,TRUE,50,114,15,13,All Levels,1.5 hours,2015-04-27T20:20:47Z,Musical Instruments,5700,27-04-2015,20:20:47Z,2015,4,27
200108,Guitar for Absolute Beginners (Class 1),TRUE,20,45,4,48,Beginner Level,1.5 hours,2014-05-01T15:32:23Z,Musical Instruments,900,01-05-2014,15:32:23Z,2014,5,1
198660,Tenor Banjo for Absolute Beginners,FALSE,0,3167,161,34,Beginner Level,37 mins,2014-07-19T10:32:00Z,Musical Instruments,0,19-07-2014,10:32:00Z,2014,7,19
763100,Guitar Lessons - 50 Essential Fast Legato Licks,TRUE,35,105,9,23,Intermediate Level,3 hours,2016-02-15T18:14:23Z,Musical Instruments,3675,15-02-2016,18:14:23Z,2016,2,15
922828,Aprenda a tocar Pandeiro - Curso Iniciante - Samba/Choro,TRUE,90,85,22,20,Beginner Level,2 hours,2016-08-21T18:50:26Z,Musical Instruments,7650,21-08-2016,18:50:26Z,2016,8,21
32033,Aprende batería con el nuevo método IDT,TRUE,20,335,32,25,All Levels,2 hours,2012-12-24T22:17:59Z,Musical Instruments,6700,24-12-2012,22:17:59Z,2012,12,24
286070,5 lecciones que todo guitarrista debe tomar,FALSE,0,4452,263,14,Beginner Level,1 hour,2014-08-23T05:08:14Z,Musical Instruments,0,23-08-2014,05:08:14Z,2014,8,23
55569,Los 7 Acordes para Tocarlo Todo en un fin de semana,TRUE,20,332,23,42,Beginner Level,2 hours,2013-07-06T10:46:25Z,Musical Instruments,6640,06-07-2013,10:46:25Z,2013,7,6
725566,Curso de Violão Popular,TRUE,25,287,42,27,Beginner Level,6 hours,2016-01-27T23:12:19Z,Musical Instruments,7175,27-01-2016,23:12:19Z,2016,1,27
829616,Aprendiendo Piano: Ejercicios de calentamiento,FALSE,0,1876,109,11,Beginner Level,33 mins,2016-04-27T17:58:22Z,Musical Instruments,0,27-04-2016,17:58:22Z,2016,4,27
888852,Aprendiendo piano: Lectura de piezas clásicas Vol.II,TRUE,40,113,4,18,Beginner Level,1.5 hours,2016-06-29T01:27:47Z,Musical Instruments,4520,29-06-2016,01:27:47Z,2016,6,29
286898,"Aprende a tocar el Acordeón 'de oído y con técnica"",https://www.udemy.com/aprende-a-tocar-el-acordeon-de-oido-y-con-tecnica/,true,25,93,21,34,Beginner Level,4 hours,2014-09-16T19:51:45Z
263432,Aprende los Secretos de la Armónica con HARP&SOUL""",TRUE,75,158,17,59,All Levels,2.5 hours,2014-07-28T13:55:43Z,Musical Instruments,11850,28-07-2014,13:55:43Z,2014,7,28
375830,Guitarra Desde Cero - PARTE 1,TRUE,35,480,12,123,Beginner Level,7 hours,2014-12-27T21:54:35Z,Musical Instruments,16800,27-12-2014,21:54:35Z,2014,12,27
207440,Super-Curso de Guitarra Práctico Para Principiantes,TRUE,85,228,26,215,Beginner Level,10.5 hours,2014-06-30T12:29:38Z,Musical Instruments,19380,30-06-2014,12:29:38Z,2014,6,30
1042382,Explosão Pentatônica,TRUE,55,42,5,19,All Levels,1.5 hours,2016-12-22T14:13:13Z,Musical Instruments,2310,22-12-2016,14:13:13Z,2016,12,22
1114722,Complete Beginners Introduction to Guitar,TRUE,40,10,4,35,Beginner Level,1.5 hours,2017-02-27T17:00:03Z,Musical Instruments,400,27-02-2017,17:00:03Z,2017,2,27
1102436,Learn 10 Scottish Tunes Piano Easy Level,TRUE,45,103,1,46,Beginner Level,3.5 hours,2017-02-20T17:32:01Z,Musical Instruments,4635,20-02-2017,17:32:01Z,2017,2,20
644820,Fingerpicking Fundamentals,TRUE,20,75,7,22,Beginner Level,1.5 hours,2015-11-01T20:45:47Z,Musical Instruments,1500,01-11-2015,20:45:47Z,2015,11,1
131562,Piano With A Pro,TRUE,25,66,6,38,All Levels,2.5 hours,2014-05-05T20:37:22Z,Musical Instruments,1650,05-05-2014,20:37:22Z,2014,5,5
628606,Piano Lessons for Beginners: Play the Piano AND Read Music!,TRUE,70,61,9,30,Beginner Level,4 hours,2016-02-12T18:14:24Z,Musical Instruments,4270,12-02-2016,18:14:24Z,2016,2,12
459888,Master the Tuba - Intermediate Instruction Made Simple!,TRUE,50,184,5,107,Intermediate Level,8.5 hours,2015-04-15T17:32:56Z,Musical Instruments,9200,15-04-2015,17:32:56Z,2015,4,15
1141614,The Fun and Effective Piano Course,TRUE,30,24,2,38,All Levels,3.5 hours,2017-04-24T16:09:35Z,Musical Instruments,720,24-04-2017,16:09:35Z,2017,4,24
605074,Advanced Flute Studies - Learn to Master the Flute!​,TRUE,50,205,4,95,All Levels,5 hours,2015-09-07T23:28:56Z,Musical Instruments,10250,07-09-2015,23:28:56Z,2015,9,7
749616,Alternate Picking Speed & Accuracy,TRUE,20,19,4,83,All Levels,3.5 hours,2016-05-12T19:17:21Z,Musical Instruments,380,12-05-2016,19:17:21Z,2016,5,12
470482,"Master the Euphonium with Simple, Intermediate Instruction!",TRUE,50,120,6,106,Intermediate Level,8 hours,2015-04-16T16:29:41Z,Musical Instruments,6000,16-04-2015,16:29:41Z,2015,4,16
344348,Master the Clarinet: Intermediate Instruction Made Simple!,TRUE,50,232,11,97,All Levels,7 hours,2015-01-01T01:24:20Z,Musical Instruments,11600,01-01-2015,01:24:20Z,2015,1,1
373556,Advanced Clarinet Studies - Learn to Master the Clarinet!,TRUE,50,148,3,77,All Levels,4.5 hours,2015-01-01T01:23:28Z,Musical Instruments,7400,01-01-2015,01:23:28Z,2015,1,1
214794,Aprende a tocar ritmo pop en el piano y teclado,TRUE,20,10,1,9,All Levels,43 mins,2014-05-16T17:03:56Z,Musical Instruments,200,16-05-2014,17:03:56Z,2014,5,16
782458,Aprendiendo Piano: Tocando piezas populares Vol.II,TRUE,100,72,2,24,Beginner Level,1.5 hours,2016-03-31T17:10:42Z,Musical Instruments,7200,31-03-2016,17:10:42Z,2016,3,31
823494,Comment jouer du Pianoforte,TRUE,100,172,2,41,All Levels,3 hours,2016-05-02T19:34:42Z,Musical Instruments,17200,02-05-2016,19:34:42Z,2016,5,2
212492,Aprende a tocar blues en el piano y teclado,TRUE,50,10,4,22,All Levels,2.5 hours,2014-05-09T19:52:20Z,Musical Instruments,500,09-05-2014,19:52:20Z,2014,5,9
961774,ABC DO VIOLÃO E GUITARRA,TRUE,85,25,2,30,Beginner Level,2.5 hours,2017-03-03T18:54:28Z,Musical Instruments,2125,03-03-2017,18:54:28Z,2017,3,3
1261210,Suonare la Chitarra,TRUE,200,1,1,22,All Levels,1 hour,2017-06-21T17:19:26Z,Musical Instruments,200,21-06-2017,17:19:26Z,2017,6,21
211052,Aprende todos los secretos de la guitarra flamenca,TRUE,50,13,2,23,All Levels,3.5 hours,2014-05-07T21:26:44Z,Musical Instruments,650,07-05-2014,21:26:44Z,2014,5,7
597868,こどもギターレッスン　リトルギタリストⅠ,TRUE,20,69,1,53,Beginner Level,3 hours,2015-11-07T23:09:05Z,Musical Instruments,1380,07-11-2015,23:09:05Z,2015,11,7
218658,Aprende cómo tocar el Bajo Sexto,TRUE,50,10,2,17,All Levels,3 hours,2014-05-19T16:46:59Z,Musical Instruments,500,19-05-2014,16:46:59Z,2014,5,19
1048182,Coach Guitar - Apprendre la GUITARE facile avec des COULEURS,TRUE,50,25,1,321,All Levels,3.5 hours,2016-12-27T14:51:32Z,Musical Instruments,1250,27-12-2016,14:51:32Z,2016,12,27
758216,Sistema Completo De Guitarra Rítmica Para Principiantes,TRUE,55,21,3,32,Beginner Level,6 hours,2016-02-27T23:31:36Z,Musical Instruments,1155,27-02-2016,23:31:36Z,2016,2,27
1144780,Curso de batería online de Patricio Iglesias (Santa Sabina),TRUE,35,5,1,17,Intermediate Level,4 hours,2017-03-28T18:15:08Z,Musical Instruments,175,28-03-2017,18:15:08Z,2017,3,28
628798,"Learn Piano with Beyer, 15 Minutes Challenge",TRUE,65,418,2,30,All Levels,3 hours,2016-07-21T23:18:55Z,Musical Instruments,27170,21-07-2016,23:18:55Z,2016,7,21
398224,"Classical Guitar Master Class: 'Alman  """,TRUE,195,113,2,34,Intermediate Level,2 hours,2015-04-21T23:43:30Z,Musical Instruments,22035,21-04-2015,23:43:30Z,2015,4,21
147174,Blues Accelerator - 21 Days to Blues Guitar Mastery,TRUE,50,78,6,45,Beginner Level,7 hours,2014-01-16T17:21:49Z,Musical Instruments,3900,16-01-2014,17:21:49Z,2014,1,16
799912,Alto Saxophone Lessons For Beginners,TRUE,95,51,7,42,Beginner Level,3 hours,2016-03-23T15:33:31Z,Musical Instruments,4845,23-03-2016,15:33:31Z,2016,3,23
655958,Instant Harmonica - Christmas; play Jingle Bells part 2 now!,TRUE,20,58,1,10,All Levels,44 mins,2015-12-17T18:29:20Z,Musical Instruments,1160,17-12-2015,18:29:20Z,2015,12,17
744034,Piano With Willie: Jazz & Gospel Exercises,TRUE,40,56,3,28,Intermediate Level,2 hours,2016-04-13T06:57:11Z,Musical Instruments,2240,13-04-2016,06:57:11Z,2016,4,13
139790,Bending the blue notes to give you killer sound on harmonica,TRUE,35,162,3,14,Intermediate Level,2 hours,2014-03-02T13:14:08Z,Musical Instruments,5670,02-03-2014,13:14:08Z,2014,3,2
288854,"Beginner's Guitar: Tuning, Strumming, and Chords!",FALSE,0,2577,30,6,Beginner Level,37 mins,2015-07-03T19:07:11Z,Musical Instruments,0,03-07-2015,19:07:11Z,2015,7,3
588264,Instant Harmonica - play The Lion Sleeps Tonight - today!,TRUE,20,62,1,11,Beginner Level,1 hour,2015-08-21T21:37:53Z,Musical Instruments,1240,21-08-2015,21:37:53Z,2015,8,21
773156,Piano With Willie Building Technique with Scales Vol. 3,TRUE,40,42,1,11,All Levels,1.5 hours,2016-04-13T06:38:21Z,Musical Instruments,1680,13-04-2016,06:38:21Z,2016,4,13
931152,Instant Bodhran - part two; learning further drumming skills,TRUE,40,28,1,10,Beginner Level,1 hour,2016-08-18T22:04:40Z,Musical Instruments,1120,18-08-2016,22:04:40Z,2016,8,18
21080,Guitar Essentials,TRUE,20,261,1,18,Beginner Level,1.5 hours,2014-05-07T18:05:57Z,Musical Instruments,5220,07-05-2014,18:05:57Z,2014,5,7
151120,Rhythm to Rock Drum Lessons,TRUE,20,44,2,7,Beginner Level,1 hour,2014-02-02T20:57:55Z,Musical Instruments,880,02-02-2014,20:57:55Z,2014,2,2
1236576,Learn to play and improve 12 bar blues harmonica solos,TRUE,40,4,1,27,Beginner Level,1 hour,2017-06-29T21:13:42Z,Musical Instruments,160,29-06-2017,21:13:42Z,2017,6,29
139784,Learn to improvise on your harmonica - in nice easy steps,TRUE,35,98,1,15,Beginner Level,2 hours,2014-03-16T18:28:46Z,Musical Instruments,3430,16-03-2014,18:28:46Z,2014,3,16
486412,Learning Electric Guitar for Absolute Beginners,TRUE,35,19,2,12,Beginner Level,1.5 hours,2015-05-04T21:47:44Z,Musical Instruments,665,04-05-2015,21:47:44Z,2015,5,4
459468,Advanced Bassoon Studies - Learn to Master the Bassoon!​,TRUE,50,197,0,106,All Levels,6.5 hours,2015-04-15T20:24:35Z,Musical Instruments,9850,15-04-2015,20:24:35Z,2015,4,15
663696,Blues Guitar Lessons: Play Like the Greats - All Levels,TRUE,20,58,4,47,All Levels,2.5 hours,2015-11-17T00:22:47Z,Musical Instruments,1160,17-11-2015,00:22:47Z,2015,11,17
933812,Instant Harmonica - play Whiskey in the Jar + Molly Malone!,TRUE,40,21,3,27,All Levels,2 hours,2016-09-20T15:32:31Z,Musical Instruments,840,20-09-2016,15:32:31Z,2016,9,20
149602,Learn To Play Trumpet Fast Using The Passive Trumpet Tutor,TRUE,50,92,3,71,All Levels,1.5 hours,2014-01-27T17:06:43Z,Musical Instruments,4600,27-01-2014,17:06:43Z,2014,1,27
277770,Electric Bass Right From The Start,TRUE,100,239,1,9,Beginner Level,40 mins,2016-03-14T16:42:12Z,Musical Instruments,23900,14-03-2016,16:42:12Z,2016,3,14
552606,Beginner Guitar Essentials,TRUE,95,5,2,45,Beginner Level,4.5 hours,2015-08-06T18:39:34Z,Musical Instruments,475,06-08-2015,18:39:34Z,2015,8,6
459926,Advanced Tuba Studies - Become a Master of the Tuba!​,TRUE,50,173,0,63,All Levels,5 hours,2015-04-15T17:47:17Z,Musical Instruments,8650,15-04-2015,17:47:17Z,2015,4,15
1040596,'Greensleeves' Creative Piano Lessons Course,TRUE,20,10,1,8,All Levels,2 hours,2017-01-03T14:34:32Z,Musical Instruments,200,03-01-2017,14:34:32Z,2017,1,3
266004,Rhythm to Rock Drum Lesson 4,TRUE,20,12,3,12,Beginner Level,1.5 hours,2014-08-18T22:06:31Z,Musical Instruments,240,18-08-2014,22:06:31Z,2014,8,18
720072,Hands On Guitar: Beyond Beginner,TRUE,20,54,7,69,Beginner Level,3 hours,2016-01-22T18:46:48Z,Musical Instruments,1080,22-01-2016,18:46:48Z,2016,1,22
1046768,Instant harmonica - play Auld Lang Syne the neet (tonight)!,TRUE,40,28,1,13,All Levels,1 hour,2016-12-22T17:49:15Z,Musical Instruments,1120,22-12-2016,17:49:15Z,2016,12,22
138336,Piano The Hard Way -  Fast Way To Life Long Piano Enjoyment,TRUE,25,238,3,22,Beginner Level,1 hour,2014-02-19T03:46:50Z,Musical Instruments,5950,19-02-2014,03:46:50Z,2014,2,19
333046,The Ultimate Method for Learning Modern Piano & Keyboards,TRUE,25,512,3,151,All Levels,2.5 hours,2014-11-03T19:25:35Z,Musical Instruments,12800,03-11-2014,19:25:35Z,2014,11,3
459207,Master the Bassoon - Intermediate Instruction Made Simple!,TRUE,50,177,3,102,All Levels,7.5 hours,2015-04-15T17:12:37Z,Musical Instruments,8850,15-04-2015,17:12:37Z,2015,4,15
814474,Oboe Pro Series - You're going to love practicing the Oboe,TRUE,50,61,5,36,All Levels,7 hours,2016-04-08T23:26:22Z,Musical Instruments,3050,08-04-2016,23:26:22Z,2016,4,8
1104496,Instant Harmonica - play this classic GAME OF THRONES theme!,TRUE,40,21,2,13,Beginner Level,1 hour,2017-05-30T13:17:58Z,Musical Instruments,840,30-05-2017,13:17:58Z,2017,5,30
188064,"Trumpet Solos: Learn how to Perform Three Fun, Unique Pieces",TRUE,50,115,6,53,Intermediate Level,2.5 hours,2014-03-25T17:19:56Z,Musical Instruments,5750,25-03-2014,17:19:56Z,2014,3,25
578750,Learn 4 Vital things that will make your DRUM PLAYING EASIER,TRUE,35,510,1,8,All Levels,37 mins,2015-08-13T20:35:46Z,Musical Instruments,17850,13-08-2015,20:35:46Z,2015,8,13
184088,Sax Solos: Learn how to Perform Three Fun and Unique Pieces!,TRUE,50,147,4,39,Intermediate Level,1 hour,2014-03-17T22:56:41Z,Musical Instruments,7350,17-03-2014,22:56:41Z,2014,3,17
1198302,Traditional-Style Electric Blues Guitar For Beginners,TRUE,25,9,2,36,Beginner Level,3 hours,2017-06-22T21:08:35Z,Musical Instruments,225,22-06-2017,21:08:35Z,2017,6,22
208126,Aprende a tocar los mejores solos en la guitarra eléctrica,TRUE,30,5,1,16,All Levels,2 hours,2014-05-07T21:18:09Z,Musical Instruments,150,07-05-2014,21:18:09Z,2014,5,7
34332,Aprende a tocar la guitarra,TRUE,50,7,1,25,All Levels,1.5 hours,2013-02-22T18:19:38Z,Musical Instruments,350,22-02-2013,18:19:38Z,2013,2,22
204014,Aprende a tocar el piano desde cero,TRUE,50,4,0,16,All Levels,4 hours,2014-04-30T16:15:20Z,Musical Instruments,200,30-04-2014,16:15:20Z,2014,4,30
219844,Aprende a tocar el clarinete.  ,TRUE,50,4,0,26,All Levels,3 hours,2014-05-19T17:00:39Z,Musical Instruments,200,19-05-2014,17:00:39Z,2014,5,19
212506,Ahora aprende a tocar jazz en el piano,TRUE,30,4,0,9,All Levels,1.5 hours,2014-05-09T19:55:55Z,Musical Instruments,120,09-05-2014,19:55:55Z,2014,5,9
687742,こどもギターレッスン　リトルギタリストⅡ,TRUE,20,2,0,47,Beginner Level,3.5 hours,2016-02-18T19:19:38Z,Musical Instruments,40,18-02-2016,19:19:38Z,2016,2,18
219878,Aprende a tocar el contrabajo sin complicaciones,TRUE,50,3,1,20,All Levels,3 hours,2014-05-19T17:02:52Z,Musical Instruments,150,19-05-2014,17:02:52Z,2014,5,19
207304,Aprende a tocar la guitarra eléctrica,TRUE,50,3,0,39,All Levels,5.5 hours,2014-04-30T16:21:42Z,Musical Instruments,150,30-04-2014,16:21:42Z,2014,4,30
195196,Aprende a improvisar en la guitarra eléctrica,TRUE,50,3,0,19,All Levels,3 hours,2014-05-05T21:59:45Z,Musical Instruments,150,05-05-2014,21:59:45Z,2014,5,5
834422,Curso de Teclado,TRUE,40,1,0,26,Beginner Level,1.5 hours,2016-05-16T18:46:15Z,Musical Instruments,40,16-05-2016,18:46:15Z,2016,5,16
724436,Guitarra Acústica en Siete Días,TRUE,20,1,1,38,Beginner Level,2.5 hours,2016-01-29T20:38:03Z,Musical Instruments,20,29-01-2016,20:38:03Z,2016,1,29
448250,improvisación de Guitarra,TRUE,20,1,0,10,All Levels,1 hour,2015-03-24T18:59:20Z,Musical Instruments,20,24-03-2015,18:59:20Z,2015,3,24
796188,Step by Step Classical Guitar Course,TRUE,100,9,1,45,Beginner Level,4.5 hours,2016-12-08T16:10:06Z,Musical Instruments,900,08-12-2016,16:10:06Z,2016,12,8
773174,Piano With Willie Building Technique with Scales Vol. 4,TRUE,40,44,0,11,All Levels,1.5 hours,2016-04-12T23:21:42Z,Musical Instruments,1760,12-04-2016,23:21:42Z,2016,4,12
450246,Back In Black the AC/DC Classic Rock Track,TRUE,20,13,1,72,Intermediate Level,2 hours,2015-04-10T21:07:56Z,Musical Instruments,260,10-04-2015,21:07:56Z,2015,4,10
201472,Keyboard Basics,TRUE,25,17,1,7,All Levels,2 hours,2014-04-22T00:50:00Z,Musical Instruments,425,22-04-2014,00:50:00Z,2014,4,22
452514,Beginner Guitar Lessons,TRUE,20,118,0,5,Beginner Level,1 hour,2015-03-23T22:49:58Z,Musical Instruments,2360,23-03-2015,22:49:58Z,2015,3,23
765056,Guitar Fundamentals for Beginners,TRUE,25,5,1,11,Beginner Level,2 hours,2016-02-22T17:33:15Z,Musical Instruments,125,22-02-2016,17:33:15Z,2016,2,22
196234,Easy Piano - learn and play along,TRUE,20,11,1,48,Beginner Level,1 hour,2014-05-14T01:21:57Z,Musical Instruments,220,14-05-2014,01:21:57Z,2014,5,14
380596,Learn Piano: The Basics of Keyboards,TRUE,20,113,0,24,Beginner Level,1.5 hours,2015-01-03T04:18:17Z,Musical Instruments,2260,03-01-2015,04:18:17Z,2015,1,3
812370,Bassoon Pro Series - You're going to love practicing Bassoon,TRUE,50,36,0,42,All Levels,6.5 hours,2016-04-08T23:34:17Z,Musical Instruments,1800,08-04-2016,23:34:17Z,2016,4,8
832514,Acoustic Guitar Lessons For Beginners,TRUE,95,10,3,39,Beginner Level,3 hours,2016-04-27T17:25:32Z,Musical Instruments,950,27-04-2016,17:25:32Z,2016,4,27
1025536,Coach Guitar - Amazing New Way To Learn Guitar With Colors,TRUE,50,12,0,321,All Levels,3.5 hours,2016-12-27T14:50:10Z,Musical Instruments,600,27-12-2016,14:50:10Z,2016,12,27
82960,Mastering the Art of Guitar Chords,TRUE,20,78,0,18,Beginner Level,1.5 hours,2013-11-18T20:23:02Z,Musical Instruments,1560,18-11-2013,20:23:02Z,2013,11,18
1207112,30 Day Guitar Jump Start for Success,TRUE,105,31,4,92,Beginner Level,4 hours,2017-05-24T17:03:41Z,Musical Instruments,3255,24-05-2017,17:03:41Z,2017,5,24
457206,Learn to Play Bassoon: Beginner to Pro in Under Four Hours!,TRUE,50,205,11,77,Beginner Level,5 hours,2015-04-15T16:32:47Z,Musical Instruments,10250,15-04-2015,16:32:47Z,2015,4,15
589900,The 7 Day Guitar Method,TRUE,20,213,4,11,All Levels,2.5 hours,2015-10-26T19:19:34Z,Musical Instruments,4260,26-10-2015,19:19:34Z,2015,10,26
854694,Instant Harmonica - play Star Wars + the Lion Sleeps now!,TRUE,40,33,3,20,All Levels,1.5 hours,2016-08-13T12:50:31Z,Musical Instruments,1320,13-08-2016,12:50:31Z,2016,8,13
861566,Instant harmonica - play Adele's wonderful 'Hello' today!,TRUE,20,284,3,12,All Levels,1 hour,2016-05-30T18:19:12Z,Musical Instruments,5680,30-05-2016,18:19:12Z,2016,5,30
1244302,Guitar Strumming 101 - Have More Fun Playing Songs You Love,TRUE,50,8,2,16,Beginner Level,1 hour,2017-06-20T19:53:50Z,Musical Instruments,400,20-06-2017,19:53:50Z,2017,6,20
349142,Master Oboe Playing: Intermediate Instruction Made Simple!,TRUE,50,98,6,73,Intermediate Level,5.5 hours,2015-01-01T01:25:10Z,Musical Instruments,4900,01-01-2015,01:25:10Z,2015,1,1
56970,Drum Set for Beginners,TRUE,20,119,8,26,Beginner Level,3.5 hours,2013-10-02T02:34:36Z,Musical Instruments,2380,02-10-2013,02:34:36Z,2013,10,2
762482,Guitar Lessons - Economy Picking Essentials,TRUE,35,45,5,15,Intermediate Level,1.5 hours,2016-02-15T18:55:28Z,Musical Instruments,1575,15-02-2016,18:55:28Z,2016,2,15
100916,Blues Guitar Lessons - Blues Guitar - Robert Johnson,TRUE,20,297,7,7,Intermediate Level,2.5 hours,2013-10-07T15:34:58Z,Musical Instruments,5940,07-10-2013,15:34:58Z,2013,10,7
869312,TAKE NOTE BEGINNER CLARINET!  –  Fun with Fundamental Skills,TRUE,30,137,2,43,Beginner Level,4.5 hours,2016-06-13T15:00:33Z,Musical Instruments,4110,13-06-2016,15:00:33Z,2016,6,13
721274,Learn to Play Irish Fiddle,TRUE,60,112,7,63,Beginner Level,5.5 hours,2016-01-18T17:07:29Z,Musical Instruments,6720,18-01-2016,17:07:29Z,2016,1,18
719920,Hands-On Guitar: The Beginner's Guide,TRUE,20,28,7,72,Beginner Level,4 hours,2016-01-22T18:49:15Z,Musical Instruments,560,22-01-2016,18:49:15Z,2016,1,22
846962,Slap Bass For Beginners,TRUE,50,79,3,25,All Levels,1.5 hours,2016-06-23T16:37:38Z,Musical Instruments,3950,23-06-2016,16:37:38Z,2016,6,23
206986,Piano Lessons for Beginners Made Easy,TRUE,25,333,5,40,Beginner Level,3 hours,2014-05-28T19:07:38Z,Musical Instruments,8325,28-05-2014,19:07:38Z,2014,5,28
813142,Horn Pro Series - You're going to love playing French Horn,TRUE,50,48,3,61,All Levels,8 hours,2016-04-08T23:08:08Z,Musical Instruments,2400,08-04-2016,23:08:08Z,2016,4,8
701662,Instant Harmonica - play the Irish tune Whiskey in the Jar!,TRUE,20,41,1,13,All Levels,1 hour,2015-12-28T20:45:10Z,Musical Instruments,820,28-12-2015,20:45:10Z,2015,12,28
90132,Didgeridoo - from zero to HERO! Part Three. Advanced level.,TRUE,35,209,5,19,Expert Level,1.5 hours,2014-10-10T08:05:42Z,Musical Instruments,7315,10-10-2014,08:05:42Z,2014,10,10
815182,Saxophone Pro Series - You're going to love practicing Sax,TRUE,50,119,4,32,All Levels,5.5 hours,2016-04-08T23:06:53Z,Musical Instruments,5950,08-04-2016,23:06:53Z,2016,4,8
476000,Easy Piano for Kids - Complete Beginner Piano Course,TRUE,115,139,8,104,Beginner Level,5.5 hours,2015-06-26T22:34:55Z,Musical Instruments,15985,26-06-2015,22:34:55Z,2015,6,26
762240,Guitar Lessons - Two Handed Tapping Essentials,TRUE,35,41,2,11,Intermediate Level,1.5 hours,2016-02-14T22:09:55Z,Musical Instruments,1435,14-02-2016,22:09:55Z,2016,2,14
810576,Clarinet Pro Series - Fall in love with the Clarinet,TRUE,50,95,3,30,All Levels,6 hours,2016-04-08T22:28:18Z,Musical Instruments,4750,08-04-2016,22:28:18Z,2016,4,8
188498,Advanced Trumpet Studies - Learn to Master the Trumpet!​,TRUE,50,184,4,82,Intermediate Level,4 hours,2014-03-26T04:01:28Z,Musical Instruments,9200,26-03-2014,04:01:28Z,2014,3,26
1144288,Poldark TV series Soundtracks for Piano-Quicklessons,TRUE,20,8,1,9,Beginner Level,1 hour,2017-03-16T22:39:09Z,Musical Instruments,160,16-03-2017,22:39:09Z,2017,3,16
180680,Master the Saxophone: Intermediate Instruction Made Simple!,TRUE,50,376,9,86,Intermediate Level,5.5 hours,2014-03-17T18:21:36Z,Musical Instruments,18800,17-03-2014,18:21:36Z,2014,3,17
1031698,You Can Play Jazz Saxophone,TRUE,20,37,7,6,Beginner Level,1.5 hours,2017-03-15T16:20:15Z,Musical Instruments,740,15-03-2017,16:20:15Z,2017,3,15
62252,"Improvise Puccini´s 'E Lucevan le Stelle on Piano""",TRUE,20,169,3,16,All Levels,2 hours,2013-10-21T13:48:20Z,Musical Instruments,3380,21-10-2013,13:48:20Z,2013,10,21
1113008,Building Up To Barre Chords,TRUE,20,20,6,12,All Levels,43 mins,2017-03-16T22:57:47Z,Musical Instruments,400,16-03-2017,22:57:47Z,2017,3,16
807494,Learn the Violin - Bowing Techniques,TRUE,80,89,6,12,Intermediate Level,40 mins,2016-06-26T23:42:59Z,Musical Instruments,7120,26-06-2016,23:42:59Z,2016,6,26
761122,Blues Guitar Lessons - Volume 3 - Minor Blues Essentials,TRUE,45,98,5,14,All Levels,2 hours,2016-02-13T02:57:32Z,Musical Instruments,4410,13-02-2016,02:57:32Z,2016,2,13
12214,Back 2 The Basics,TRUE,50,265,23,65,All Levels,3 hours,2013-07-19T18:11:57Z,Musical Instruments,13250,19-07-2013,18:11:57Z,2013,7,19
344180,Play the Jews Harp - instant skills for non musicians.,TRUE,25,196,16,35,Intermediate Level,2.5 hours,2015-01-22T16:06:05Z,Musical Instruments,4900,22-01-2015,16:06:05Z,2015,1,22
185266,Master Trumpet Playing: Intermediate Instruction Made Simple,TRUE,50,292,18,130,Intermediate Level,7 hours,2014-03-24T16:33:14Z,Musical Instruments,14600,24-03-2014,16:33:14Z,2014,3,24
1076244,Practical Guitar Theory: Level 1,TRUE,60,14,3,41,All Levels,1.5 hours,2017-05-01T21:04:16Z,Musical Instruments,840,01-05-2017,21:04:16Z,2017,5,1
1036338,Instant harmonica - enjoy playing Silent Night tonight!,TRUE,40,16,3,12,All Levels,38 mins,2016-12-14T21:53:51Z,Musical Instruments,640,14-12-2016,21:53:51Z,2016,12,14
266682,HARP&SOUL  |  Learn the Secrets of the Harmonica,TRUE,35,114,8,59,All Levels,2 hours,2014-10-01T10:06:34Z,Musical Instruments,3990,01-10-2014,10:06:34Z,2014,10,1
615226,"Play Leyenda, Canarios, and Bach on Classical Guitar",TRUE,195,185,8,70,Intermediate Level,7.5 hours,2015-11-05T23:30:42Z,Musical Instruments,36075,05-11-2015,23:30:42Z,2015,11,5
963094,Instant Harmonica - play the cool tune Dirty Old Town now!,TRUE,40,42,8,17,All Levels,1.5 hours,2016-10-12T16:54:54Z,Musical Instruments,1680,12-10-2016,16:54:54Z,2016,10,12
742096,Ultimate Beginner Guitar Guide - Both Acoustic & Electric ,TRUE,45,57,9,15,Beginner Level,2 hours,2016-02-16T17:19:38Z,Musical Instruments,2565,16-02-2016,17:19:38Z,2016,2,16
648492,Guitar Lessons : Rock Guitar in 1 Day!,TRUE,50,17,4,37,Beginner Level,1.5 hours,2015-12-06T22:37:13Z,Musical Instruments,850,06-12-2015,22:37:13Z,2015,12,6
222062,Tenor Banjo,TRUE,40,70,6,18,Intermediate Level,1 hour,2015-06-17T21:41:42Z,Musical Instruments,2800,17-06-2015,21:41:42Z,2015,6,17
103662,Introduction to Lead Guitar,TRUE,20,245,8,34,Intermediate Level,1.5 hours,2013-11-26T23:41:44Z,Musical Instruments,4900,26-11-2013,23:41:44Z,2013,11,26
742764,Piano With Willie: Basics of Improvisation,TRUE,40,76,4,23,Beginner Level,3.5 hours,2016-04-13T06:49:29Z,Musical Instruments,3040,13-04-2016,06:49:29Z,2016,4,13
856950,Euphonium Pro Series - Fall in love with the Euphonium,TRUE,50,44,2,40,All Levels,7.5 hours,2016-05-24T16:46:58Z,Musical Instruments,2200,24-05-2016,16:46:58Z,2016,5,24
902480,Pure Rock Guitar : Play Like the Gods of Rock!,TRUE,45,80,5,24,All Levels,4.5 hours,2016-07-29T21:24:14Z,Musical Instruments,3600,29-07-2016,21:24:14Z,2016,7,29
263846,Master the French Horn: Intermediate Instruction Made Simple,TRUE,50,68,8,126,Intermediate Level,7.5 hours,2014-10-29T19:43:02Z,Musical Instruments,3400,29-10-2014,19:43:02Z,2014,10,29
1160066,Classical Guitar Technique: 80/20,TRUE,175,54,0,18,All Levels,2.5 hours,2017-03-30T03:30:37Z,Musical Instruments,9450,30-03-2017,03:30:37Z,2017,3,30
625974,Total beginner to intermediate guitar - Learn to play by ear,TRUE,45,80,4,112,Beginner Level,3 hours,2015-10-16T17:11:30Z,Musical Instruments,3600,16-10-2015,17:11:30Z,2015,10,16
782460,Aprende escalas y arpegios  Vol. I: Modo mayor,TRUE,50,85,2,30,Beginner Level,1.5 hours,2016-03-31T17:45:31Z,Musical Instruments,4250,31-03-2016,17:45:31Z,2016,3,31
147104,Aprende a tocar Guitarra RAPIDO y FACIL con Guitarsimple,TRUE,40,57,7,16,Beginner Level,4 hours,2014-01-22T06:22:03Z,Musical Instruments,2280,22-01-2014,06:22:03Z,2014,1,22
1189926,Ukulele lernen für Papas mit Bruder Jakob,TRUE,55,12,1,38,Beginner Level,1 hour,2017-05-04T21:54:35Z,Musical Instruments,660,04-05-2017,21:54:35Z,2017,5,4
1143414,Tin Whistle Básico,TRUE,20,11,2,53,Beginner Level,1.5 hours,2017-05-17T20:40:25Z,Musical Instruments,220,17-05-2017,20:40:25Z,2017,5,17
1066002,Leve a sua técnica de pedal duplo para um novo patamar,TRUE,40,42,4,196,Intermediate Level,5.5 hours,2017-01-16T15:41:04Z,Musical Instruments,1680,16-01-2017,15:41:04Z,2017,1,16
767400,Sevillanas con Castañuelas - Baile y toque al mismo tiempo,TRUE,40,20,4,24,All Levels,1.5 hours,2016-02-23T18:24:02Z,Musical Instruments,800,23-02-2016,18:24:02Z,2016,2,23
492954,見てわかる！やさしく独習アコギ（入門編）TAKA先生のアコースティックギターレッスンⅠ,TRUE,20,41,3,48,Beginner Level,2 hours,2015-07-06T18:23:31Z,Musical Instruments,820,06-07-2015,18:23:31Z,2015,7,6
1129652,【すぐに覚える！】ASALATO-アサラト(打楽器)初心者向け入門講座,TRUE,20,5,1,7,Beginner Level,35 mins,2017-04-19T20:52:48Z,Musical Instruments,100,19-04-2017,20:52:48Z,2017,4,19
13216,Aprende a Tocar Teclado - Piano,TRUE,35,119,8,52,All Levels,3.5 hours,2012-01-26T05:36:39Z,Musical Instruments,4165,26-01-2012,05:36:39Z,2012,1,26
760452,Castañuelas por Sevillanas - Curso del toque de castañuelas,TRUE,40,22,2,17,All Levels,43 mins,2016-02-12T14:41:40Z,Musical Instruments,880,12-02-2016,14:41:40Z,2016,2,12
1152334,Aprende a tocar el acordeón de botones,TRUE,50,20,6,24,Beginner Level,2 hours,2017-05-17T16:50:41Z,Musical Instruments,1000,17-05-2017,16:50:41Z,2017,5,17
214770,Aprende a tocar Música Cristiana en el piano y teclado,TRUE,20,17,3,13,All Levels,1 hour,2014-05-16T17:02:00Z,Musical Instruments,340,16-05-2014,17:02:00Z,2014,5,16
1134842,Easy Guitar Songwriting And Harmony,TRUE,20,82,3,62,Beginner Level,3.5 hours,2017-03-14T16:24:13Z,Musical Instruments,1640,14-03-2017,16:24:13Z,2017,3,14
139772,How to play easy tunes on the harmonica - just the basics,TRUE,35,79,3,15,Beginner Level,1.5 hours,2014-02-25T19:47:53Z,Musical Instruments,2765,25-02-2014,19:47:53Z,2014,2,25
171598,Rhythm to Rock Drum Lessons 2,TRUE,20,21,2,11,Beginner Level,1 hour,2014-03-10T02:09:54Z,Musical Instruments,420,10-03-2014,02:09:54Z,2014,3,10
854692,Instant Harmonica - play Over the Rainbow + Skye Boat now!,TRUE,40,29,4,22,All Levels,1.5 hours,2016-07-18T21:54:18Z,Musical Instruments,1160,18-07-2016,21:54:18Z,2016,7,18
805706,Bagpipe Instruction For Beginners,TRUE,30,31,4,5,Beginner Level,1 hour,2016-04-24T16:32:40Z,Musical Instruments,930,24-04-2016,16:32:40Z,2016,4,24
618586,"Flute Solos: Learn how to Perform Three Fun, Unique Pieces",TRUE,50,156,4,62,All Levels,3 hours,2015-09-22T22:02:02Z,Musical Instruments,7800,22-09-2015,22:02:02Z,2015,9,22
205764,Rhythm to Rock Drum Lessons 3,TRUE,20,12,2,12,Beginner Level,1 hour,2014-07-18T02:11:57Z,Musical Instruments,240,18-07-2014,02:11:57Z,2014,7,18
762648,Guitar Lessons - Sweep Picking Arpeggio Essentials,TRUE,35,74,6,13,Intermediate Level,1.5 hours,2016-02-15T16:59:22Z,Musical Instruments,2590,15-02-2016,16:59:22Z,2016,2,15
245722,Painless Piano!,TRUE,40,353,1,30,Beginner Level,3.5 hours,2014-06-23T14:11:47Z,Musical Instruments,14120,23-06-2014,14:11:47Z,2014,6,23
53157,Beginning Flute Lessons,TRUE,20,137,12,17,Beginner Level,2.5 hours,2013-05-29T23:20:37Z,Musical Instruments,2740,29-05-2013,23:20:37Z,2013,5,29
932842,Piano Lesson Variety,TRUE,40,59,1,28,Intermediate Level,4 hours,2016-08-18T22:00:29Z,Musical Instruments,2360,18-08-2016,22:00:29Z,2016,8,18
883138,Pop and Jazz Keyboards and Harmony (beginner level),TRUE,180,47,7,13,Beginner Level,3 hours,2016-07-12T19:26:29Z,Musical Instruments,8460,12-07-2016,19:26:29Z,2016,7,12
139788,Starting to play the blues on your harmonica in easy steps ,TRUE,35,71,3,16,Intermediate Level,2 hours,2014-03-01T18:53:36Z,Musical Instruments,2485,01-03-2014,18:53:36Z,2014,3,1
951608,Learn the Viola - Scales and Fundamentals,TRUE,80,21,3,38,Beginner Level,2.5 hours,2016-11-16T17:34:03Z,Musical Instruments,1680,16-11-2016,17:34:03Z,2016,11,16
975626,"Learn to Play 'Let It Snow on Piano""",TRUE,40,36,4,8,Intermediate Level,1 hour,2016-10-04T17:36:42Z,Musical Instruments,1440,04-10-2016,17:36:42Z,2016,10,4
1104492,Instant Harmonica - play the Irish anthem Danny Boy today!,TRUE,40,8,1,15,All Levels,1 hour,2017-03-21T20:54:20Z,Musical Instruments,320,21-03-2017,20:54:20Z,2017,3,21
1196538,Piano Building Blocks: Learn Chord Additions & Variations,FALSE,0,375,0,9,Beginner Level,1 hour,2017-07-02T21:55:41Z,Musical Instruments,0,02-07-2017,21:55:41Z,2017,7,2
184324,Advanced Saxophone Studies - Learn to Master the Saxophone!,TRUE,50,215,5,80,Intermediate Level,4 hours,2014-03-18T02:25:11Z,Musical Instruments,10750,18-03-2014,02:25:11Z,2014,3,18
139794,Killer Harmonica sounds using the tongue and bending notes ,TRUE,35,80,2,16,Intermediate Level,2 hours,2014-03-17T15:18:34Z,Musical Instruments,2800,17-03-2014,15:18:34Z,2014,3,17
582390,Instant Harmonica - play When the Saints on harmonica now!,TRUE,20,31,1,10,Beginner Level,1 hour,2015-08-14T18:30:56Z,Musical Instruments,620,14-08-2015,18:30:56Z,2015,8,14
132950,Strumming the Guitar - 5 Lessons on Strum Patterns,TRUE,20,56,3,10,Beginner Level,38 mins,2013-12-13T01:34:44Z,Musical Instruments,1120,13-12-2013,01:34:44Z,2013,12,13
845518,Learn Piano Online-Keys to the Keyboard,TRUE,50,18,1,9,Beginner Level,2 hours,2016-05-12T17:52:37Z,Musical Instruments,900,12-05-2016,17:52:37Z,2016,5,12
835616,Ukulele Lessons For Beginners - Fast Track Your Learning,TRUE,20,57,8,28,Beginner Level,1 hour,2016-06-09T04:54:44Z,Musical Instruments,1140,09-06-2016,04:54:44Z,2016,6,9
101504,Blues Guitar Lessons - Ragtime Blues Guitar,TRUE,20,59,3,6,Expert Level,2 hours,2013-11-26T16:12:43Z,Musical Instruments,1180,26-11-2013,16:12:43Z,2013,11,26
594852,Getting Started with Power Chords,TRUE,20,6,0,27,Beginner Level,1 hour,2015-12-17T20:36:08Z,Musical Instruments,120,17-12-2015,20:36:08Z,2015,12,17
806642,Blues Master - Professional Techniques Piano Course,TRUE,75,4,0,16,All Levels,1 hour,2016-03-29T00:11:57Z,Musical Instruments,300,29-03-2016,00:11:57Z,2016,3,29
809492,Drumming 101: The Essential Elements,TRUE,50,4,0,17,Beginner Level,1.5 hours,2017-05-02T13:26:22Z,Musical Instruments,200,02-05-2017,13:26:22Z,2017,5,2
785210,Flute Lessons For Beginners,TRUE,95,3,0,41,Beginner Level,2.5 hours,2016-03-09T00:34:03Z,Musical Instruments,285,09-03-2016,00:34:03Z,2016,3,9
339382,Guitar for Christmas!,TRUE,20,7,0,17,Beginner Level,32 mins,2014-11-30T20:48:59Z,Musical Instruments,140,30-11-2014,20:48:59Z,2014,11,30
963664,Learn Piano Online-Nocturnal Piano Solo,TRUE,60,2,0,11,Intermediate Level,1.5 hours,2016-09-21T04:58:08Z,Musical Instruments,120,21-09-2016,04:58:08Z,2016,9,21
632234,Guitar Chords and Basic Strumming,TRUE,20,3,0,35,Beginner Level,2.5 hours,2015-12-17T18:14:23Z,Musical Instruments,60,17-12-2015,18:14:23Z,2015,12,17
594854,Getting Started on the Acoustic Guitar,TRUE,20,3,0,28,Beginner Level,1 hour,2015-10-20T20:02:26Z,Musical Instruments,60,20-10-2015,20:02:26Z,2015,10,20
974704,Learn Piano Online-In the Garden Piano Solo,TRUE,60,1,0,11,Intermediate Level,1 hour,2016-10-03T22:36:29Z,Musical Instruments,60,03-10-2016,22:36:29Z,2016,10,3
545036,Saxophone Essentials: Beginners Course,TRUE,40,3,0,16,Beginner Level,1.5 hours,2017-04-26T17:28:12Z,Musical Instruments,120,26-04-2017,17:28:12Z,2017,4,26
388712,Learn To Play The Guitar In A Day,TRUE,20,3,1,14,Beginner Level,1 hour,2015-01-09T03:55:17Z,Musical Instruments,60,09-01-2015,03:55:17Z,2015,1,9
383852,88 Logic - The Essential Guide To Learning Piano,TRUE,25,3,0,5,Beginner Level,32 mins,2015-01-13T15:45:05Z,Musical Instruments,75,13-01-2015,15:45:05Z,2015,1,13
459946,Tuba Solos: Learn how to Perform Three Fun and Unique Pieces,TRUE,50,164,0,20,Intermediate Level,2 hours,2015-04-15T18:00:06Z,Musical Instruments,8200,15-04-2015,18:00:06Z,2015,4,15
994050,Instant Harmonica - play Dylan's Like a Rolling Stone now!,TRUE,40,28,2,11,All Levels,1.5 hours,2016-10-27T19:48:23Z,Musical Instruments,1120,27-10-2016,19:48:23Z,2016,10,27
899702,Advanced Oboe Studies - Become a Master Oboist!​,TRUE,50,47,0,82,Expert Level,4 hours,2016-07-28T02:46:15Z,Musical Instruments,2350,28-07-2016,02:46:15Z,2016,7,28
1111562,Instant Harmonica - play 'I just called to say I love you',TRUE,40,15,0,11,All Levels,1 hour,2017-02-15T20:44:12Z,Musical Instruments,600,15-02-2017,20:44:12Z,2017,2,15
320238,Jazz piano improvisation: The girl form Ipanema. Bossa nova,TRUE,30,151,1,5,All Levels,33 mins,2014-10-16T12:34:42Z,Musical Instruments,4530,16-10-2014,12:34:42Z,2014,10,16
818786,Drum Lessons For Beginners,TRUE,95,14,1,34,Beginner Level,2.5 hours,2016-04-13T21:02:15Z,Musical Instruments,1330,13-04-2016,21:02:15Z,2016,4,13
741388,Piano With Willie: Jazz Kids - Vol 3,TRUE,40,16,1,29,Beginner Level,3 hours,2016-04-13T06:01:56Z,Musical Instruments,640,13-04-2016,06:01:56Z,2016,4,13
629704,Quick Piano Lessons - Tutorials for Drake's Greatest Hits,TRUE,35,19,1,4,All Levels,33 mins,2015-10-04T21:39:58Z,Musical Instruments,665,04-10-2015,21:39:58Z,2015,10,4
839032,"Bluegrass Guitar Essentials: Webisodes 13, 14, & 15",TRUE,30,14,1,13,Intermediate Level,1.5 hours,2016-12-15T03:58:40Z,Musical Instruments,420,15-12-2016,03:58:40Z,2016,12,15
23683,Guitar - Rock - Beginner with Marc Seal,TRUE,20,40,1,27,All Levels,1 hour,2012-08-31T22:06:29Z,Musical Instruments,800,31-08-2012,22:06:29Z,2012,8,31
912254,"Oboe Solos: Learn to Perform Three Fun, Unique Pieces!",TRUE,50,41,0,43,All Levels,2 hours,2016-07-28T03:10:09Z,Musical Instruments,2050,28-07-2016,03:10:09Z,2016,7,28
839030,Bluegrass Guitar Essentials: Webisodes 11 & 12,TRUE,30,9,1,24,All Levels,2 hours,2016-10-22T00:02:49Z,Musical Instruments,270,22-10-2016,00:02:49Z,2016,10,22
619610,Advanced Horn Studies - Learn to Master the French Horn!​,TRUE,50,46,0,91,All Levels,7 hours,2015-09-23T17:14:50Z,Musical Instruments,2300,23-09-2015,17:14:50Z,2015,9,23
106358,Learn To Play Guitar Complete Beginners Quick Start,TRUE,20,75,0,11,Beginner Level,1 hour,2013-10-16T16:25:07Z,Musical Instruments,1500,16-10-2013,16:25:07Z,2013,10,16
742300,Piano With Willie: Jazz Kids - Vol 4,TRUE,40,19,0,30,Intermediate Level,3.5 hours,2016-04-13T06:13:18Z,Musical Instruments,760,13-04-2016,06:13:18Z,2016,4,13
636846,Instant Harmonica - play the old Popeye Spinach song now !,TRUE,20,22,0,10,Beginner Level,36 mins,2015-10-19T00:15:00Z,Musical Instruments,440,19-10-2015,00:15:00Z,2015,10,19
741316,Piano With Willie: Jazz Kids - Vol 2,TRUE,40,17,0,38,Beginner Level,3 hours,2016-04-13T05:57:35Z,Musical Instruments,680,13-04-2016,05:57:35Z,2016,4,13
681390,Practice guitar with no previous experience and become a pro,TRUE,30,26,0,14,Beginner Level,1 hour,2017-01-13T17:26:06Z,Musical Instruments,780,13-01-2017,17:26:06Z,2017,1,13
1195742,The Music Coach Online Spirit Drum Course,TRUE,95,2,0,86,Beginner Level,5.5 hours,2017-05-04T16:44:06Z,Musical Instruments,190,04-05-2017,16:44:06Z,2017,5,4
794398,Make Electronic Music with the iPad,TRUE,20,13,0,69,Beginner Level,1.5 hours,2016-04-01T06:53:55Z,Musical Instruments,260,01-04-2016,06:53:55Z,2016,4,1
1232728,Learn Loreena McKennitt Songs-Quicklessons Piano Course,TRUE,20,1,0,6,All Levels,34 mins,2017-05-29T03:40:21Z,Musical Instruments,20,29-05-2017,03:40:21Z,2017,5,29
721202,Guitar 201: Breakthroughs,TRUE,20,14,1,49,Beginner Level,2.5 hours,2016-01-22T20:11:29Z,Musical Instruments,280,22-01-2016,20:11:29Z,2016,1,22
1058262,Major Scales and Modes for Chromatic Harmonica,TRUE,20,6,1,14,All Levels,1.5 hours,2017-04-10T16:57:05Z,Musical Instruments,120,10-04-2017,16:57:05Z,2017,4,10
132878,Play Guitar with Rhythm - 5 Easy Lessons,TRUE,20,31,0,10,Beginner Level,1 hour,2013-12-12T23:29:50Z,Musical Instruments,620,12-12-2013,23:29:50Z,2013,12,12
944804,Coaching Bundle: Guitar for Music Educators: Part 1,TRUE,135,1,1,5,All Levels,30 mins,2016-09-01T23:22:14Z,Musical Instruments,135,01-09-2016,23:22:14Z,2016,9,1
939636,Coaching Bundle: Guitar for Music Educators: Part 2,TRUE,135,1,1,6,All Levels,30 mins,2016-09-02T15:11:55Z,Musical Instruments,135,02-09-2016,15:11:55Z,2016,9,2
730702,Ukulele 3:  Intermediate,TRUE,25,1,0,11,Intermediate Level,39 mins,2017-05-24T23:03:44Z,Musical Instruments,25,24-05-2017,23:03:44Z,2017,5,24
993892,"Beginners Guitar Course - 'Try it and love it method""",TRUE,25,0,0,16,Beginner Level,2 hours,2016-10-31T18:10:06Z,Musical Instruments,0,31-10-2016,18:10:06Z,2016,10,31
1026760,Coaching Course: Rhythm Instruction for Music Educators P1,TRUE,130,0,0,6,All Levels,32 mins,2017-03-10T16:55:04Z,Musical Instruments,0,10-03-2017,16:55:04Z,2017,3,10
1223240,Learn Pirates of the Caribbean by Ear on the Piano,TRUE,20,0,0,6,All Levels,32 mins,2017-05-22T17:14:43Z,Musical Instruments,0,22-05-2017,17:14:43Z,2017,5,22
1026762,Coaching Course: Rhythm Instruction for Music Educators P2,TRUE,125,0,0,7,All Levels,38 mins,2017-03-10T17:06:46Z,Musical Instruments,0,10-03-2017,17:06:46Z,2017,3,10
1234656,4 Week Rhythm Mastery,TRUE,20,0,0,28,Beginner Level,2.5 hours,2017-07-05T16:07:44Z,Musical Instruments,0,05-07-2017,16:07:44Z,2017,7,5
1214670,Tune that Sour Note on Your Piano,TRUE,20,0,0,6,All Levels,33 mins,2017-06-20T21:46:40Z,Musical Instruments,0,20-06-2017,21:46:40Z,2017,6,20
1272282,Learn Vikings Soundtracks on the Piano by Ear,TRUE,20,0,0,8,All Levels,35 mins,2017-06-29T15:10:58Z,Musical Instruments,0,29-06-2017,15:10:58Z,2017,6,29
1224186,Learn to Play Piano Like a Pro - Easy Piano Course 1,TRUE,35,0,0,13,Beginner Level,31 mins,2017-05-30T00:19:02Z,Musical Instruments,0,30-05-2017,00:19:02Z,2017,5,30
1265814,ABRSM Grade III Piano Class - Handel Sonatina in G 2017-2018,TRUE,20,0,0,5,Beginner Level,31 mins,2017-07-06T16:12:34Z,Musical Instruments,0,06-07-2017,16:12:34Z,2017,7,6
1104500,Instant Harmonica - play 12 bar blues Big Walter style now!,TRUE,40,31,2,14,All Levels,1 hour,2017-05-19T12:26:28Z,Musical Instruments,1240,19-05-2017,12:26:28Z,2017,5,19
99946,Fingerpicking Blues Guitar Lessons - Bottleneck Guitar,TRUE,20,237,12,6,Intermediate Level,1.5 hours,2013-10-08T07:43:00Z,Musical Instruments,4740,08-10-2013,07:43:00Z,2013,10,8
632488,Spice up your playing with some easy Flamenco techniques! ,TRUE,40,120,11,47,Intermediate Level,44 mins,2015-11-06T16:49:43Z,Musical Instruments,4800,06-11-2015,16:49:43Z,2015,11,6
41890,Beginners Guide to Playing Guitar - Step-by-step System,TRUE,85,384,25,98,Beginner Level,10.5 hours,2013-06-10T14:49:09Z,Musical Instruments,32640,10-06-2013,14:49:09Z,2013,6,10
385684,Guitar Kick Start,FALSE,0,3160,47,22,Beginner Level,1 hour,2015-03-19T21:16:32Z,Musical Instruments,0,19-03-2015,21:16:32Z,2015,3,19
559438,Instant Harmonica – play Beethoven’s Ode to Joy right now!,TRUE,20,455,3,11,Beginner Level,1 hour,2015-07-22T21:55:34Z,Musical Instruments,9100,22-07-2015,21:55:34Z,2015,7,22
760698,Funk Rhythm Guitar Techniques,TRUE,35,82,6,7,All Levels,1.5 hours,2016-02-17T18:12:40Z,Musical Instruments,2870,17-02-2016,18:12:40Z,2016,2,17
427066,Flamenco Guitar,TRUE,25,136,20,34,Beginner Level,4 hours,2015-12-07T21:39:25Z,Musical Instruments,3400,07-12-2015,21:39:25Z,2015,12,7
444644,Learn to play the Bouzouki - Greek Bouzouki Lessons,TRUE,50,63,13,49,All Levels,1 hour,2015-03-19T18:39:23Z,Musical Instruments,3150,19-03-2015,18:39:23Z,2015,3,19
743846,Guitar Looper Basic Training,TRUE,45,64,13,15,All Levels,1.5 hours,2016-02-29T17:06:36Z,Musical Instruments,2880,29-02-2016,17:06:36Z,2016,2,29
741172,Piano With Willie: Jazz Kids - Vol 1,TRUE,40,28,3,32,Beginner Level,4.5 hours,2016-04-13T05:49:57Z,Musical Instruments,1120,13-04-2016,05:49:57Z,2016,4,13
618396,Instant Harmonica - play the Drunken Sailor sea shanty now! ,TRUE,20,27,3,9,Beginner Level,37 mins,2015-10-18T22:42:50Z,Musical Instruments,540,18-10-2015,22:42:50Z,2015,10,18
1216340,Learn to Play Sweet Child of Mine,TRUE,20,0,0,23,Intermediate Level,1.5 hours,2017-06-30T17:33:29Z,Musical Instruments,0,30-06-2017,17:33:29Z,2017,6,30
787686,Bluegrass Guitar Essentials: Webisodes 1 & 2,FALSE,0,970,14,9,Intermediate Level,1 hour,2016-03-20T19:36:03Z,Musical Instruments,0,20-03-2016,19:36:03Z,2016,3,20
566856,Learn Monster GODJ,FALSE,0,991,29,12,Beginner Level,1 hour,2015-07-29T17:49:53Z,Musical Instruments,0,29-07-2015,17:49:53Z,2015,7,29
592122,What you can learn before Piano Lessons,FALSE,0,61,1,31,Beginner Level,1.5 hours,2015-09-01T20:54:52Z,Musical Instruments,0,01-09-2015,20:54:52Z,2015,9,1
968026,Learn to Play Tabla - The Indian drums,FALSE,0,1,0,20,Beginner Level,1.5 hours,2017-07-04T21:04:11Z,Musical Instruments,0,04-07-2017,21:04:11Z,2017,7,4
778682,Gitarre spielen wie die Profis,TRUE,20,1981,28,38,Beginner Level,2 hours,2016-03-21T17:32:24Z,Musical Instruments,39620,21-03-2016,17:32:24Z,2016,3,21
988678,Curso de piano 101 - Tocando partituras y acordes -,TRUE,170,245,26,93,All Levels,4.5 hours,2016-10-28T16:32:47Z,Musical Instruments,41650,28-10-2016,16:32:47Z,2016,10,28
1193950,Sintetizadores e Síntese Subtrativa,TRUE,85,38,12,83,All Levels,5 hours,2017-05-02T18:05:23Z,Musical Instruments,3230,02-05-2017,18:05:23Z,2017,5,2
592606,Spielend Klavier lernen mit Freude und Erfolg,TRUE,100,255,30,53,Beginner Level,4 hours,2015-11-12T06:40:19Z,Musical Instruments,25500,12-11-2015,06:40:19Z,2015,11,12
1232356,Curso de ejercicios técnicos al piano Vol.2,TRUE,50,62,1,22,All Levels,1 hour,2017-05-29T15:58:53Z,Musical Instruments,3100,29-05-2017,15:58:53Z,2017,5,29
966522,Curso de ejercicios técnicos al piano Vol.1,TRUE,60,186,9,24,All Levels,1.5 hours,2016-09-30T17:24:49Z,Musical Instruments,11160,30-09-2016,17:24:49Z,2016,9,30
1223310,Aprende escalas y arpegios Vol.2 : Modo menor,TRUE,50,62,1,49,All Levels,2.5 hours,2017-05-29T15:49:40Z,Musical Instruments,3100,29-05-2017,15:49:40Z,2017,5,29
933814,Instant Harmonica - play Blowing in the Wind + Popeye theme!,TRUE,40,13,1,24,All Levels,1.5 hours,2016-09-23T16:18:59Z,Musical Instruments,520,23-09-2016,16:18:59Z,2016,9,23
618334,Instant Harmonica - play jazzy Autumn Leaves now (part one),TRUE,20,25,1,10,Beginner Level,39 mins,2015-10-19T18:40:45Z,Musical Instruments,500,19-10-2015,18:40:45Z,2015,10,19
812610,Trumpet Lessons For Beginners,TRUE,95,17,3,35,Beginner Level,2.5 hours,2016-04-06T20:04:46Z,Musical Instruments,1615,06-04-2016,20:04:46Z,2016,4,6
23861,Guitar - Rock - Beginner/Intermediate with Marc Seal,TRUE,20,36,4,40,Beginner Level,1.5 hours,2012-10-07T00:47:57Z,Musical Instruments,720,07-10-2012,00:47:57Z,2012,10,7
1191088,Learn to play in the Key of G on any Bluegrass Instrument,FALSE,0,349,3,36,All Levels,2.5 hours,2017-05-29T17:27:42Z,Musical Instruments,0,29-05-2017,17:27:42Z,2017,5,29
22825,Beginner Guitar Method,TRUE,200,85,2,23,Beginner Level,4 hours,2012-10-31T04:13:51Z,Musical Instruments,17000,31-10-2012,04:13:51Z,2012,10,31
568322,How to Play Dan Fogelberg Songs on Guitar,TRUE,25,24,1,49,Intermediate Level,4.5 hours,2016-03-29T16:57:54Z,Musical Instruments,600,29-03-2016,16:57:54Z,2016,3,29
1146288,Jews Harp - Advanced course,TRUE,30,26,1,52,Expert Level,3.5 hours,2017-03-30T18:45:06Z,Musical Instruments,780,30-03-2017,18:45:06Z,2017,3,30
618370,Instant Harmonica - play jazzy Autumn Leaves now (part two),TRUE,20,19,1,9,Beginner Level,32 mins,2015-10-19T20:13:21Z,Musical Instruments,380,19-10-2015,20:13:21Z,2015,10,19
200722,Jazz Guitar Reharmonization for Autumn Leaves,TRUE,20,30,1,15,All Levels,37 mins,2014-07-03T09:25:51Z,Musical Instruments,600,03-07-2014,09:25:51Z,2014,7,3
809968,Tenor Saxophone Lessons For Beginners,TRUE,95,45,5,43,Beginner Level,3 hours,2016-04-04T18:44:36Z,Musical Instruments,4275,04-04-2016,18:44:36Z,2016,4,4
664764,Mike G's Beginner Drum Course: Part 2,TRUE,40,305,0,23,All Levels,2.5 hours,2016-03-10T06:33:48Z,Musical Instruments,12200,10-03-2016,06:33:48Z,2016,3,10
854690,Instant Harmonica - play Summertime + Drunken Sailor now!,TRUE,40,26,2,20,All Levels,1.5 hours,2016-07-24T15:55:44Z,Musical Instruments,1040,24-07-2016,15:55:44Z,2016,7,24
201894,Add Slide To Your Guitar Playing,TRUE,20,75,2,27,All Levels,44 mins,2014-05-28T17:32:53Z,Musical Instruments,1500,28-05-2014,17:32:53Z,2014,5,28
743970,Piano With Willie: Piano Chords Vol. 2,TRUE,40,32,2,11,Intermediate Level,1.5 hours,2016-04-13T06:45:40Z,Musical Instruments,1280,13-04-2016,06:45:40Z,2016,4,13
210020,Drum Lessons For Beginners,TRUE,50,70,2,17,Beginner Level,1.5 hours,2014-05-17T18:24:30Z,Musical Instruments,3500,17-05-2014,18:24:30Z,2014,5,17
263672,Classical Guitar Finger-Picking: Right Hand Arpeggios,TRUE,195,200,11,19,All Levels,2 hours,2014-07-24T19:17:09Z,Musical Instruments,39000,24-07-2014,19:17:09Z,2014,7,24
411986,"Rapidly Learn & Master Acoustic Guitar, Classic Fingerstyle",TRUE,30,478,3,31,Beginner Level,42 mins,2015-02-06T10:46:51Z,Musical Instruments,14340,06-02-2015,10:46:51Z,2015,2,6
139778,Play tunes on harmonica and learn how to bend some notes,TRUE,35,73,2,16,Beginner Level,2 hours,2014-03-09T22:32:54Z,Musical Instruments,2555,09-03-2014,22:32:54Z,2014,3,9
933816,Instant Harmonica - play Yesterday + Scarborough Fair today!,TRUE,40,33,5,26,All Levels,2 hours,2016-08-26T19:51:47Z,Musical Instruments,1320,26-08-2016,19:51:47Z,2016,8,26
676432,Violin lessons for beginners,TRUE,20,59,6,15,Beginner Level,1 hour,2015-11-25T21:56:34Z,Musical Instruments,1180,25-11-2015,21:56:34Z,2015,11,25
42255,Old-Time Banjo for the Absolute Beginner,TRUE,25,192,21,17,Beginner Level,1.5 hours,2014-03-12T15:55:49Z,Musical Instruments,4800,12-03-2014,15:55:49Z,2014,3,12
112602,"Learn Guitar The Easy Way, It's Faster",TRUE,25,57,2,16,Beginner Level,4.5 hours,2013-11-14T17:47:35Z,Musical Instruments,1425,14-11-2013,17:47:35Z,2013,11,14
607360,Learn Oud 2,TRUE,20,81,11,27,Intermediate Level,3 hours,2015-09-10T19:39:22Z,Musical Instruments,1620,10-09-2015,19:39:22Z,2015,9,10
521440,The Essentials of Acoustic Guitar Strumming Patterns,FALSE,0,2995,51,19,Beginner Level,1 hour,2015-07-01T22:48:40Z,Musical Instruments,0,01-07-2015,22:48:40Z,2015,7,1
198692,Acoustic Guitar After The Basics,TRUE,45,181,17,25,Intermediate Level,2.5 hours,2014-11-20T09:38:59Z,Musical Instruments,8145,20-11-2014,09:38:59Z,2014,11,20
825186,Bossa Nova - Guitar for Beginners,TRUE,20,589,6,8,Beginner Level,1 hour,2016-04-19T15:46:43Z,Musical Instruments,11780,19-04-2016,15:46:43Z,2016,4,19
743932,Piano With Willie: Piano Chords Vol. 1,TRUE,40,48,4,14,Beginner Level,2 hours,2016-04-13T06:42:25Z,Musical Instruments,1920,13-04-2016,06:42:25Z,2016,4,13
586490,Instant Harmonica - play Summertime in 8 fun & easy lessons,TRUE,40,81,7,11,Beginner Level,1 hour,2015-08-19T19:29:18Z,Musical Instruments,3240,19-08-2015,19:29:18Z,2015,8,19
459804,Learn to Play the Tuba: Beginner to Pro in Under Five Hours!,TRUE,50,225,19,106,All Levels,6 hours,2015-04-15T18:02:45Z,Musical Instruments,11250,15-04-2015,18:02:45Z,2015,4,15
199500,Play Autumn Leaves' falling notes on piano with no reading!,TRUE,30,438,10,12,Intermediate Level,34 mins,2014-04-29T01:19:05Z,Musical Instruments,13140,29-04-2014,01:19:05Z,2014,4,29
644654,Learn Basics of South Indian Carnatic Flute - Level 2,TRUE,180,152,21,91,Beginner Level,4.5 hours,2016-03-03T21:20:36Z,Musical Instruments,27360,03-03-2016,21:20:36Z,2016,3,3
146450,A Year's Worth of Piano Lessons in One Weekend,TRUE,20,244,25,33,Beginner Level,6 hours,2014-04-30T19:16:10Z,Musical Instruments,4880,30-04-2014,19:16:10Z,2014,4,30
441996,Bones of the Blues - learn 4 cool tunes to expert level now!,TRUE,200,248,9,21,All Levels,2 hours,2015-03-09T21:31:38Z,Musical Instruments,49600,09-03-2015,21:31:38Z,2015,3,9
1065198,GUITAR #1: Beginner Basics and Beyond,TRUE,20,111,12,64,Beginner Level,3 hours,2017-03-01T05:07:08Z,Musical Instruments,2220,01-03-2017,05:07:08Z,2017,3,1
1103526,Pure Modal Magic: The Complete Guitar Modes Solution,TRUE,50,52,3,18,All Levels,2 hours,2017-02-14T03:09:24Z,Musical Instruments,2600,14-02-2017,03:09:24Z,2017,2,14
211714,Aprende diferentes ritmos con la guitarra rítmica,TRUE,20,10,1,12,All Levels,1 hour,2014-05-07T21:32:43Z,Musical Instruments,200,07-05-2014,21:32:43Z,2014,5,7
213984,Aprender a tocar la batería sin salir de casa,TRUE,50,10,0,23,All Levels,4 hours,2014-05-09T21:09:19Z,Musical Instruments,500,09-05-2014,21:09:19Z,2014,5,9
217540,Aprende a tocar el bajo eléctrico ,TRUE,50,9,0,33,All Levels,3.5 hours,2014-05-16T17:29:37Z,Musical Instruments,450,16-05-2014,17:29:37Z,2014,5,16
212438,Aprende todos los secretos de la salsa para piano,TRUE,50,7,0,17,All Levels,3 hours,2014-05-09T19:50:45Z,Musical Instruments,350,09-05-2014,19:50:45Z,2014,5,9
212520,Aprende a tocar ritmos latinos en el teclado,TRUE,50,7,0,31,All Levels,3.5 hours,2014-05-09T20:01:06Z,Musical Instruments,350,09-05-2014,20:01:06Z,2014,5,9
1150468,Ukulele lernen für Papas mit Aram sam sam,TRUE,55,1,0,37,Beginner Level,42 mins,2017-05-17T20:23:46Z,Musical Instruments,55,17-05-2017,20:23:46Z,2017,5,17
218596,Aprende a tocar la trompeta,TRUE,50,6,2,30,All Levels,3 hours,2014-05-19T16:44:04Z,Musical Instruments,300,19-05-2014,16:44:04Z,2014,5,19
513528,Curso de guitarra para principiantes.,TRUE,20,4,0,7,Beginner Level,1 hour,2015-06-11T15:55:19Z,Musical Instruments,80,11-06-2015,15:55:19Z,2015,6,11
211026,Aprende a tocar Jazz y Ritmos Latinos en la guitarra,TRUE,50,6,0,17,All Levels,3 hours,2014-05-07T22:15:04Z,Musical Instruments,300,07-05-2014,22:15:04Z,2014,5,7
847808,こどもギターレッスン　リトルギタリストⅢ（完結編）,TRUE,20,3,0,36,Beginner Level,1 hour,2016-10-03T16:42:12Z,Musical Instruments,60,03-10-2016,16:42:12Z,2016,10,3
218856,Aprende a tocar la flauta dulce de forma sencilla y gradual,TRUE,50,5,0,23,All Levels,3 hours,2014-05-19T16:49:04Z,Musical Instruments,250,19-05-2014,16:49:04Z,2014,5,19
214218,"Aprende a tocar jazz, salsa y blues en el piano",TRUE,20,5,0,23,All Levels,3 hours,2014-05-19T15:55:12Z,Musical Instruments,100,19-05-2014,15:55:12Z,2014,5,19
28295,Learn Web Designing & HTML5/CSS3 Essentials in 4-Hours,TRUE,75,43285,525,24,All Levels,4 hours,2013-01-03T00:55:31Z,Web Development,3246375,03-01-2013,00:55:31Z,2013,1,3
19603,Learning Dynamic Website Design - PHP MySQL and JavaScript,TRUE,50,47886,285,125,All Levels,12.5 hours,2012-06-18T16:52:34Z,Web Development,2394300,18-06-2012,16:52:34Z,2012,6,18
889438,ChatBots: Messenger ChatBot with API.AI and Node.JS,TRUE,50,2577,529,64,All Levels,4.5 hours,2016-06-30T16:57:08Z,Web Development,128850,30-06-2016,16:57:08Z,2016,6,30
197836,Projects in HTML5,TRUE,60,8777,206,75,Intermediate Level,15.5 hours,2014-06-17T05:43:50Z,Web Development,526620,17-06-2014,05:43:50Z,2014,6,17
505208,Programming Foundations: HTML5 + CSS3 for Entrepreneurs 2015,TRUE,20,23764,490,58,Beginner Level,5.5 hours,2015-10-17T04:52:25Z,Web Development,475280,17-10-2015,04:52:25Z,2015,10,17
1086834,How To Make A Wordpress Website 2017 | Divi Theme Tutorial,TRUE,40,3541,202,37,Beginner Level,4 hours,2017-01-26T22:15:02Z,Web Development,141640,26-01-2017,22:15:02Z,2017,1,26
1094964,Build Your Own Backend REST API using Django REST Framework,TRUE,50,2669,112,72,Intermediate Level,5.5 hours,2017-04-27T19:21:11Z,Web Development,133450,27-04-2017,19:21:11Z,2017,4,27
965870,Angular and Firebase - Build a Web App with Typescript,TRUE,150,1966,359,65,All Levels,5 hours,2016-09-27T21:46:03Z,Web Development,294900,27-09-2016,21:46:03Z,2016,9,27
965528,Web Development Masterclass - Complete Certificate Course,TRUE,200,4090,178,348,All Levels,19.5 hours,2016-10-12T03:14:13Z,Web Development,818000,12-10-2016,03:14:13Z,2016,10,12
1078208,Spring Boot Tutorial For Beginners,TRUE,40,2578,210,39,Beginner Level,5.5 hours,2017-01-23T15:13:53Z,Web Development,103120,23-01-2017,15:13:53Z,2017,1,23
642410,The Complete Bootstrap Masterclass Course - Build 4 Projects,TRUE,195,24978,540,67,All Levels,7 hours,2015-10-27T20:27:11Z,Web Development,4870710,27-10-2015,20:27:11Z,2015,10,27
785388,Scaling Docker on AWS,TRUE,25,3133,351,63,All Levels,6 hours,2016-03-28T17:51:04Z,Web Development,78325,28-03-2016,17:51:04Z,2016,3,28
1146014,Learn JavaScript for beginners,TRUE,200,15276,167,19,Beginner Level,1.5 hours,2017-03-16T20:57:12Z,Web Development,3055200,16-03-2017,20:57:12Z,2017,3,16
8325,HTML Tutorial: HTML & CSS for Beginners,TRUE,20,12458,253,82,All Levels,4 hours,2011-09-09T15:28:59Z,Web Development,249160,09-09-2011,15:28:59Z,2011,9,9
987064,Learn by Doing: Vue JS 2.0 the Right Way,TRUE,95,1087,220,32,Intermediate Level,3.5 hours,2016-11-07T17:53:40Z,Web Development,103265,07-11-2016,17:53:40Z,2016,11,7
94428,Learn Complete Web Development From Scratch,TRUE,40,14074,106,46,All Levels,12 hours,2013-10-23T09:23:00Z,Web Development,562960,23-10-2013,09:23:00Z,2013,10,23
159070,Introduction to Web Development: HTML,TRUE,20,26800,333,55,Beginner Level,3 hours,2014-02-13T20:39:33Z,Web Development,536000,13-02-2014,20:39:33Z,2014,2,13
920306,Web Site for Beginners - Learn Web Building like knitting,TRUE,20,9425,147,14,Beginner Level,1.5 hours,2016-08-10T00:40:59Z,Web Development,188500,10-08-2016,00:40:59Z,2016,8,10
1089744,How To Make A Wordpress Website 2017 - Divi Theme Tutorial,TRUE,40,2780,94,29,Beginner Level,3 hours,2017-01-26T17:16:27Z,Web Development,111200,26-01-2017,17:16:27Z,2017,1,26
16646,Web Programming with Python,TRUE,50,35267,217,53,All Levels,4 hours,2012-04-25T00:01:43Z,Web Development,1763350,25-04-2012,00:01:43Z,2012,4,25
678142,PHP Login and Registration System - Email Confirm Activation,TRUE,100,2607,317,49,All Levels,5 hours,2015-11-26T23:56:12Z,Web Development,260700,26-11-2015,23:56:12Z,2015,11,26
948440,PSD to Responsive HTML5: Beginner to Advanced,TRUE,40,1502,218,49,All Levels,6 hours,2016-10-03T21:11:56Z,Web Development,60080,03-10-2016,21:11:56Z,2016,10,3
924704,Ultimate Web Developer Course Build 10 Websites from Scratch,TRUE,200,9359,110,402,Beginner Level,32.5 hours,2016-10-10T15:09:14Z,Web Development,1871800,10-10-2016,15:09:14Z,2016,10,10
1027342,Rapid Website Design with Bootstrap,TRUE,200,14842,131,17,Beginner Level,1 hour,2016-12-02T00:45:36Z,Web Development,2968400,02-12-2016,00:45:36Z,2016,12,2
1009452,Build Enterprise Applications with Angular 2 (and Angular 4),TRUE,190,6082,848,135,Intermediate Level,9.5 hours,2016-11-22T14:55:35Z,Web Development,1155580,22-11-2016,14:55:35Z,2016,11,22
1247828,Angular 4 (2+) Crash Course for Beginners,TRUE,120,12366,506,120,Beginner Level,9 hours,2017-06-23T00:35:49Z,Web Development,1483920,23-06-2017,00:35:49Z,2017,6,23
886300,Accelerated JavaScript Training,TRUE,110,4720,1017,126,All Levels,7.5 hours,2016-07-12T18:23:35Z,Web Development,519200,12-07-2016,18:23:35Z,2016,7,12
1009254,"Beginner API development in Node, Express, ES6, & MongoDB",TRUE,165,7057,655,65,Beginner Level,18.5 hours,2016-11-12T18:53:51Z,Web Development,1164405,12-11-2016,18:53:51Z,2016,11,12
1078522,React JS and Redux - Mastering Web Apps,TRUE,60,16829,820,77,All Levels,5 hours,2017-01-19T04:58:10Z,Web Development,1009740,19-01-2017,04:58:10Z,2017,1,19
1002030,Web Development w/ Google’s Go (golang) Programming Language,TRUE,65,4872,662,171,Intermediate Level,19 hours,2017-01-17T22:30:33Z,Web Development,316680,17-01-2017,22:30:33Z,2017,1,17
818990,Git a Web Developer Job: Mastering the Modern Workflow,TRUE,200,5809,1445,61,Beginner Level,15 hours,2016-08-28T17:54:07Z,Web Development,1161800,28-08-2016,17:54:07Z,2016,8,28
520116,The Complete WordPress Website Business Course,TRUE,150,13439,1981,89,All Levels,20.5 hours,2016-11-01T23:50:51Z,Web Development,2015850,01-11-2016,23:50:51Z,2016,11,1
1252318,The Complete HTML and CSS Course For Beginners,TRUE,85,733,104,50,All Levels,3 hours,2017-06-20T16:05:46Z,Web Development,62305,20-06-2017,16:05:46Z,2017,6,20
427530,Learn  Bootstrap Development By Building 10 Projects,TRUE,60,14813,1358,74,All Levels,13.5 hours,2015-02-23T12:04:53Z,Web Development,888780,23-02-2015,12:04:53Z,2015,2,23
670034,Advanced Javascript,TRUE,200,6601,1304,26,Intermediate Level,3.5 hours,2015-11-21T06:56:33Z,Web Development,1320200,21-11-2015,06:56:33Z,2015,11,21
1052118,Dissecting Ruby on Rails 5 - Become a Professional Developer,TRUE,195,2804,418,212,All Levels,37.5 hours,2017-02-07T00:40:33Z,Web Development,546780,07-02-2017,00:40:33Z,2017,2,7
575880,The Complete Wordpress Course - Build Your Own Website Today,TRUE,195,9421,73,36,All Levels,3.5 hours,2015-08-25T00:03:06Z,Web Development,1837095,25-08-2015,00:03:06Z,2015,8,25
669270,JQuery Essentials core training for Dynamic Interactive web,TRUE,100,9668,38,52,All Levels,4 hours,2015-11-20T17:22:00Z,Web Development,966800,20-11-2015,17:22:00Z,2015,11,20
1103954,Node.js: The Essentials + API Frameworks Express KOA Sails,TRUE,20,2760,52,34,Beginner Level,1 hour,2017-02-16T21:59:01Z,Web Development,55200,16-02-2017,21:59:01Z,2017,2,16
1017568,The Complete PHP Bootcamp Course With Video Sharing Project,TRUE,195,9831,56,74,Beginner Level,14.5 hours,2017-03-21T23:50:38Z,Web Development,1917045,21-03-2017,23:50:38Z,2017,3,21
1111844,Build a Single Page Application with jQuery & AJAX,TRUE,60,486,59,27,Intermediate Level,2 hours,2017-02-18T01:13:09Z,Web Development,29160,18-02-2017,01:13:09Z,2017,2,18
736940,Practical CSS Website Development: Crash Course ,TRUE,95,11170,35,19,All Levels,2.5 hours,2016-02-02T21:05:27Z,Web Development,1061150,02-02-2016,21:05:27Z,2016,2,2
647442,Successful website creation - everything you need to know,TRUE,150,9384,21,16,All Levels,1.5 hours,2015-10-22T22:54:30Z,Web Development,1407600,22-10-2015,22:54:30Z,2015,10,22
1073793,Start Writing JavaScript Today - Beginner JavaScript Course,TRUE,100,9067,41,27,Beginner Level,3 hours,2017-03-08T22:34:43Z,Web Development,906700,08-03-2017,22:34:43Z,2017,3,8
176432,HTML5 Essentials for Beginners,TRUE,20,10247,200,15,Intermediate Level,1.5 hours,2014-03-14T21:46:36Z,Web Development,204940,14-03-2014,21:46:36Z,2014,3,14
158934,Code a personal splash page in 1 hour,TRUE,20,10610,83,10,Beginner Level,1 hour,2014-02-12T21:27:40Z,Web Development,212200,12-02-2014,21:27:40Z,2014,2,12
73080,Step-by-step HTML and CSS for Absolute Beginners,TRUE,120,6162,324,43,Beginner Level,4 hours,2013-08-26T19:10:57Z,Web Development,739440,26-08-2013,19:10:57Z,2013,8,26
1256136,Angular 4 Development Decoded,TRUE,20,1802,13,8,Intermediate Level,1 hour,2017-06-21T16:37:46Z,Web Development,36040,21-06-2017,16:37:46Z,2017,6,21
1124970,Javascript ES6! A Complete Reference Guide to Javascript ES6,TRUE,175,4783,41,48,Intermediate Level,7 hours,2017-04-20T16:22:34Z,Web Development,837025,20-04-2017,16:22:34Z,2017,4,20
771198,Reactive JS:  Are you ready for the next big paradigm shift?,TRUE,60,2097,401,28,Intermediate Level,5.5 hours,2016-02-23T16:50:16Z,Web Development,125820,23-02-2016,16:50:16Z,2016,2,23
391546,Learn Python and Django: Payment Processing,TRUE,70,17714,198,23,All Levels,3.5 hours,2015-02-09T15:37:56Z,Web Development,1239980,09-02-2015,15:37:56Z,2015,2,9
629088,Code your first Website using HTML & CSS: Project Learning,TRUE,20,9554,368,16,Beginner Level,1.5 hours,2015-10-28T18:16:52Z,Web Development,191080,28-10-2015,18:16:52Z,2015,10,28
1006894,"React.js: Building Production Ready Apps, Start to Finish",TRUE,50,1129,137,77,All Levels,17.5 hours,2016-11-10T23:48:22Z,Web Development,56450,10-11-2016,23:48:22Z,2016,11,10
579338,Learn Object Oriented Programming PHP fundamentals bootcamp,TRUE,100,22213,142,16,All Levels,1 hour,2015-08-11T18:52:58Z,Web Development,2221300,11-08-2015,18:52:58Z,2015,8,11
945320,Javascript Intermediate level 2 - Mastering Functions,TRUE,100,2412,116,28,All Levels,2.5 hours,2016-08-30T18:20:56Z,Web Development,241200,30-08-2016,18:20:56Z,2016,8,30
64605,1 Hour CSS,TRUE,100,18324,333,16,Beginner Level,1 hour,2013-07-09T20:27:14Z,Web Development,1832400,09-07-2013,20:27:14Z,2013,7,9
897146,"Become a Full Stack Developer with Spring, AWS and Stripe",TRUE,75,1696,193,60,Intermediate Level,10 hours,2016-07-08T15:47:58Z,Web Development,127200,08-07-2016,15:47:58Z,2016,7,8
989452,Complete JQuery And JQuery UI Course For Beginner,TRUE,80,7169,277,20,Intermediate Level,1 hour,2016-10-27T21:56:49Z,Web Development,573520,27-10-2016,21:56:49Z,2016,10,27
917724,Learn JavaScript for Web Development,TRUE,75,12893,220,95,Intermediate Level,8.5 hours,2016-10-12T16:41:11Z,Web Development,966975,12-10-2016,16:41:11Z,2016,10,12
970874,"Complete AJAX Using Bootstrap, PHP From Basic To Advanced.",TRUE,195,4708,111,18,All Levels,2.5 hours,2016-10-06T04:49:57Z,Web Development,918060,06-10-2016,04:49:57Z,2016,10,6
911474,Complete Wordpress Theme Development Course,TRUE,150,1050,223,64,All Levels,6.5 hours,2016-07-23T20:07:17Z,Web Development,157500,23-07-2016,20:07:17Z,2016,7,23
425910,How to Optimise Your WordPress Website's Speed & Security to Improve SEO & User Experience,TRUE,125,7852,46,31,All Levels,3.5 hours,2015-03-02T19:03:21Z,Web Development,981500,02-03-2015,19:03:21Z,2015,3,2
842058,Build A Web App With Spring Framework and Angular 2,TRUE,145,1683,340,48,All Levels,8 hours,2016-05-08T18:47:05Z,Web Development,244035,08-05-2016,18:47:05Z,2016,5,8
1250824,Projects in Laravel: Learn Laravel Building 10 Projects,TRUE,50,119,6,70,Intermediate Level,10.5 hours,2017-06-15T20:29:49Z,Web Development,5950,15-06-2017,20:29:49Z,2017,6,15
937134,Javascript Intermediate level 3 - JSON,TRUE,100,1735,76,25,All Levels,2.5 hours,2016-08-30T17:48:52Z,Web Development,173500,30-08-2016,17:48:52Z,2016,8,30
796010,Develop Your First App in an Hour,TRUE,20,3699,201,11,Beginner Level,1 hour,2016-05-17T17:22:35Z,Web Development,73980,17-05-2016,17:22:35Z,2016,5,17
752658,PHP: Ultimate guide to PHP for everyone,TRUE,115,10103,75,20,Beginner Level,1.5 hours,2016-05-29T17:49:28Z,Web Development,1161845,29-05-2016,17:49:28Z,2016,5,29
560990,JavaScript DOM Dynamic Web interactive content Boot Camp,TRUE,75,7380,43,59,All Levels,2.5 hours,2015-07-30T16:52:34Z,Web Development,553500,30-07-2015,16:52:34Z,2015,7,30
1260288,"Master JavaScript Programming, 3 Projects Included !!",TRUE,20,3903,53,107,All Levels,10.5 hours,2017-06-27T23:16:24Z,Web Development,78060,27-06-2017,23:16:24Z,2017,6,27
918870,HTML CSS Learn to create a website from scratch,TRUE,50,4892,49,32,Beginner Level,2 hours,2016-08-04T21:40:35Z,Web Development,244600,04-08-2016,21:40:35Z,2016,8,4
1027016,Complete Codeigniter: From Beginner to Advanced,TRUE,200,2786,31,20,All Levels,3 hours,2017-01-24T22:09:52Z,Web Development,557200,24-01-2017,22:09:52Z,2017,1,24
283014,HTML 5: How I made websites in HTML5,TRUE,135,15064,237,15,All Levels,1.5 hours,2014-10-23T19:43:16Z,Web Development,2033640,23-10-2014,19:43:16Z,2014,10,23
787236,"Build Responsive Website Using HTML5, CSS3, JS And Bootstrap",TRUE,95,22623,783,73,All Levels,8 hours,2016-06-20T18:48:26Z,Web Development,2149185,20-06-2016,18:48:26Z,2016,6,20
1134390,Complete React JS web developer with ES6 - Build 10 projects,TRUE,200,952,121,75,Beginner Level,12 hours,2017-03-22T20:09:26Z,Web Development,190400,22-03-2017,20:09:26Z,2017,3,22
883000,Complete WordPress Theme Developer Course With Bootstrap,TRUE,150,3415,312,160,All Levels,25 hours,2016-07-01T20:06:13Z,Web Development,512250,01-07-2016,20:06:13Z,2016,7,1
938560,The Complete Ethical Hacking Course 2.0: Python & Kali Linux,TRUE,195,7827,268,66,All Levels,11 hours,2016-09-26T15:08:29Z,Web Development,1526265,26-09-2016,15:08:29Z,2016,9,26
991290,Dynamic JavaScript Master Class AJAX JSON Simple APIs,TRUE,200,9773,117,65,Intermediate Level,4.5 hours,2016-10-24T15:36:40Z,Web Development,1954600,24-10-2016,15:36:40Z,2016,10,24
1165096,Vue JS - Mastering Web Apps,TRUE,80,13457,215,69,All Levels,4.5 hours,2017-04-06T16:57:56Z,Web Development,1076560,06-04-2017,16:57:56Z,2017,4,6
1045942,Angular NgRx Store Masterclass - Covers Angular 4,TRUE,150,1399,212,89,Intermediate Level,8.5 hours,2017-01-19T00:35:43Z,Web Development,209850,19-01-2017,00:35:43Z,2017,1,19
860812,JavaScript the Basics - JavaScript for Beginners,TRUE,120,4028,674,93,Beginner Level,9 hours,2016-06-09T15:13:54Z,Web Development,483360,09-06-2016,15:13:54Z,2016,6,9
1070976,"Complete E-Commerce Course - Java,Spring,Hibernate and MySQL",TRUE,195,1371,165,83,All Levels,20 hours,2017-01-16T23:50:02Z,Web Development,267345,16-01-2017,23:50:02Z,2017,1,16
939962,"Learn SVG Animation - With HTML, CSS & Javascript",TRUE,65,12953,680,22,All Levels,1.5 hours,2016-09-12T18:51:32Z,Web Development,841945,12-09-2016,18:51:32Z,2016,9,12
874960,"Build a Responsive Website with HTML5, CSS3 and Bootstrap 4",TRUE,20,5125,395,53,All Levels,7 hours,2016-08-09T17:53:33Z,Web Development,102500,09-08-2016,17:53:33Z,2016,8,9
28295,Learn Web Designing & HTML5/CSS3 Essentials in 4-Hours,TRUE,75,43285,525,24,All Levels,4 hours,2013-01-03T00:55:31Z,Web Development,3246375,03-01-2013,00:55:31Z,2013,1,3
24334,CSS Development (with CSS3!),TRUE,20,25864,188,32,All Levels,5 hours,2012-10-31T16:39:49Z,Web Development,517280,31-10-2012,16:39:49Z,2012,10,31
997814,Angular 2 & TypeScript Beginner Web Development,TRUE,200,5211,414,133,Beginner Level,19.5 hours,2016-11-14T00:44:48Z,Web Development,1042200,14-11-2016,00:44:48Z,2016,11,14
641868,The Docker for DevOps course: From development to production,TRUE,25,8234,1111,110,All Levels,7.5 hours,2015-11-13T17:30:34Z,Web Development,205850,13-11-2015,17:30:34Z,2015,11,13
1042110,"Beginner Full Stack Web Development: HTML, CSS, React & Node",TRUE,200,2687,331,138,Beginner Level,25.5 hours,2017-03-31T05:35:11Z,Web Development,537400,31-03-2017,05:35:11Z,2017,3,31
883002,Learn Angular 2 Development By Building 12 Apps,TRUE,50,5143,941,80,Intermediate Level,12 hours,2016-07-01T21:20:38Z,Web Development,257150,01-07-2016,21:20:38Z,2016,7,1
1128050,"Server API Development in Swift, Kitura, & Bluemix",TRUE,200,1827,129,66,Beginner Level,20.5 hours,2017-03-08T23:09:32Z,Web Development,365400,08-03-2017,23:09:32Z,2017,3,8
1218130,React VR - Creating Virtual Reality Apps,TRUE,80,5026,72,43,All Levels,3 hours,2017-05-17T20:36:49Z,Web Development,402080,17-05-2017,20:36:49Z,2017,5,17
1123098,RxJs & Reactive Programming Angular Masterclass - Angular 4,TRUE,150,1301,179,80,All Levels,7.5 hours,2017-04-11T18:48:57Z,Web Development,195150,11-04-2017,18:48:57Z,2017,4,11
47963,"Coding for Entrepreneurs: Learn Python, Django, and More.",TRUE,195,23412,799,251,All Levels,45 hours,2013-04-08T00:46:14Z,Web Development,4565340,08-04-2013,00:46:14Z,2013,4,8
671552,React and Flux Web Development for Beginners,TRUE,100,8691,836,63,Beginner Level,11 hours,2015-12-15T20:30:28Z,Web Development,869100,15-12-2015,20:30:28Z,2015,12,15
1002676,The Full Stack Web Development,TRUE,60,3119,453,207,Beginner Level,33 hours,2016-11-24T00:38:03Z,Web Development,187140,24-11-2016,00:38:03Z,2016,11,24
481002,Learn Nodejs by building 12 projects,TRUE,50,10150,997,90,All Levels,16 hours,2015-04-22T00:22:43Z,Web Development,507500,22-04-2015,00:22:43Z,2015,4,22
628222,How to Make an Online Portfolio Website from Scratch ,FALSE,0,14026,232,25,All Levels,1 hour,2015-10-02T22:59:15Z,Web Development,0,02-10-2015,22:59:15Z,2015,10,2
1122224,How To Make A Web Page With No Code,FALSE,0,2214,20,23,Beginner Level,2 hours,2017-03-23T00:06:48Z,Web Development,0,23-03-2017,00:06:48Z,2017,3,23
357726,Spring Framework 4 And Dependency Injection For Beginners,FALSE,0,21147,1220,16,Beginner Level,1.5 hours,2015-01-16T07:45:28Z,Web Development,0,16-01-2015,07:45:28Z,2015,1,16
162274,Joomla 3 - The Basics,FALSE,0,19909,411,17,Beginner Level,3 hours,2014-02-12T01:54:02Z,Web Development,0,12-02-2014,01:54:02Z,2014,2,12
555122,jQuery in Action: Build 8 jQuery Projects,TRUE,100,1385,89,97,All Levels,11 hours,2015-09-12T07:14:48Z,Web Development,138500,12-09-2015,07:14:48Z,2015,9,12
708674,Master WordPress Plugins: Shortcodes Ultimate - The Basics,FALSE,0,10780,110,19,All Levels,1 hour,2016-01-14T18:03:09Z,Web Development,0,14-01-2016,18:03:09Z,2016,1,14
1127048,ASP.NET C# - Enterprise Web Systems From Novice to Expert,TRUE,20,604,8,43,All Levels,3.5 hours,2017-04-11T05:56:16Z,Web Development,12080,11-04-2017,05:56:16Z,2017,4,11
651032,Wordpress - Create an Outstanding Website in 2 hours,TRUE,30,1772,13,48,Beginner Level,2.5 hours,2015-10-28T22:45:22Z,Web Development,53160,28-10-2015,22:45:22Z,2015,10,28
98066,Complete Website & CMS in PHP & MySQL From Scratch!,TRUE,20,3357,82,48,All Levels,12.5 hours,2014-04-18T09:51:00Z,Web Development,67140,18-04-2014,09:51:00Z,2014,4,18
910838,The Complete Web Development Tutorial Using React and Redux,TRUE,40,796,43,29,Intermediate Level,4 hours,2016-07-25T17:16:45Z,Web Development,31840,25-07-2016,17:16:45Z,2016,7,25
125162,Create and Deploy a Web App in 3 Hours,TRUE,50,4123,23,34,Beginner Level,3.5 hours,2013-12-04T22:49:28Z,Web Development,206150,04-12-2013,22:49:28Z,2013,12,4
50587,HTML & CSS From Scratch in 30 Days,TRUE,75,2697,64,82,Beginner Level,11.5 hours,2013-04-22T18:19:38Z,Web Development,202275,22-04-2013,18:19:38Z,2013,4,22
1004788,Getting Started with Craft CMS,TRUE,20,997,31,20,All Levels,2 hours,2016-11-07T22:03:01Z,Web Development,19940,07-11-2016,22:03:01Z,2016,11,7
959200,JavaScript For Absolute Beginners - Level One,TRUE,65,713,80,8,All Levels,1.5 hours,2016-09-19T21:06:29Z,Web Development,46345,19-09-2016,21:06:29Z,2016,9,19
810550,Effective Personal Website Building and Hosting,TRUE,20,4259,0,11,All Levels,1 hour,2016-04-11T22:36:52Z,Web Development,85180,11-04-2016,22:36:52Z,2016,4,11
473160,Web Design for Web Developers: Build Beautiful Websites!,FALSE,0,98867,6512,20,All Levels,3 hours,2015-04-13T18:29:47Z,Web Development,0,13-04-2015,18:29:47Z,2015,4,13
904076,"Learn Rails: Quickly Code, Style and Launch 4 Web Apps",TRUE,200,1849,21,83,All Levels,3 hours,2016-08-23T20:46:39Z,Web Development,369800,23-08-2016,20:46:39Z,2016,8,23
842728,Getting Started with NodeJS for Beginners,TRUE,195,1645,75,12,All Levels,1 hour,2016-05-23T21:14:50Z,Web Development,320775,23-05-2016,21:14:50Z,2016,5,23
314462,Quickstart AngularJS,FALSE,0,64128,4047,17,Beginner Level,1.5 hours,2014-11-22T12:42:22Z,Web Development,0,22-11-2014,12:42:22Z,2014,11,22
783748,Byte-Sized-Chunks: Cascading Style Sheets (CSS) with HTML,TRUE,20,2160,16,28,All Levels,4 hours,2016-03-10T17:20:41Z,Web Development,43200,10-03-2016,17:20:41Z,2016,3,10
161986,Learn Building Your Own Website Without Coding,TRUE,50,7660,7,19,All Levels,2 hours,2014-03-21T01:53:04Z,Web Development,383000,21-03-2014,01:53:04Z,2014,3,21
823236,Practical Guide to Web Development,TRUE,20,2025,16,38,Beginner Level,2 hours,2016-05-02T20:56:01Z,Web Development,40500,02-05-2016,20:56:01Z,2016,5,2
936504,The Complete HTML5 and CSS3 Course,TRUE,40,1548,30,126,All Levels,15 hours,2016-08-23T16:44:47Z,Web Development,61920,23-08-2016,16:44:47Z,2016,8,23
380092,HTML & CSS for beginners: Build 3 projects from scratch,TRUE,40,2472,139,31,Beginner Level,4 hours,2015-01-22T06:47:09Z,Web Development,98880,22-01-2015,06:47:09Z,2015,1,22
884946,Code a 'Coming Soon' Landing Page in Bootstrap 4,FALSE,0,13535,473,18,All Levels,1.5 hours,2016-08-17T05:08:23Z,Web Development,0,17-08-2016,05:08:23Z,2016,8,17
98140,Introduction to Bootstrap 3,TRUE,20,5795,79,29,Beginner Level,2.5 hours,2013-09-27T03:11:22Z,Web Development,115900,27-09-2013,03:11:22Z,2013,9,27
637974,Master ExpressJS to Build Web Apps with NodeJS&JavaScript,TRUE,50,2643,56,24,All Levels,3.5 hours,2016-01-07T02:04:55Z,Web Development,132150,07-01-2016,02:04:55Z,2016,1,7
219838,Learn XML Crash Course: Discover Essential XML Fundamentals ,TRUE,50,3704,111,18,Intermediate Level,2 hours,2014-06-16T14:00:47Z,Web Development,185200,16-06-2014,14:00:47Z,2014,6,16
749560,HTML5 CSS3 JQUERY Single Page Website Project from Scratch,TRUE,120,1678,34,32,All Levels,2.5 hours,2016-02-03T19:22:22Z,Web Development,201360,03-02-2016,19:22:22Z,2016,2,3
751100,Scrape Websites using PhantomJS and CasperJS,TRUE,195,960,110,32,Intermediate Level,2 hours,2016-02-26T18:21:13Z,Web Development,187200,26-02-2016,18:21:13Z,2016,2,26
446736,Amazon s3 Mastery - THE How-To' Guides For Amazon S3,TRUE,95,1811,118,36,All Levels,3.5 hours,2015-03-18T21:27:54Z,Web Development,172045,18-03-2015,21:27:54Z,2015,3,18
200854,HTML and CSS Crash Course for Beginners,TRUE,50,4123,46,31,Beginner Level,4.5 hours,2014-05-30T22:23:01Z,Web Development,206150,30-05-2014,22:23:01Z,2014,5,30
470288,EMMET Faster HTML & CSS workflow - Best Tool For Developers ,FALSE,0,26697,1097,20,All Levels,1 hour,2015-04-09T16:36:06Z,Web Development,0,09-04-2015,16:36:06Z,2015,4,9
178640,Introduction to Web Development,TRUE,50,5921,35,42,Beginner Level,4.5 hours,2014-03-11T19:43:30Z,Web Development,296050,11-03-2014,19:43:30Z,2014,3,11
412952,AngularJS For ASP.NET MVC Developers,TRUE,50,3011,57,10,Intermediate Level,1 hour,2015-02-23T15:11:20Z,Web Development,150550,23-02-2015,15:11:20Z,2015,2,23
1033944,Serverless Workflow Management with AWS Step Functions,FALSE,0,8768,173,8,Intermediate Level,1 hour,2016-12-09T03:39:22Z,Web Development,0,09-12-2016,03:39:22Z,2016,12,9
1198654,How to set up a Web Server From Scratch to One Fully Managed,TRUE,200,1673,31,24,All Levels,3 hours,2017-05-09T14:39:56Z,Web Development,334600,09-05-2017,14:39:56Z,2017,5,9
1171966,The Complete PHP MySQL Professional Course with 5 Projects,TRUE,200,16158,159,125,All Levels,19.5 hours,2017-06-07T05:58:36Z,Web Development,3231600,07-06-2017,05:58:36Z,2017,6,7
833398,Angular Masterclass,TRUE,150,4057,359,99,All Levels,6.5 hours,2016-05-09T22:29:32Z,Web Development,608550,09-05-2016,22:29:32Z,2016,5,9
140238,Become a Professional Web Developer | Version 3.0,TRUE,200,6851,276,454,All Levels,60 hours,2014-01-21T12:31:24Z,Web Development,1370200,21-01-2014,12:31:24Z,2014,1,21
875194,Build Incredible Chatbots,TRUE,100,2234,253,115,All Levels,11.5 hours,2016-11-02T20:39:41Z,Web Development,223400,02-11-2016,20:39:41Z,2016,11,2
991630,Try Django 1.10 | Create a URL Shortening Service,TRUE,50,9607,78,40,All Levels,5.5 hours,2016-10-24T18:14:43Z,Web Development,480350,24-10-2016,18:14:43Z,2016,10,24
303514,Projects in CSS,TRUE,60,4689,216,54,All Levels,10 hours,2014-09-23T06:13:59Z,Web Development,281340,23-09-2014,06:13:59Z,2014,9,23
134144,Ruby on Rails: Training and Skills to Build Web Applications,TRUE,95,9375,219,43,All Levels,7 hours,2014-01-10T18:41:55Z,Web Development,890625,10-01-2014,18:41:55Z,2014,1,10
1115222,Learn and Understand React,TRUE,30,4848,105,123,All Levels,16.5 hours,2017-03-23T16:20:05Z,Web Development,145440,23-03-2017,16:20:05Z,2017,3,23
94430,Learn Javascript & JQuery From Scratch,TRUE,30,84897,2685,10,All Levels,2 hours,2013-10-10T15:19:29Z,Web Development,2546910,10-10-2013,15:19:29Z,2013,10,10
788514,Learn to use JSON,TRUE,150,12838,96,22,Beginner Level,1.5 hours,2016-03-11T18:30:18Z,Web Development,1925700,11-03-2016,18:30:18Z,2016,3,11
629142,The Ultimate Web Developer How To Guide,TRUE,200,24861,423,281,All Levels,22.5 hours,2015-11-26T04:31:11Z,Web Development,4972200,26-11-2015,04:31:11Z,2015,11,26
992114,"Build A Complete CRUD Application With PHP, MYSQL & JQUERY",TRUE,20,9762,94,112,All Levels,13.5 hours,2016-11-01T15:30:36Z,Web Development,195240,01-11-2016,15:30:36Z,2016,11,1
379722,jQuery Crash Course: Learn the Essentials of jQuery Fast,TRUE,50,11262,142,18,All Levels,2 hours,2015-01-07T03:12:34Z,Web Development,563100,07-01-2015,03:12:34Z,2015,1,7
1189288,Drupal Tutorial : Drupal 8 Beginner to Expert in 8 PROJECTS,TRUE,200,1270,16,73,Beginner Level,7 hours,2017-05-01T23:07:05Z,Web Development,254000,01-05-2017,23:07:05Z,2017,5,1
652438,The Complete PHP CodeIgniter Course: Beginner To Advanced,TRUE,195,17895,212,30,All Levels,4 hours,2015-12-29T20:19:39Z,Web Development,3489525,29-12-2015,20:19:39Z,2015,12,29
1052304,JavaScript For Beginners : Learn JavaScript From Scratch,TRUE,195,11285,102,77,All Levels,5.5 hours,2017-02-07T17:20:39Z,Web Development,2200575,07-02-2017,17:20:39Z,2017,2,7
1223012,"Mastering 'Native CSS Shapes To Build Modern Web Pages""",TRUE,195,1040,5,30,All Levels,3.5 hours,2017-05-29T17:44:48Z,Web Development,202800,29-05-2017,17:44:48Z,2017,5,29
882488,WordPress Development For Beginners,TRUE,95,23572,210,20,All Levels,2 hours,2016-06-20T18:46:15Z,Web Development,2239340,20-06-2016,18:46:15Z,2016,6,20
1033686,WordPress local server setup and site migration online,TRUE,55,3801,43,12,All Levels,1 hour,2017-01-03T22:28:01Z,Web Development,209055,03-01-2017,22:28:01Z,2017,1,3
723522,PHP Fundamentals - Start Earning The Top Dollars You Deserve,TRUE,195,12068,81,12,All Levels,1.5 hours,2016-04-05T16:50:51Z,Web Development,2353260,05-04-2016,16:50:51Z,2016,4,5
1181900,Interactive Dynamic JavaScript for beginners DOM,TRUE,200,5559,35,21,Beginner Level,2 hours,2017-04-18T17:16:33Z,Web Development,1111800,18-04-2017,17:16:33Z,2017,4,18
945336,Javascript Intermediate level 1 - Mastering the DOM,TRUE,100,1838,169,31,All Levels,3 hours,2016-08-30T19:52:11Z,Web Development,183800,30-08-2016,19:52:11Z,2016,8,30
1079370,Sublime Text for Rapid Web Development,TRUE,20,2104,69,14,All Levels,1 hour,2017-01-19T23:07:26Z,Web Development,42080,19-01-2017,23:07:26Z,2017,1,19
23742,Servlets and JSPs Tutorial: Learn Web Applications With Java,TRUE,35,15187,970,64,All Levels,10 hours,2012-09-10T23:52:58Z,Web Development,531545,10-09-2012,23:52:58Z,2012,9,10
266252,Projects in PHP and MySQL,TRUE,60,10606,570,88,All Levels,23 hours,2014-07-25T11:11:41Z,Web Development,636360,25-07-2014,11:11:41Z,2014,7,25
473548,PHP OOP: Object Oriented Programming for beginners + Project,TRUE,200,6497,901,221,All Levels,18 hours,2015-06-03T22:40:09Z,Web Development,1299400,03-06-2015,22:40:09Z,2015,6,3
920544,React Redux React-Router: From Beginner to Paid Professional,TRUE,20,11536,876,60,All Levels,6.5 hours,2016-08-25T22:22:25Z,Web Development,230720,25-08-2016,22:22:25Z,2016,8,25
993754,Django Core | A Reference Guide to Core Django Concepts,TRUE,195,16282,303,159,Intermediate Level,18.5 hours,2016-10-29T19:28:45Z,Web Development,3174990,29-10-2016,19:28:45Z,2016,10,29
1155262,"Angular 2 Complete E-Commerce App Course - Java,Spring,MySQL",TRUE,195,949,129,89,All Levels,20.5 hours,2017-03-27T16:46:54Z,Web Development,185055,27-03-2017,16:46:54Z,2017,3,27
997964,"Build An Online Bank With Java, Angular 2, Spring and More",TRUE,195,1995,286,45,Beginner Level,6.5 hours,2016-11-01T15:42:30Z,Web Development,389025,01-11-2016,15:42:30Z,2016,11,1
812588,The Complete jQuery Course: From Beginner To Advanced!,TRUE,195,6636,302,50,All Levels,6 hours,2016-05-26T19:10:29Z,Web Development,1294020,26-05-2016,19:10:29Z,2016,5,26
531954,Projects in AngularJS - Learn by building 10 Projects,TRUE,40,7146,629,77,All Levels,14.5 hours,2015-06-25T19:00:56Z,Web Development,285840,25-06-2015,19:00:56Z,2015,6,25
1022582,The Ultimate Vue JS 2 Developers Course,TRUE,195,1703,292,178,All Levels,13 hours,2016-12-16T14:59:21Z,Web Development,332085,16-12-2016,14:59:21Z,2016,12,16
1049092,React JS - Build real world JS apps & deploy on cloud,TRUE,175,12815,262,53,All Levels,8.5 hours,2017-02-12T15:17:31Z,Web Development,2242625,12-02-2017,15:17:31Z,2017,2,12
1277924,Angular 4 Front To Back,TRUE,40,44,0,68,All Levels,8.5 hours,2017-07-06T15:04:55Z,Web Development,1760,06-07-2017,15:04:55Z,2017,7,6
964732,"Modern Web Development with SASS, Gulp, NPM & Web Workflows",TRUE,95,502,62,59,Beginner Level,5 hours,2016-12-31T03:11:31Z,Web Development,47690,31-12-2016,03:11:31Z,2016,12,31
947120,"HTML5, CSS3 And JavaScript Fundamentals 2016",TRUE,115,627,125,7,All Levels,1 hour,2016-09-01T16:48:58Z,Web Development,72105,01-09-2016,16:48:58Z,2016,9,1
712960,"Angular 4 - Concepts, Code and Collective Wisdom",TRUE,50,851,164,75,Intermediate Level,4.5 hours,2016-04-20T16:29:03Z,Web Development,42550,20-04-2016,16:29:03Z,2016,4,20
267560,Learn E-Commerce Website in PHP & MySQL From Scratch!,FALSE,0,29990,1342,87,All Levels,17.5 hours,2014-08-10T10:27:28Z,Web Development,0,10-08-2014,10:27:28Z,2014,8,10
763774,JavaScript Game Development: Create Your Own Breakout Game,FALSE,0,10179,314,21,All Levels,1.5 hours,2016-09-26T23:44:51Z,Web Development,0,26-09-2016,23:44:51Z,2016,9,26
929016,HTML and HTML5 For Beginners 2016,TRUE,200,563,178,32,All Levels,3 hours,2016-08-11T22:16:30Z,Web Development,112600,11-08-2016,22:16:30Z,2016,8,11
281690,A Very Complete Introduction To Laravel,TRUE,20,2320,114,43,All Levels,6 hours,2014-08-24T16:47:54Z,Web Development,46400,24-08-2014,16:47:54Z,2014,8,24
399228,"Learn to code, Become a Web Developer and Master JavaScript!",TRUE,200,2353,47,91,All Levels,10 hours,2015-01-22T14:36:59Z,Web Development,470600,22-01-2015,14:36:59Z,2015,1,22
1023062,Serverless Architecture on Amazon Web Services,FALSE,0,13210,978,8,Intermediate Level,33 mins,2016-11-30T00:11:26Z,Web Development,0,30-11-2016,00:11:26Z,2016,11,30
933260,jQuery Essentials: Learn the Fundamental of jQuery,TRUE,20,1004,43,40,All Levels,3.5 hours,2016-08-19T00:45:41Z,Web Development,20080,19-08-2016,00:45:41Z,2016,8,19
494078,Expert Guide : Mastering Functions in JavaScript !,TRUE,195,3015,30,19,All Levels,2.5 hours,2015-06-19T22:58:29Z,Web Development,587925,19-06-2015,22:58:29Z,2015,6,19
1158572,Learn Angular 4 from Scratch,FALSE,0,8693,522,11,Beginner Level,1.5 hours,2017-05-02T02:38:43Z,Web Development,0,02-05-2017,02:38:43Z,2017,5,2
629082,Discover HTML Essential guide to HTML how to create webpages,TRUE,85,8711,44,22,Beginner Level,1.5 hours,2015-10-17T05:52:05Z,Web Development,740435,17-10-2015,05:52:05Z,2015,10,17
1093734,HTML5 and CSS3 for beginners: Create a Website from Scratch,TRUE,200,9945,101,43,Beginner Level,2 hours,2017-02-17T22:15:48Z,Web Development,1989000,17-02-2017,22:15:48Z,2017,2,17
99986,Introduction to Web Development,TRUE,20,18143,159,15,Beginner Level,2 hours,2013-10-04T13:40:59Z,Web Development,362860,04-10-2013,13:40:59Z,2013,10,4
566248,jQuery Fundamentals Powerful Bootcamp for beginners,TRUE,150,13882,63,47,All Levels,3 hours,2015-08-04T18:54:44Z,Web Development,2082300,04-08-2015,18:54:44Z,2015,8,4
556248,The Complete HTML & CSS Course - From Novice To Professional,TRUE,195,57422,874,84,All Levels,7.5 hours,2015-07-27T16:57:52Z,Web Development,11197290,27-07-2015,16:57:52Z,2015,7,27
582392,JavaScript Basics Web Development Building Blocks,TRUE,95,10179,68,17,Beginner Level,1.5 hours,2015-08-14T00:27:33Z,Web Development,967005,14-08-2015,00:27:33Z,2015,8,14
582636,Bootstrap unleash the power faster & easier web development,TRUE,150,18101,88,68,All Levels,5.5 hours,2015-08-14T22:44:39Z,Web Development,2715150,14-08-2015,22:44:39Z,2015,8,14
661802,JavaScript Design Patterns: 20 Patterns for Expert Code,TRUE,95,2789,243,26,Expert Level,3.5 hours,2015-11-12T19:01:10Z,Web Development,264955,12-11-2015,19:01:10Z,2015,11,12
1139400,Fix Google's New 'Not Secure' Warning with Let's Encrypt!,TRUE,95,1437,24,20,Beginner Level,1 hour,2017-03-09T23:25:27Z,Web Development,136515,09-03-2017,23:25:27Z,2017,3,9
729552,JavaScript for Beginners Welcome to learning JavaScript,TRUE,50,10864,63,26,Beginner Level,2 hours,2016-02-01T19:34:26Z,Web Development,543200,01-02-2016,19:34:26Z,2016,2,1
499632,Benefits of Thinking Mobile First Future of Website Design,TRUE,75,14254,27,20,Beginner Level,1.5 hours,2015-05-13T22:13:53Z,Web Development,1069050,13-05-2015,22:13:53Z,2015,5,13
959586,Javascript from Beginner to Advanced Level,TRUE,195,6134,160,50,Beginner Level,6.5 hours,2016-12-19T14:40:00Z,Web Development,1196130,19-12-2016,14:40:00Z,2016,12,19
16151,AJAX Development,TRUE,20,7867,147,23,All Levels,3 hours,2012-05-15T18:03:43Z,Web Development,157340,15-05-2012,18:03:43Z,2012,5,15
856490,Interaction Design Specialist For Web Developers,TRUE,95,8594,37,18,All Levels,2 hours,2016-07-04T22:11:35Z,Web Development,816430,04-07-2016,22:11:35Z,2016,7,4
861528,PHP Security,TRUE,50,1892,147,24,All Levels,2.5 hours,2016-06-15T20:46:15Z,Web Development,94600,15-06-2016,20:46:15Z,2016,6,15
912996,The Bubble Course - Create Complete Web Apps without Coding,TRUE,30,3960,220,47,Beginner Level,4.5 hours,2016-07-24T18:04:32Z,Web Development,118800,24-07-2016,18:04:32Z,2016,7,24
559512,The Complete HTML5 & CSS3 Course Build Professional Websites,TRUE,195,10518,129,57,All Levels,4.5 hours,2015-08-11T21:47:20Z,Web Development,2051010,11-08-2015,21:47:20Z,2015,8,11
922600,CSS Web Development Crash Course,TRUE,20,10008,53,26,Beginner Level,2.5 hours,2016-12-01T17:33:48Z,Web Development,200160,01-12-2016,17:33:48Z,2016,12,1
976284,Mastering DevOps,TRUE,100,1023,118,38,Intermediate Level,6 hours,2016-10-21T13:46:19Z,Web Development,102300,21-10-2016,13:46:19Z,2016,10,21
976598,Building Websites Create a fully functional Web contact form,TRUE,200,3392,29,19,Beginner Level,1.5 hours,2016-10-06T20:52:47Z,Web Development,678400,06-10-2016,20:52:47Z,2016,10,6
718426,Create a Dynamic User Registration Form from scratch,TRUE,100,7213,50,38,Beginner Level,3 hours,2016-01-09T04:31:40Z,Web Development,721300,09-01-2016,04:31:40Z,2016,1,9
304490,A 13 Hour SQL Server 2014 /ASP.NET/CSS/C#/jQuery Course,TRUE,35,4183,231,86,Intermediate Level,14 hours,2014-10-12T06:29:05Z,Web Development,146405,12-10-2014,06:29:05Z,2014,10,12
15285,HTML Workshop,TRUE,20,25854,306,17,All Levels,2 hours,2012-04-08T05:12:43Z,Web Development,517080,08-04-2012,05:12:43Z,2012,4,8
477702,Python for Beginners: Python Programming Language | Tutorial,TRUE,150,6153,125,84,Beginner Level,5 hours,2015-06-14T18:18:57Z,Web Development,922950,14-06-2015,18:18:57Z,2015,6,14
875882,Creating Animations using HTML5 Canvas,TRUE,25,4010,17,12,All Levels,1 hour,2016-06-13T18:58:56Z,Web Development,100250,13-06-2016,18:58:56Z,2016,6,13
861122,Bootstrap 4: Exploring New Features,TRUE,75,5022,38,13,All Levels,1 hour,2016-05-27T21:28:29Z,Web Development,376650,27-05-2016,21:28:29Z,2016,5,27
309370,Bootstrap 3 -> Profitable WordPress Theme Development!,TRUE,40,5547,80,40,All Levels,3.5 hours,2014-10-22T17:39:21Z,Web Development,221880,22-10-2014,17:39:21Z,2014,10,22
802268,Intro to Git,TRUE,20,2532,291,30,Beginner Level,1 hour,2016-06-28T21:17:31Z,Web Development,50640,28-06-2016,21:17:31Z,2016,6,28
1034520,WordPress Domination #2: Leads & Scarcity,TRUE,95,2362,4,13,Beginner Level,1 hour,2017-01-10T17:41:50Z,Web Development,224390,10-01-2017,17:41:50Z,2017,1,10
1016536,Learn How to Manage & Customize  Web Sites By Drupal CMS,TRUE,140,7741,9,36,All Levels,2.5 hours,2016-12-11T21:05:33Z,Web Development,1083740,11-12-2016,21:05:33Z,2016,12,11
711592,Using Modern JavaScript Today,TRUE,50,1658,185,68,Intermediate Level,16.5 hours,2016-01-01T18:34:53Z,Web Development,82900,01-01-2016,18:34:53Z,2016,1,1
1065250,Up and Running with jQuery,FALSE,0,3324,138,19,All Levels,5 hours,2017-02-03T23:23:30Z,Web Development,0,03-02-2017,23:23:30Z,2017,2,3
928858,Learn How To Build A Professional Web Site By Using Joomla,TRUE,70,7184,22,29,All Levels,4 hours,2016-08-11T21:03:21Z,Web Development,502880,11-08-2016,21:03:21Z,2016,8,11
791030,Power up HTML5 with JavaScript,TRUE,100,4442,23,28,Beginner Level,2 hours,2016-03-15T18:03:33Z,Web Development,444200,15-03-2016,18:03:33Z,2016,3,15
1241518,Node Package Manager Course: Build and Publish NPM Modules,TRUE,30,7196,8,38,All Levels,6.5 hours,2017-06-06T17:56:50Z,Web Development,215880,06-06-2017,17:56:50Z,2017,6,6
944886,WordPress Look and Feel with Themes,TRUE,25,2371,10,12,Beginner Level,1 hour,2016-09-04T19:34:22Z,Web Development,59275,04-09-2016,19:34:22Z,2016,9,4
758582,PHP with Laravel for beginners - Become a Master in Laravel,TRUE,150,8496,1838,308,All Levels,29.5 hours,2016-04-21T19:57:39Z,Web Development,1274400,21-04-2016,19:57:39Z,2016,4,21
1199774,JavaScript 2017: Become Top Rated Web Developer,TRUE,115,1346,330,32,All Levels,3 hours,2017-05-03T14:15:06Z,Web Development,154790,03-05-2017,14:15:06Z,2017,5,3
390866,The Complete Web Developer Bootcamp - Beginner to Expert,TRUE,190,14103,1548,197,All Levels,21.5 hours,2015-01-19T00:23:15Z,Web Development,2679570,19-01-2015,00:23:15Z,2015,1,19
1014776,Full-Stack Web Apps with Meteor and React,TRUE,85,3295,531,162,All Levels,31.5 hours,2016-11-23T23:05:38Z,Web Development,280075,23-11-2016,23:05:38Z,2016,11,23
929130,Angular 4: From Theory to Practice & FREE E-Book,TRUE,200,4375,622,129,Intermediate Level,15.5 hours,2016-11-15T21:35:06Z,Web Development,875000,15-11-2016,21:35:06Z,2016,11,15
746014,The Complete Sass & SCSS Course: From Beginner to Advanced,TRUE,195,12021,660,41,All Levels,4 hours,2016-02-24T16:48:27Z,Web Development,2344095,24-02-2016,16:48:27Z,2016,2,24
11475,Become a Certified Web Developer,TRUE,100,26673,1090,185,All Levels,12 hours,2011-12-20T15:29:25Z,Web Development,2667300,20-12-2011,15:29:25Z,2011,12,20
11174,Become a Web Developer from Scratch,TRUE,120,69186,2408,197,All Levels,27.5 hours,2011-11-19T21:51:20Z,Web Development,8302320,19-11-2011,21:51:20Z,2011,11,19
945978,Ultimate Angular 4 (previously Angular 2) with Bootstrap 4,TRUE,50,11384,1846,80,All Levels,5.5 hours,2016-09-19T22:25:38Z,Web Development,569200,19-09-2016,22:25:38Z,2016,9,19
1019276,The Ultimate Beginner's Guide to Django,TRUE,200,2390,497,82,Beginner Level,9 hours,2016-12-11T22:07:39Z,Web Development,478000,11-12-2016,22:07:39Z,2016,12,11
1252630,React JS - Mastering Redux,TRUE,100,7059,116,58,All Levels,5 hours,2017-06-19T21:39:14Z,Web Development,705900,19-06-2017,21:39:14Z,2017,6,19
1000010,Professional Ruby on Rails Developer with Rails 5,TRUE,200,3179,214,174,All Levels,20.5 hours,2017-02-19T22:03:15Z,Web Development,635800,19-02-2017,22:03:15Z,2017,2,19
937586,"Ruby on Rails 5 - BDD, RSpec and Capybara",TRUE,200,1870,193,145,All Levels,14.5 hours,2016-10-28T00:17:36Z,Web Development,374000,28-10-2016,00:17:36Z,2016,10,28
79154,Back to School Web Development and Programming Bundle,TRUE,200,18170,117,779,Beginner Level,44.5 hours,2013-08-19T14:53:00Z,Web Development,3634000,19-08-2013,14:53:00Z,2013,8,19
328476,Complete ASP NET MVC Web Development - Newbie to Ninja!,TRUE,195,6073,627,66,All Levels,9 hours,2014-11-24T21:10:49Z,Web Development,1184235,24-11-2014,21:10:49Z,2014,11,24
921474,The Complete DevOps Engineer Course 2.0 - Java & Kubernetes,TRUE,195,5335,105,117,All Levels,14 hours,2016-08-06T20:53:04Z,Web Development,1040325,06-08-2016,20:53:04Z,2016,8,6
82778,All about NodeJS,TRUE,50,8755,931,133,All Levels,15.5 hours,2014-12-19T20:46:50Z,Web Development,437750,19-12-2014,20:46:50Z,2014,12,19
907386,How To Create A Wordpress Website 2016 | NEW Divi Theme 3.0!,TRUE,40,4144,383,43,Beginner Level,5.5 hours,2016-10-13T22:12:07Z,Web Development,165760,13-10-2016,22:12:07Z,2016,10,13
877124,The Complete jQuery Course - From Beginner to Professional!,TRUE,200,6420,134,188,All Levels,22.5 hours,2016-06-20T22:59:31Z,Web Development,1284000,20-06-2016,22:59:31Z,2016,6,20
1169378,Build a complete Fiverr clone with Node + Algolia + Paypal,TRUE,30,1741,26,87,All Levels,9 hours,2017-05-20T05:38:42Z,Web Development,52230,20-05-2017,05:38:42Z,2017,5,20
30240,The Ultimate Web Development Course,TRUE,50,9881,329,136,All Levels,12 hours,2013-08-25T16:16:52Z,Web Development,494050,25-08-2013,16:16:52Z,2013,8,25
836044,React From The Ground Up,TRUE,150,3252,401,62,All Levels,12.5 hours,2016-05-02T21:59:07Z,Web Development,487800,02-05-2016,21:59:07Z,2016,5,2
405818,Javascript for Beginners Learn by Doing Practical Exercises,TRUE,100,5089,685,29,All Levels,3.5 hours,2015-01-31T02:24:19Z,Web Development,508900,31-01-2015,02:24:19Z,2015,1,31
665042,8 Beautiful Ruby on Rails Apps in 30 Days & TDD - Immersive ,TRUE,100,5962,466,132,All Levels,16 hours,2016-03-08T07:36:40Z,Web Development,596200,08-03-2016,07:36:40Z,2016,3,8
1068590,Wordpress Website Mastery 2017,FALSE,0,5181,64,22,Beginner Level,2.5 hours,2017-01-18T17:01:40Z,Web Development,0,18-01-2017,17:01:40Z,2017,1,18
1203894,How To Make an eCommerce Website With Wordpress 2017,FALSE,0,3493,43,26,Beginner Level,4.5 hours,2017-05-09T22:08:11Z,Web Development,0,09-05-2017,22:08:11Z,2017,5,9
994634,Mastering ASP.NET MVC 5 From Scratch Using C#,TRUE,50,417,65,109,All Levels,13 hours,2016-12-01T20:30:59Z,Web Development,20850,01-12-2016,20:30:59Z,2016,12,1
765916,Start Web Development with GIS Map in JavaScript,TRUE,60,1599,26,49,All Levels,3 hours,2016-02-28T23:43:19Z,Web Development,95940,28-02-2016,23:43:19Z,2016,2,28
128950,Learn to Build Websites using Twitter Bootstrap,FALSE,0,15134,523,12,All Levels,2.5 hours,2014-04-14T07:51:24Z,Web Development,0,14-04-2014,07:51:24Z,2014,4,14
549064,Web Development Tools the Pros Use: Code Productivity Hacks,TRUE,30,2596,11,39,Beginner Level,4 hours,2015-10-08T18:13:22Z,Web Development,77880,08-10-2015,18:13:22Z,2015,10,8
400280,WordPress : An Overview,TRUE,45,1783,16,15,Beginner Level,36 mins,2015-02-02T04:48:51Z,Web Development,80235,02-02-2015,04:48:51Z,2015,2,2
382856,Create Startup Landing Page with Viral Marketing Strategies,FALSE,0,12974,120,13,Beginner Level,1 hour,2015-01-03T01:18:44Z,Web Development,0,03-01-2015,01:18:44Z,2015,1,3
958982,JavaScript : JavaScript Awesomeness,TRUE,25,785,20,25,Beginner Level,1 hour,2016-09-15T18:06:58Z,Web Development,19625,15-09-2016,18:06:58Z,2016,9,15
1113036,Mastering CSS 3.0 Selectors,FALSE,0,4115,63,13,Intermediate Level,2 hours,2017-02-22T21:57:35Z,Web Development,0,22-02-2017,21:57:35Z,2017,2,22
226534,WordPress Backup And Restore Fundamentals,FALSE,0,13242,131,24,Intermediate Level,1 hour,2014-06-24T19:23:44Z,Web Development,0,24-06-2014,19:23:44Z,2014,6,24
738726,Learn HTML and CSS to make a Website,TRUE,20,1154,12,71,Beginner Level,6 hours,2016-01-28T19:35:51Z,Web Development,23080,28-01-2016,19:35:51Z,2016,1,28
64422,1 Hour HTML,TRUE,200,16212,514,20,Beginner Level,1 hour,2013-07-09T03:16:26Z,Web Development,3242400,09-07-2013,03:16:26Z,2013,7,9
874166,Angular 2 Crash Course with TypeScript,TRUE,100,16409,589,74,All Levels,4 hours,2016-06-14T19:26:06Z,Web Development,1640900,14-06-2016,19:26:06Z,2016,6,14
1197650,Boost your website speed without any coding!,TRUE,50,1337,28,12,All Levels,1 hour,2017-05-14T17:14:48Z,Web Development,66850,14-05-2017,17:14:48Z,2017,5,14
912946,Professional Rails Code Along,TRUE,40,1469,237,120,Intermediate Level,19 hours,2016-08-04T03:48:09Z,Web Development,58760,04-08-2016,03:48:09Z,2016,8,4
876544,ASP.NET Web API 2 Hands-On,TRUE,20,2660,276,16,All Levels,1.5 hours,2016-06-19T20:10:58Z,Web Development,53200,19-06-2016,20:10:58Z,2016,6,19
1205894,Create a MEAN App by Example - Full Stack Course,TRUE,50,421,26,33,Intermediate Level,3.5 hours,2017-05-08T18:16:17Z,Web Development,21050,08-05-2017,18:16:17Z,2017,5,8
19332,The Original Complete Web Developer Course.,TRUE,20,31070,742,195,Beginner Level,18 hours,2012-10-28T00:13:03Z,Web Development,621400,28-10-2012,00:13:03Z,2012,10,28
863954,Angular 2 From The Ground Up,TRUE,30,1737,471,87,All Levels,11.5 hours,2016-06-02T17:52:17Z,Web Development,52110,02-06-2016,17:52:17Z,2016,6,2
789324,Complete Web Development Course + Building 5 Websites!,TRUE,200,11492,174,118,All Levels,24.5 hours,2016-03-21T20:14:43Z,Web Development,2298400,21-03-2016,20:14:43Z,2016,3,21
1229274,WP Plugin Development - Build your own plugin!,TRUE,200,5439,22,24,Beginner Level,4 hours,2017-06-13T18:39:12Z,Web Development,1087800,13-06-2017,18:39:12Z,2017,6,13
906700,Sass: From Beginner to Advanced,TRUE,40,8059,231,39,All Levels,2 hours,2016-07-21T15:43:34Z,Web Development,322360,21-07-2016,15:43:34Z,2016,7,21
113706,Build Flat Responsive Website from Scratch - Complete Course,TRUE,35,12105,144,54,All Levels,7.5 hours,2013-12-04T13:33:41Z,Web Development,423675,04-12-2013,13:33:41Z,2013,12,4
604044,Wordpress for Beginners - Build a Live Website from Scratch,TRUE,20,3877,92,15,Beginner Level,1.5 hours,2015-09-09T17:53:26Z,Web Development,77540,09-09-2015,17:53:26Z,2015,9,9
531290,"Essential JavaScript, jQuery and AngularJS Training",TRUE,30,2919,136,70,Intermediate Level,7 hours,2015-07-09T22:41:32Z,Web Development,87570,09-07-2015,22:41:32Z,2015,7,9
436210,The Pro Ruby on Rails Starter,TRUE,45,2409,90,19,Beginner Level,2.5 hours,2015-03-04T18:37:14Z,Web Development,108405,04-03-2015,18:37:14Z,2015,3,4
617158,Unit Testing AngularJS: Build Bugfree Apps That Always Work!,TRUE,25,2083,213,23,All Levels,2.5 hours,2016-01-24T21:47:20Z,Web Development,52075,24-01-2016,21:47:20Z,2016,1,24
1121580,WordPress Blog : Create a WordPress Website for Beginners,TRUE,20,2076,8,20,Beginner Level,2 hours,2017-02-26T18:29:53Z,Web Development,41520,26-02-2017,18:29:53Z,2017,2,26
782192,Introduction to HTML5 Canvas basics of drawing,TRUE,200,2918,16,17,Beginner Level,1 hour,2016-03-14T18:51:45Z,Web Development,583600,14-03-2016,18:51:45Z,2016,3,14
978728,"Thoughtful Web Development Course: HTML, Vue.js, PHP, MySQL",TRUE,200,842,144,536,All Levels,25 hours,2016-10-11T14:18:27Z,Web Development,168400,11-10-2016,14:18:27Z,2016,10,11
65493,Kids Coding - Beginners CSS,TRUE,100,7130,30,17,All Levels,1 hour,2013-07-25T19:55:43Z,Web Development,713000,25-07-2013,19:55:43Z,2013,7,25
32649,PHP & MySQL - Learn The Easy Way. Master PHP & MySQL Quickly,TRUE,50,5549,92,143,All Levels,15.5 hours,2012-12-15T15:22:52Z,Web Development,277450,15-12-2012,15:22:52Z,2012,12,15
1225030,Learning Path: Magento: Master and Test Magento 2 with Ease,TRUE,200,155,9,37,Expert Level,6 hours,2017-05-26T17:51:05Z,Web Development,31000,26-05-2017,17:51:05Z,2017,5,26
903140,The Complete hapiJS Course - Go From Beginner To Advanced!,TRUE,195,1697,64,54,All Levels,6 hours,2016-07-13T15:30:53Z,Web Development,330915,13-07-2016,15:30:53Z,2016,7,13
372518,Ruby On Rails For Web Development,TRUE,195,2526,185,24,Beginner Level,5 hours,2014-12-17T19:01:59Z,Web Development,492570,17-12-2014,19:01:59Z,2014,12,17
1045862,Create eye-catching WordPress website from scratch,TRUE,30,2342,15,19,Beginner Level,4.5 hours,2016-12-28T19:04:14Z,Web Development,70260,28-12-2016,19:04:14Z,2016,12,28
99826,Become A Web Developer And Seller - Build Websites With HTML,TRUE,200,21730,61,35,Beginner Level,2.5 hours,2013-10-05T12:49:46Z,Web Development,4346000,05-10-2013,12:49:46Z,2013,10,5
1236746,WordPress Tips and Tricks,TRUE,200,1117,10,37,Intermediate Level,2.5 hours,2017-06-08T17:44:18Z,Web Development,223400,08-06-2017,17:44:18Z,2017,6,8
1110756,HTML Tutorials : HTML Code for Website Creating,TRUE,20,2401,15,27,All Levels,3 hours,2017-02-22T17:36:27Z,Web Development,48020,22-02-2017,17:36:27Z,2017,2,22
595728,Complete HTML5 and CSS3 Course +1 Start to Finish Project,TRUE,200,3887,81,94,All Levels,8.5 hours,2015-09-07T23:42:50Z,Web Development,777400,07-09-2015,23:42:50Z,2015,9,7
1231872,Web Development With HTML CSS BOOTSTRAP JQUERY for Beginners,TRUE,35,1156,4,59,Beginner Level,5 hours,2017-05-30T17:15:41Z,Web Development,40460,30-05-2017,17:15:41Z,2017,5,30
876850,HTML5 Specialist: Comprehensive HTML5 Training,TRUE,100,1385,188,83,All Levels,5 hours,2016-06-22T16:54:51Z,Web Development,138500,22-06-2016,16:54:51Z,2016,6,22
113518,CSS and CSS3 For Absolute Beginners,TRUE,75,10890,212,33,Beginner Level,5 hours,2013-11-01T17:12:45Z,Web Development,816750,01-11-2013,17:12:45Z,2013,11,1
1111552,Build a Complete JQuery Plugin (Image Pop-up Dialog),TRUE,20,1126,10,12,All Levels,1 hour,2017-02-23T21:46:18Z,Web Development,22520,23-02-2017,21:46:18Z,2017,2,23
834924,How to create HTML Forms,TRUE,30,3652,60,7,Beginner Level,40 mins,2016-04-29T04:48:25Z,Web Development,109560,29-04-2016,04:48:25Z,2016,4,29
764042,ReactJS and Flux: Learn By Building 10 Projects,TRUE,60,1723,258,60,All Levels,11 hours,2016-02-18T18:18:12Z,Web Development,103380,18-02-2016,18:18:12Z,2016,2,18
821526,How To Make A Business Website In 1 Day With Wix FAST & EASY,TRUE,20,3759,24,25,Beginner Level,4 hours,2016-04-18T15:23:27Z,Web Development,75180,18-04-2016,15:23:27Z,2016,4,18
838418,PHP Date and Time Course by Edwin Diaz,TRUE,40,1653,53,14,All Levels,1.5 hours,2016-05-03T21:00:53Z,Web Development,66120,03-05-2016,21:00:53Z,2016,5,3
342084,Start Your Own Forum Website in 15 Minutes ,TRUE,40,5387,38,15,All Levels,1 hour,2015-01-26T16:19:40Z,Web Development,215480,26-01-2015,16:19:40Z,2015,1,26
669536,Hit the ground running with AngularJS with Dion Yang,TRUE,100,4563,49,13,All Levels,1.5 hours,2015-11-26T17:16:53Z,Web Development,456300,26-11-2015,17:16:53Z,2015,11,26
511378,Learn CSS Transition and Animation ,TRUE,100,3757,28,20,All Levels,1 hour,2015-05-27T17:51:19Z,Web Development,375700,27-05-2015,17:51:19Z,2015,5,27
553582,Learn JavaScript from scratch,TRUE,20,4193,92,44,Beginner Level,2.5 hours,2015-07-30T19:00:52Z,Web Development,83860,30-07-2015,19:00:52Z,2015,7,30
566920,WordPress for Beginners - Tutorial - From Novice to Know-How,TRUE,20,3694,48,39,Beginner Level,4 hours,2015-08-28T19:41:50Z,Web Development,73880,28-08-2015,19:41:50Z,2015,8,28
406820,RESTful API with Laravel,TRUE,45,1905,228,57,All Levels,6 hours,2015-02-05T07:42:56Z,Web Development,85725,05-02-2015,07:42:56Z,2015,2,5
636418,Learn Ruby on Rails for Absolute Beginners,TRUE,195,2875,20,36,All Levels,4.5 hours,2015-10-14T17:51:26Z,Web Development,560625,14-10-2015,17:51:26Z,2015,10,14
986442,JavaScript Tutorial,TRUE,180,613,93,37,All Levels,4.5 hours,2016-10-17T15:07:49Z,Web Development,110340,17-10-2016,15:07:49Z,2016,10,17
996320,Shopping Cart Website from Scratch Ecommerce,TRUE,200,633,39,54,Beginner Level,4 hours,2016-11-08T21:51:17Z,Web Development,126600,08-11-2016,21:51:17Z,2016,11,8
936182,Learn By Example: Angular JS,TRUE,50,1515,32,60,All Levels,7 hours,2016-08-22T19:36:10Z,Web Development,75750,22-08-2016,19:36:10Z,2016,8,22
905850,The Complete front end web developer Bootcamp - 14 projects,TRUE,200,900,129,126,All Levels,18.5 hours,2016-08-12T00:30:51Z,Web Development,180000,12-08-2016,00:30:51Z,2016,8,12
547298,WordPress LMS: E-Learning Website Made Easy,TRUE,20,2382,22,16,All Levels,1.5 hours,2015-07-08T00:08:54Z,Web Development,47640,08-07-2015,00:08:54Z,2015,7,8
294794,Create An HTML5 Video Player From Scratch,FALSE,0,32260,1005,12,Beginner Level,1.5 hours,2014-09-05T19:16:53Z,Web Development,0,05-09-2014,19:16:53Z,2014,9,5
615920,In Depth Web Development Made Easy,TRUE,25,3249,27,60,All Levels,6.5 hours,2015-10-30T16:55:44Z,Web Development,81225,30-10-2015,16:55:44Z,2015,10,30
955818,Jquery :basics for beginners,TRUE,50,1274,34,15,All Levels,40 mins,2016-09-12T19:01:34Z,Web Development,63700,12-09-2016,19:01:34Z,2016,9,12
65330,Web Development By Doing: HTML / CSS From Scratch,FALSE,0,72932,2575,21,Beginner Level,1 hour,2013-09-25T00:42:09Z,Web Development,0,25-09-2013,00:42:09Z,2013,9,25
173548,Build Your First Website in 1 Week with HTML5 and CSS3,FALSE,0,120291,5924,30,Beginner Level,3 hours,2014-04-08T16:21:30Z,Web Development,0,08-04-2014,16:21:30Z,2014,4,8
1183094,"ASP.NET Core MVC, Quick and Practical",TRUE,20,387,5,30,Intermediate Level,2.5 hours,2017-04-25T00:55:41Z,Web Development,7740,25-04-2017,00:55:41Z,2017,4,25
738360,Better way towards CSS using Less and Sass,TRUE,20,2227,44,26,All Levels,1.5 hours,2016-02-16T08:11:49Z,Web Development,44540,16-02-2016,08:11:49Z,2016,2,16
650328,JavaScript Complete for beginners with real world Apps,TRUE,120,2652,33,40,All Levels,3.5 hours,2016-02-02T21:35:54Z,Web Development,318240,02-02-2016,21:35:54Z,2016,2,2
69414,Creating a Responsive HTML Email,TRUE,20,2520,183,34,All Levels,1.5 hours,2013-08-12T13:09:39Z,Web Development,50400,12-08-2013,13:09:39Z,2013,8,12
500628,Angular 2 Demystified,TRUE,20,3150,69,49,All Levels,3.5 hours,2015-05-18T20:48:48Z,Web Development,63000,18-05-2015,20:48:48Z,2015,5,18
384078,Learn HTML Fast and Easy!,TRUE,20,4011,24,17,Beginner Level,1.5 hours,2015-08-03T22:01:42Z,Web Development,80220,03-08-2015,22:01:42Z,2015,8,3
451938,How To Setup a Micro-Blog in 3 Easy Steps,TRUE,25,6937,22,7,All Levels,1 hour,2015-03-20T18:49:20Z,Web Development,173425,20-03-2015,18:49:20Z,2015,3,20
657710,Ruby on Rails for Complete Beginners,TRUE,35,4839,129,84,Beginner Level,4 hours,2015-11-02T23:07:56Z,Web Development,169365,02-11-2015,23:07:56Z,2015,11,2
977516,Wordpress for Non-Technical People,TRUE,150,2346,10,65,Beginner Level,4.5 hours,2016-11-15T21:51:28Z,Web Development,351900,15-11-2016,21:51:28Z,2016,11,15
997750,ASP NET CORE - ANGULAR 2 E-Commerce App,TRUE,200,897,129,171,All Levels,13 hours,2017-01-13T17:06:35Z,Web Development,179400,13-01-2017,17:06:35Z,2017,1,13
316704,Introductory JavaScript Made Easy Training Tutorial,TRUE,20,9381,138,131,Beginner Level,11 hours,2014-10-15T15:23:00Z,Web Development,187620,15-10-2014,15:23:00Z,2014,10,15
106178,Become a Heroku Rails Ninja: Expert Level Deployment Tools,TRUE,50,7090,52,30,Intermediate Level,8.5 hours,2014-02-15T16:03:28Z,Web Development,354500,15-02-2014,16:03:28Z,2014,2,15
1062686,Complete RESPONSIVE Website Design with HTML5 & CSS3,TRUE,20,2204,6,97,Beginner Level,9 hours,2017-02-03T04:19:46Z,Web Development,44080,03-02-2017,04:19:46Z,2017,2,3
1082996,Pimcore Developer: Implement a Blog from a Bootstrap Theme,TRUE,95,1212,15,39,All Levels,4.5 hours,2017-01-24T00:17:39Z,Web Development,115140,24-01-2017,00:17:39Z,2017,1,24
629044,Inspirational Web Development - A Beginner Approach -,TRUE,20,5328,47,28,Beginner Level,3.5 hours,2016-01-24T22:03:49Z,Web Development,106560,24-01-2016,22:03:49Z,2016,1,24
476408,"Learn HTML, A practical guide from scratch to HTML 5",TRUE,100,5715,52,31,All Levels,3 hours,2015-04-26T12:35:16Z,Web Development,571500,26-04-2015,12:35:16Z,2015,4,26
1124244,JavaScript Tutorial: Learn JavaScript Code for Beginners,TRUE,20,2074,14,22,Beginner Level,1.5 hours,2017-03-08T00:24:44Z,Web Development,41480,08-03-2017,00:24:44Z,2017,3,8
217010,Website Secrets: Get a Gorgeous Website on the Cheap,TRUE,50,12328,15,32,All Levels,2 hours,2014-07-04T08:17:41Z,Web Development,616400,04-07-2014,08:17:41Z,2014,7,4
576694,Ultimate WordPress Plugin Course,TRUE,100,4537,415,49,All Levels,9 hours,2015-08-20T20:32:31Z,Web Development,453700,20-08-2015,20:32:31Z,2015,8,20
527952,PHP for Beginners: How to Build an E-Commerce Store,TRUE,100,5117,463,138,All Levels,14.5 hours,2015-07-17T18:52:45Z,Web Development,511700,17-07-2015,18:52:45Z,2015,7,17
745306,"Build Realtime Apps | React Js, Golang & RethinkDB",TRUE,60,3854,482,48,All Levels,3 hours,2016-01-29T20:30:27Z,Web Development,231240,29-01-2016,20:30:27Z,2016,1,29
941998,"Master Electron: Desktop Apps using HTML, JavaScript & CSS",TRUE,165,1902,224,47,Intermediate Level,5.5 hours,2017-03-21T23:58:01Z,Web Development,313830,21-03-2017,23:58:01Z,2017,3,21
674608,The Complete Web Developer Masterclass: Beginner To Advanced,TRUE,195,37141,1813,316,All Levels,51 hours,2016-05-18T00:16:26Z,Web Development,7242495,18-05-2016,00:16:26Z,2016,5,18
1204208,Mastering Micro Services Using Java Spring Boot,TRUE,195,1649,34,25,All Levels,2 hours,2017-05-17T17:43:14Z,Web Development,321555,17-05-2017,17:43:14Z,2017,5,17
957422,How to Create A Website: An HTML Tutorial and CSS Tutorial,TRUE,65,3012,260,330,All Levels,32.5 hours,2016-09-25T20:55:57Z,Web Development,195780,25-09-2016,20:55:57Z,2016,9,25
511838,The Advanced Web Developer Course,TRUE,100,6890,99,90,Intermediate Level,10.5 hours,2015-06-03T18:21:21Z,Web Development,689000,03-06-2015,18:21:21Z,2015,6,3
621022,Projects in MongoDB - Learn MongoDB Building Projects,TRUE,50,4628,247,93,All Levels,12 hours,2015-09-28T20:22:39Z,Web Development,231400,28-09-2015,20:22:39Z,2015,9,28
30318,Learning JavaScript Programming Tutorial. A Definitive Guide,TRUE,50,17113,380,93,All Levels,9.5 hours,2012-11-26T13:51:56Z,Web Development,855650,26-11-2012,13:51:56Z,2012,11,26
1270392,"The Complete JavaScript, HTML and CSS Tutorial For Beginners",TRUE,35,244,44,21,Beginner Level,3 hours,2017-06-29T16:13:18Z,Web Development,8540,29-06-2017,16:13:18Z,2017,6,29
991094,"Build Modern Responsive Website With HTML5, CSS3 & Bootstrap",TRUE,195,1472,210,110,All Levels,13 hours,2017-02-08T05:44:46Z,Web Development,287040,08-02-2017,05:44:46Z,2017,2,8
695656,The Complete JavaScript Course For Web Development Beginners,TRUE,195,31499,450,46,All Levels,4 hours,2015-12-29T17:20:32Z,Web Development,6142305,29-12-2015,17:20:32Z,2015,12,29
1174446,Email Marketing: Send Unlimited Emails via Own Mail Server,TRUE,35,3539,43,20,Beginner Level,1 hour,2017-04-19T00:28:15Z,Web Development,123865,19-04-2017,00:28:15Z,2017,4,19
1267892,Getting started with JavaScript,TRUE,200,1415,17,23,Beginner Level,1.5 hours,2017-06-27T00:56:40Z,Web Development,283000,27-06-2017,00:56:40Z,2017,6,27
1149334,Learn the basics of the Web development: Coding Tactics,TRUE,40,2965,17,30,Beginner Level,2 hours,2017-04-29T00:52:53Z,Web Development,118600,29-04-2017,00:52:53Z,2017,4,29
1109150,RESTful API with Laravel 5.4: Definitive Guide,TRUE,145,655,95,195,All Levels,12.5 hours,2017-04-28T17:44:04Z,Web Development,94975,28-04-2017,17:44:04Z,2017,4,28
445534,Learn AngularJS Step By Step,TRUE,20,18777,1112,21,Intermediate Level,1.5 hours,2015-07-07T00:08:10Z,Web Development,375540,07-07-2015,00:08:10Z,2015,7,7
987666,Learn React : The World's Most Lucrative JavaScript Library,TRUE,50,1591,99,74,Beginner Level,9.5 hours,2017-02-08T00:40:08Z,Web Development,79550,08-02-2017,00:40:08Z,2017,2,8
1134330,Master Regular Expressions from scratch - All languages,TRUE,70,1925,27,38,All Levels,2 hours,2017-04-27T20:25:25Z,Web Development,134750,27-04-2017,20:25:25Z,2017,4,27
983534,Try AngularJS: Beginner's Guide to Front End Web Development,TRUE,50,16926,126,33,Beginner Level,4.5 hours,2016-10-13T20:38:03Z,Web Development,846300,13-10-2016,20:38:03Z,2016,10,13
563248,JavaScript Step by Step how to apply it to your web pages,TRUE,100,13406,78,44,All Levels,1.5 hours,2015-07-26T17:44:17Z,Web Development,1340600,26-07-2015,17:44:17Z,2015,7,26
1140532,Explore JavaScript Beginners Guide to Coding JavaScript,TRUE,200,5739,26,29,Beginner Level,2.5 hours,2017-03-12T21:38:57Z,Web Development,1147800,12-03-2017,21:38:57Z,2017,3,12
701636,Learn Web Scraping with Node.js,TRUE,75,16731,137,10,All Levels,1 hour,2015-12-29T21:59:27Z,Web Development,1254825,29-12-2015,21:59:27Z,2015,12,29
797832,Getting Started with WordPress 2016,TRUE,20,1613,21,20,Beginner Level,1 hour,2016-04-14T05:38:18Z,Web Development,32260,14-04-2016,05:38:18Z,2016,4,14
41295,Learn HTML5 Programming From Scratch,FALSE,0,268923,8629,45,All Levels,10.5 hours,2013-02-14T07:03:41Z,Web Development,0,14-02-2013,07:03:41Z,2013,2,14
413494,Getting Started with LESS - Beginner Crash Course,TRUE,25,1780,69,21,Beginner Level,1.5 hours,2015-02-12T22:26:09Z,Web Development,44500,12-02-2015,22:26:09Z,2015,2,12
911318,Master ECMAScript 2015 (ES6),FALSE,0,7438,441,37,All Levels,2.5 hours,2016-11-28T22:10:27Z,Web Development,0,28-11-2016,22:10:27Z,2016,11,28
197828,Learn to Setup Websites from Scratch,FALSE,0,21087,154,24,Beginner Level,3.5 hours,2014-04-14T11:59:11Z,Web Development,0,14-04-2014,11:59:11Z,2014,4,14
576646,Create Fast RESTful APIs with Lumen and Homestead by Laravel,TRUE,60,1157,105,31,All Levels,3 hours,2015-10-25T20:37:23Z,Web Development,69420,25-10-2015,20:37:23Z,2015,10,25
984072,"Build Modern Websites Quick With HTML,CSS and Bootstrap",TRUE,20,912,17,48,Beginner Level,4.5 hours,2016-10-18T15:48:43Z,Web Development,18240,18-10-2016,15:48:43Z,2016,10,18
709180,Twitter Integration customize Tweets with developer API,TRUE,115,2039,7,19,All Levels,1 hour,2015-12-29T18:12:34Z,Web Development,234485,29-12-2015,18:12:34Z,2015,12,29
188692,Build a Responsive Website with a Modern Flat Design,FALSE,0,16527,354,17,All Levels,2 hours,2014-03-26T14:23:06Z,Web Development,0,26-03-2014,14:23:06Z,2014,3,26
683606,The Ultimate WordPress Boot Camp: Build 7 Websites,TRUE,125,1000,74,140,Intermediate Level,11 hours,2016-02-26T21:21:01Z,Web Development,125000,26-02-2016,21:21:01Z,2016,2,26
429364,Master the Basics of HTML5 & CSS3: Beginner Web Development,FALSE,0,26541,750,38,Beginner Level,3 hours,2015-05-21T22:47:47Z,Web Development,0,21-05-2015,22:47:47Z,2015,5,21
1012096,Become A Full Stack Web Developer in 14 Days,TRUE,195,467,20,126,All Levels,13.5 hours,2016-11-23T04:17:45Z,Web Development,91065,23-11-2016,04:17:45Z,2016,11,23
1016388,Projects In ReactJS - The Complete React Learning Course,TRUE,50,947,108,56,Intermediate Level,8 hours,2016-11-22T04:21:03Z,Web Development,47350,22-11-2016,04:21:03Z,2016,11,22
978852,Beginning Web development Learn the basics of HTML,TRUE,95,9832,71,59,Beginner Level,2 hours,2017-01-06T15:14:59Z,Web Development,934040,06-01-2017,15:14:59Z,2017,1,6
1148342,Step by Step Build Your Template by Bootstrap 4 from scratch,TRUE,80,2184,15,24,Beginner Level,3 hours,2017-03-30T21:59:03Z,Web Development,174720,30-03-2017,21:59:03Z,2017,3,30
1199780,Hosting your static website on Amazon AWS S3 service,TRUE,20,2853,47,16,Beginner Level,1.5 hours,2017-05-05T23:42:32Z,Web Development,57060,05-05-2017,23:42:32Z,2017,5,5
648118,JavaScript Rockstar How to create Incredible Useful code,TRUE,75,16590,51,27,All Levels,2.5 hours,2015-10-29T18:30:46Z,Web Development,1244250,29-10-2015,18:30:46Z,2015,10,29
863812,Spring Core DevOps on AWS,TRUE,100,1626,115,78,Intermediate Level,6.5 hours,2016-11-15T21:59:55Z,Web Development,162600,15-11-2016,21:59:55Z,2016,11,15
752432,How to Create a Website Without Coding - WordPress 2016,TRUE,195,9056,96,31,Beginner Level,1.5 hours,2016-02-04T22:22:22Z,Web Development,1765920,04-02-2016,22:22:22Z,2016,2,4
639848,PHP Graphic Techniques: CAPTCHA/ Create a verification code,TRUE,20,8320,73,11,All Levels,43 mins,2015-10-14T18:16:51Z,Web Development,166400,14-10-2015,18:16:51Z,2015,10,14
942366,Introductory To HTML and CSS,TRUE,50,4106,112,15,Beginner Level,1 hour,2016-08-27T21:35:25Z,Web Development,205300,27-08-2016,21:35:25Z,2016,8,27
1103448,Learn how to convert PSD to HTML and CSS responsive,TRUE,30,5324,52,14,All Levels,2.5 hours,2017-02-10T16:51:09Z,Web Development,159720,10-02-2017,16:51:09Z,2017,2,10
945602,PHP User Login Registration Script With All Features,TRUE,200,5603,46,47,All Levels,4 hours,2016-10-02T19:14:23Z,Web Development,1120600,02-10-2016,19:14:23Z,2016,10,2
446608,AJAX : Let's build a COOL project,TRUE,70,4183,292,38,All Levels,3.5 hours,2015-03-13T23:11:17Z,Web Development,292810,13-03-2015,23:11:17Z,2015,3,13
866384,Advanced WordPress Topics: Post Types Taxonomies & Metaboxes,TRUE,95,301,44,91,Intermediate Level,7.5 hours,2016-07-10T16:04:35Z,Web Development,28595,10-07-2016,16:04:35Z,2016,7,10
678150,Laravel Homestead,FALSE,0,3883,110,9,Beginner Level,1 hour,2016-12-07T03:43:24Z,Web Development,0,07-12-2016,03:43:24Z,2016,12,7
980114,The Complete TypeScript Programming Guide for Web Developers,TRUE,40,236,31,35,Intermediate Level,4 hours,2016-10-12T17:02:13Z,Web Development,9440,12-10-2016,17:02:13Z,2016,10,12
17887,JavaScript with BackboneJS and Bootstrap CSS - Advanced,TRUE,25,1758,37,16,Intermediate Level,3.5 hours,2012-05-21T18:22:09Z,Web Development,43950,21-05-2012,18:22:09Z,2012,5,21
465210,Ruby on Rails Tutorial: Learn 6 Ruby on Rails SEO Techniques,TRUE,200,1266,16,21,All Levels,2 hours,2015-05-15T22:10:31Z,Web Development,253200,15-05-2015,22:10:31Z,2015,5,15
967422,XML DOM :basics for beginners,TRUE,35,920,1,7,All Levels,42 mins,2016-09-26T16:47:11Z,Web Development,32200,26-09-2016,16:47:11Z,2016,9,26
708558,Learn HTML Basics From Scratch,FALSE,0,5004,52,21,All Levels,3 hours,2015-12-29T19:01:04Z,Web Development,0,29-12-2015,19:01:04Z,2015,12,29
783686,Byte-Sized-Chunks: Dynamic Prototypes in Javascript,TRUE,20,880,6,24,All Levels,3 hours,2016-03-10T18:01:22Z,Web Development,17600,10-03-2016,18:01:22Z,2016,3,10
551072,Build Websites from Scratch with Squarespace,TRUE,50,342,53,60,Beginner Level,3.5 hours,2015-07-16T18:13:28Z,Web Development,17100,16-07-2015,18:13:28Z,2015,7,16
1004008,Introduction to web programming for GIS applications,TRUE,100,205,38,97,Beginner Level,13.5 hours,2017-03-13T14:50:48Z,Web Development,20500,13-03-2017,14:50:48Z,2017,3,13
344224,Java Spring Security,TRUE,40,527,63,11,Intermediate Level,2.5 hours,2014-11-15T13:54:07Z,Web Development,21080,15-11-2014,13:54:07Z,2014,11,15
235104,Responsive Html5 Theme Development,TRUE,20,1517,4,12,All Levels,1 hour,2014-06-06T21:51:59Z,Web Development,30340,06-06-2014,21:51:59Z,2014,6,6
598970,What’s New in Bootstrap 4,TRUE,20,130,14,20,All Levels,37 mins,2015-09-07T21:05:06Z,Web Development,2600,07-09-2015,21:05:06Z,2015,9,7
543346,ReactJS Course: Learn JavaScript Library Used by Facebook&IG,TRUE,50,1018,33,41,Intermediate Level,3 hours,2015-07-07T13:42:32Z,Web Development,50900,07-07-2015,13:42:32Z,2015,7,7
575644,Building a Ruby on Rails Application with Neo4j,FALSE,0,4830,38,7,Intermediate Level,32 mins,2015-08-18T19:23:56Z,Web Development,0,18-08-2015,19:23:56Z,2015,8,18
877036,Sara Learns to Code.  Making an App from Scratch,TRUE,60,402,20,35,Beginner Level,4 hours,2016-08-02T19:36:19Z,Web Development,24120,02-08-2016,19:36:19Z,2016,8,2
691760,Ajax  for Beginners: A Very Basic Introduction,TRUE,65,755,5,18,Beginner Level,2 hours,2016-01-25T17:57:24Z,Web Development,49075,25-01-2016,17:57:24Z,2016,1,25
579182,Wordpress Essentials: Useful Plugins,TRUE,25,1087,7,24,Beginner Level,1 hour,2015-09-15T00:19:49Z,Web Development,27175,15-09-2015,00:19:49Z,2015,9,15
1071060,Django by Example,TRUE,125,170,21,78,Expert Level,9 hours,2017-01-13T02:50:03Z,Web Development,21250,13-01-2017,02:50:03Z,2017,1,13
235990,Build A Great Wordpress Website For Your Business in 2 Hours,TRUE,35,1054,4,26,All Levels,2 hours,2014-06-10T18:24:25Z,Web Development,36890,10-06-2014,18:24:25Z,2014,6,10
469678,Wordpress on AWS: The Easy way to AWS for Free Fast hosting ,TRUE,40,245,23,36,All Levels,1 hour,2015-08-11T23:47:57Z,Web Development,9800,11-08-2015,23:47:57Z,2015,8,11
708514,Mastering TypeScript,TRUE,95,353,34,41,Expert Level,3 hours,2015-12-29T23:10:30Z,Web Development,33535,29-12-2015,23:10:30Z,2015,12,29
601260,Mastering AngularJS UI Development,TRUE,95,464,26,22,Expert Level,1.5 hours,2015-09-03T18:55:11Z,Web Development,44080,03-09-2015,18:55:11Z,2015,9,3
687642,Custom Theme Creation for WordPress using HTML5 and CSS3,TRUE,35,298,20,24,Beginner Level,1.5 hours,2015-12-06T17:34:38Z,Web Development,10430,06-12-2015,17:34:38Z,2015,12,6
654422,Create a PHP Contact Form in Bootstrap,TRUE,20,2238,65,12,All Levels,1 hour,2015-12-27T17:20:38Z,Web Development,44760,27-12-2015,17:20:38Z,2015,12,27
902748,Introduction To Data Analytics Using Microsoft Power BI,TRUE,45,1764,33,16,All Levels,1.5 hours,2016-07-13T17:36:30Z,Web Development,79380,13-07-2016,17:36:30Z,2016,7,13
634754,HTML Made Simple For Beginners: Create a One Page Website,TRUE,65,3380,50,16,Beginner Level,2 hours,2015-10-14T22:08:17Z,Web Development,219700,14-10-2015,22:08:17Z,2015,10,14
1112844,The Complete Web Developer Masterclass: Beginner To Advanced,TRUE,20,1030,11,30,All Levels,2.5 hours,2017-05-12T14:45:01Z,Web Development,20600,12-05-2017,14:45:01Z,2017,5,12
1026206,Website Builder Software Previews,TRUE,25,1406,12,20,Beginner Level,1 hour,2016-12-15T04:55:26Z,Web Development,35150,15-12-2016,04:55:26Z,2016,12,15
484872,Learn How to Create Your Own Social Network,TRUE,50,4732,5,14,All Levels,2 hours,2015-04-24T23:54:06Z,Web Development,236600,24-04-2015,23:54:06Z,2015,4,24
773824,"Learn By Example: The Foundations of HTML, CSS & Javascript",TRUE,50,1724,72,94,All Levels,13 hours,2016-02-29T23:04:14Z,Web Development,86200,29-02-2016,23:04:14Z,2016,2,29
846578,JavaScript manipulation of the DOM Document Object Model,TRUE,20,1618,46,20,Beginner Level,1.5 hours,2016-05-13T05:09:09Z,Web Development,32360,13-05-2016,05:09:09Z,2016,5,13
358508,Create Jekyll blog and host it on Github like a Ninja,TRUE,20,5056,74,11,Beginner Level,2 hours,2014-12-13T04:48:15Z,Web Development,101120,13-12-2014,04:48:15Z,2014,12,13
975060,Learn React JS from scratch,TRUE,115,1562,42,34,Beginner Level,4 hours,2016-10-10T16:01:44Z,Web Development,179630,10-10-2016,16:01:44Z,2016,10,10
904818,Web Security: Common Vulnerabilities And Their Mitigation,TRUE,50,1547,30,56,All Levels,8 hours,2016-07-14T16:24:08Z,Web Development,77350,14-07-2016,16:24:08Z,2016,7,14
472526,PHP for Beginners,TRUE,40,2626,95,135,Beginner Level,6 hours,2015-07-01T18:55:13Z,Web Development,105040,01-07-2015,18:55:13Z,2015,7,1
241590,Make a professional website - 30 Day Guarantee. Discounted!,TRUE,20,11167,34,13,All Levels,2 hours,2014-06-23T16:03:41Z,Web Development,223340,23-06-2014,16:03:41Z,2014,6,23
1182108,Symfony 3: Build a PHP Application with Symfony,TRUE,20,466,11,25,All Levels,2 hours,2017-04-20T16:15:04Z,Web Development,9320,20-04-2017,16:15:04Z,2017,4,20
1156648,Learn ASP.Net Web API 2 for Absolute Beginner,TRUE,30,1355,14,29,All Levels,3.5 hours,2017-03-30T00:14:32Z,Web Development,40650,30-03-2017,00:14:32Z,2017,3,30
642696,Build a Website in 30 Minutes,TRUE,95,5065,40,12,Beginner Level,32 mins,2015-11-13T18:02:28Z,Web Development,481175,13-11-2015,18:02:28Z,2015,11,13
1121696,Google Blogger : How to Create a Blog,TRUE,20,1763,17,30,Beginner Level,2 hours,2017-02-24T17:28:52Z,Web Development,35260,24-02-2017,17:28:52Z,2017,2,24
389240,How to Make a Website Without Coding- WordPress & Web Skills,TRUE,30,6413,107,123,All Levels,9 hours,2015-04-28T17:32:23Z,Web Development,192390,28-04-2015,17:32:23Z,2015,4,28
297044,Learn WCF And Web APIs From Scratch,TRUE,50,5398,358,83,Intermediate Level,10.5 hours,2014-10-08T02:50:31Z,Web Development,269900,08-10-2014,02:50:31Z,2014,10,8
462668,How To Build A Website From Scratch + Blogging Blueprint,TRUE,20,7017,37,28,All Levels,3.5 hours,2015-04-08T17:39:03Z,Web Development,140340,08-04-2015,17:39:03Z,2015,4,8
565282,Learn To Create Different Website Layouts & Media Queries ,TRUE,195,6510,45,22,All Levels,2 hours,2015-08-11T22:26:38Z,Web Development,1269450,11-08-2015,22:26:38Z,2015,8,11
1011550,Build Sign Up and Login Forms With Bootstrap Modal,TRUE,20,1898,19,31,All Levels,4 hours,2016-11-17T18:55:02Z,Web Development,37960,17-11-2016,18:55:02Z,2016,11,17
409618,"Build a Real Time web app in node.js , Angular.js, mongoDB",TRUE,20,3299,166,34,All Levels,4 hours,2015-03-04T00:11:45Z,Web Development,65980,04-03-2015,00:11:45Z,2015,3,4
1226008,Superb jQuery Course - Become Certified jQuery Developer,TRUE,95,817,6,32,All Levels,1.5 hours,2017-05-28T23:56:09Z,Web Development,77615,28-05-2017,23:56:09Z,2017,5,28
1211960,How To Build A Facebook Messenger Chat Bot From Scratch,TRUE,120,1798,20,24,Beginner Level,1.5 hours,2017-05-11T16:53:50Z,Web Development,215760,11-05-2017,16:53:50Z,2017,5,11
1169848,"Build Your Own Calculator App with Javascript, HTML5 & CSS",TRUE,50,3688,49,11,All Levels,1 hour,2017-04-13T17:36:32Z,Web Development,184400,13-04-2017,17:36:32Z,2017,4,13
896858,The Complete WordPress Development & Customization Course,TRUE,100,1611,165,157,Expert Level,12.5 hours,2016-11-07T17:17:16Z,Web Development,161100,07-11-2016,17:17:16Z,2016,11,7
696016,HTML CSS Easy steps to create a web template from scratch,TRUE,200,11574,78,15,Beginner Level,1 hour,2015-12-14T19:48:12Z,Web Development,2314800,14-12-2015,19:48:12Z,2015,12,14
993148,Learn jQuery AJAX in 1 hour,TRUE,195,2547,62,18,Intermediate Level,1 hour,2016-10-27T18:01:40Z,Web Development,496665,27-10-2016,18:01:40Z,2016,10,27
1145206,Develop Competitive Plugins for WordPress and WooCommerce,TRUE,150,2063,18,12,All Levels,1 hour,2017-03-30T03:10:37Z,Web Development,309450,30-03-2017,03:10:37Z,2017,3,30
534376,Get Results - Core Principles of Web Development Tricks Tips,TRUE,75,22355,54,26,All Levels,1.5 hours,2015-06-23T20:39:16Z,Web Development,1676625,23-06-2015,20:39:16Z,2015,6,23
570416,JSON Faster Sleeker & Easier Discover the benefits learn it,TRUE,200,8577,69,31,All Levels,1.5 hours,2015-08-12T18:33:31Z,Web Development,1715400,12-08-2015,18:33:31Z,2015,8,12
1017116,Get to know HTML Learn HTML Basics,TRUE,200,10674,102,26,Beginner Level,2 hours,2016-11-22T15:09:59Z,Web Development,2134800,22-11-2016,15:09:59Z,2016,11,22
1243474,Ultimate Css & JQuery Form Designing From Beginner to Expert,TRUE,115,783,5,13,All Levels,1 hour,2017-06-09T00:12:57Z,Web Development,90045,09-06-2017,00:12:57Z,2017,6,9
732556,PHP: Complete Registration and Login with Email Verification,TRUE,20,12781,145,22,All Levels,2.5 hours,2016-01-27T18:16:28Z,Web Development,255620,27-01-2016,18:16:28Z,2016,1,27
426196,JavaScript from Beginner to Expert,TRUE,125,5484,439,92,All Levels,12.5 hours,2015-05-18T21:54:08Z,Web Development,685500,18-05-2015,21:54:08Z,2015,5,18
747552,Build a website HTML5 CSS3 Beginner Course,TRUE,150,7884,44,28,Beginner Level,2 hours,2016-02-02T03:54:47Z,Web Development,1182600,02-02-2016,03:54:47Z,2016,2,2
556922,Learn Ruby on Rails: Stripe Payment Processing,TRUE,40,15724,33,29,All Levels,1.5 hours,2016-11-02T22:09:47Z,Web Development,628960,02-11-2016,22:09:47Z,2016,11,2
1147064,WordPress For Beginners | No Coding Required,TRUE,20,3106,31,13,All Levels,1 hour,2017-04-15T00:32:58Z,Web Development,62120,15-04-2017,00:32:58Z,2017,4,15
651780,jQuery For Beginners : A Basic Introduction,TRUE,65,6293,165,8,Beginner Level,1 hour,2015-11-03T18:17:38Z,Web Development,409045,03-11-2015,18:17:38Z,2015,11,3
944906,WordPress Plugins and Widgets,TRUE,40,8711,29,12,Beginner Level,1 hour,2016-09-09T18:15:07Z,Web Development,348440,09-09-2016,18:15:07Z,2016,9,9
674646,PHP Essential How to create build Amazing websites with PHP,TRUE,75,8067,30,44,Beginner Level,3.5 hours,2015-11-26T04:12:48Z,Web Development,605025,26-11-2015,04:12:48Z,2015,11,26
673420,HTML CSS JavaScript: Most popular ways to code HTML CSS JS,TRUE,170,9332,172,33,All Levels,3.5 hours,2015-11-18T22:45:19Z,Web Development,1586440,18-11-2015,22:45:19Z,2015,11,18
584758,Bootstrap 3 Beginners: Create a Professional Landing Page,TRUE,20,3271,278,54,Beginner Level,2.5 hours,2015-09-20T21:04:03Z,Web Development,65420,20-09-2015,21:04:03Z,2015,9,20
1189280,Introduction to Node.js for Beginners,TRUE,125,1367,17,58,Beginner Level,6 hours,2017-04-24T23:55:11Z,Web Development,170875,24-04-2017,23:55:11Z,2017,4,24
543090,Introduction to Coding with Ruby,TRUE,45,5077,126,66,Beginner Level,3.5 hours,2015-07-22T18:23:06Z,Web Development,228465,22-07-2015,18:23:06Z,2015,7,22
611308,Complete PHP and MySql Course: From Beginner to Professional,TRUE,200,6508,137,90,All Levels,6.5 hours,2015-10-05T21:01:37Z,Web Development,1301600,05-10-2015,21:01:37Z,2015,10,5
959604,Angular JS Essentials,TRUE,195,4687,99,24,Beginner Level,4 hours,2017-01-03T15:31:13Z,Web Development,913965,03-01-2017,15:31:13Z,2017,1,3
540724,How To Setup Web Hosting,FALSE,0,11758,242,8,Beginner Level,1 hour,2015-07-15T23:49:27Z,Web Development,0,15-07-2015,23:49:27Z,2015,7,15
1089652,"Web Application Development using Redis, Express, and Socket",TRUE,200,300,16,66,Beginner Level,6 hours,2017-02-09T17:10:16Z,Web Development,60000,09-02-2017,17:10:16Z,2017,2,9
1049344,How to Start a WordPress Blog - Complete Beginners Guide!,FALSE,0,3784,85,32,Beginner Level,2 hours,2017-01-02T23:07:34Z,Web Development,0,02-01-2017,23:07:34Z,2017,1,2
786494,CSS3 Gradients for Web Designers,TRUE,20,1209,9,21,All Levels,1.5 hours,2016-08-19T19:19:47Z,Web Development,24180,19-08-2016,19:19:47Z,2016,8,19
611518,Learn ASP NET MVC 5 step by step,TRUE,20,1428,91,32,Intermediate Level,3 hours,2015-10-06T19:00:39Z,Web Development,28560,06-10-2015,19:00:39Z,2015,10,6
956888,Tumult Hype Pro Basics: HTML5 Animations Made Easier,TRUE,50,716,32,57,Beginner Level,4 hours,2016-09-14T17:15:45Z,Web Development,35800,14-09-2016,17:15:45Z,2016,9,14
188828,Web Hosting Set Up and WordPress Installation For Beginners,FALSE,0,12563,239,11,Beginner Level,34 mins,2014-04-09T02:58:17Z,Web Development,0,09-04-2014,02:58:17Z,2014,4,9
382258,Ruby on Rails 4---A Test-Driven Approach,TRUE,100,1518,55,122,Beginner Level,19 hours,2015-02-17T20:34:13Z,Web Development,151800,17-02-2015,20:34:13Z,2015,2,17
955138,AJAX :basics for beginners,TRUE,35,1241,23,9,All Levels,34 mins,2016-09-10T20:59:38Z,Web Development,43435,10-09-2016,20:59:38Z,2016,9,10
1085064,Let's JavaScript!  Code a calculator,TRUE,35,380,10,30,Beginner Level,2 hours,2017-02-23T05:36:41Z,Web Development,13300,23-02-2017,05:36:41Z,2017,2,23
1038786,JavaScript from Beginner to Advanced,TRUE,195,395,18,57,All Levels,17 hours,2016-12-20T21:32:57Z,Web Development,77025,20-12-2016,21:32:57Z,2016,12,20
512000,WordPress Theme Academy with Bootstrap,TRUE,20,1169,110,64,Intermediate Level,7.5 hours,2015-09-10T00:48:11Z,Web Development,23380,10-09-2015,00:48:11Z,2015,9,10
1148412,Building a eCommerce Startup in 4 Hours [Livestream],TRUE,50,1114,8,23,Beginner Level,3 hours,2017-04-11T00:40:01Z,Web Development,55700,11-04-2017,00:40:01Z,2017,4,11
1254172,Responsive PHP Registration Form: From Scratch,TRUE,95,5738,9,35,All Levels,4 hours,2017-06-28T23:35:31Z,Web Development,545110,28-06-2017,23:35:31Z,2017,6,28
1105778,A-Frame WebVR Programming Tutorial Series (Virtual Reality),TRUE,40,6648,16,22,Beginner Level,1.5 hours,2017-05-24T05:25:53Z,Web Development,265920,24-05-2017,05:25:53Z,2017,5,24
1240522,Learn Bootstrap And Make Responsive Websites,TRUE,25,1605,10,32,All Levels,3.5 hours,2017-06-11T19:03:19Z,Web Development,40125,11-06-2017,19:03:19Z,2017,6,11
903526,HTML Web Development Crash Course,TRUE,20,4848,33,17,Beginner Level,1.5 hours,2016-08-02T21:33:39Z,Web Development,96960,02-08-2016,21:33:39Z,2016,8,2
53256,Bootstrap Basics: Program Responsive Websites,TRUE,75,4743,393,28,All Levels,3 hours,2013-08-09T13:02:39Z,Web Development,355725,09-08-2013,13:02:39Z,2013,8,9
1030440,Projects with JSON and APIs,TRUE,20,1520,34,23,All Levels,2 hours,2017-02-18T18:11:07Z,Web Development,30400,18-02-2017,18:11:07Z,2017,2,18
947498,Web Design HTML CSS How to Create a Website from Scratch,TRUE,50,3601,28,22,Beginner Level,2 hours,2016-09-03T05:21:37Z,Web Development,180050,03-09-2016,05:21:37Z,2016,9,3
761768,"Create Complete Sign up System using PHP, jQuery and Ajax",TRUE,200,4033,40,25,All Levels,3 hours,2016-02-15T00:41:18Z,Web Development,806600,15-02-2016,00:41:18Z,2016,2,15
173134,Adobe Flash for Beginners - Build Flash Website From Scratch,TRUE,200,17071,17,15,All Levels,1.5 hours,2014-03-01T08:48:55Z,Web Development,3414200,01-03-2014,08:48:55Z,2014,3,1
881210,Learn Complete WordPress for Building a Professional Sites,TRUE,80,13708,92,62,All Levels,9 hours,2016-06-23T23:38:02Z,Web Development,1096640,23-06-2016,23:38:02Z,2016,6,23
1140232,Devtools 2017: Beginner to Expert w/ Chrome Developer Tools,TRUE,125,430,54,39,All Levels,2.5 hours,2017-04-04T21:05:51Z,Web Development,53750,04-04-2017,21:05:51Z,2017,4,4
767656,Bootstrap Essential Training - Create Your Very Own Website,TRUE,20,2643,34,83,All Levels,9 hours,2016-02-19T18:17:05Z,Web Development,52860,19-02-2016,18:17:05Z,2016,2,19
671960,Angular 2 Jump Start With Typescript,TRUE,20,1731,90,74,All Levels,4 hours,2015-12-08T14:37:37Z,Web Development,34620,08-12-2015,14:37:37Z,2015,12,8
686764,Learn Plugin Development in WordPress By Building  Projects,TRUE,60,1313,121,62,All Levels,11 hours,2016-01-11T18:19:15Z,Web Development,78780,11-01-2016,18:19:15Z,2016,1,11
862478,"Build Your Startup with No Coding (Design, Develop & Ship)",TRUE,30,775,245,82,All Levels,8 hours,2016-06-03T00:16:34Z,Web Development,23250,03-06-2016,00:16:34Z,2016,6,3
834600,The Web Developers Guide: Learn HTML & CSS Fundamentals,TRUE,20,2243,27,97,All Levels,7 hours,2016-05-01T18:46:29Z,Web Development,44860,01-05-2016,18:46:29Z,2016,5,1
690788,Learn PHP Programming for Absolute Beginners - Lite,TRUE,20,2749,62,7,All Levels,41 mins,2015-12-15T20:46:34Z,Web Development,54980,15-12-2015,20:46:34Z,2015,12,15
854756,Learn Drupal 8 - With a Live Project,TRUE,55,2012,15,59,All Levels,3.5 hours,2017-03-17T00:11:02Z,Web Development,110660,17-03-2017,00:11:02Z,2017,3,17
1023668,Supreme NodeJS Course - For Beginners,TRUE,200,1080,37,76,All Levels,3.5 hours,2016-11-29T19:03:48Z,Web Development,216000,29-11-2016,19:03:48Z,2016,11,29
482404,CSS3 for beginners,TRUE,195,3831,15,25,Beginner Level,1.5 hours,2015-04-23T17:43:44Z,Web Development,747045,23-04-2015,17:43:44Z,2015,4,23
624578,Javascript for beginners,TRUE,75,2071,57,14,Beginner Level,1.5 hours,2015-10-01T17:14:38Z,Web Development,155325,01-10-2015,17:14:38Z,2015,10,1
753940,Become a Bootstrap Expert: Build 20 Layouts!,TRUE,35,2755,57,179,All Levels,17.5 hours,2016-02-08T00:54:34Z,Web Development,96425,08-02-2016,00:54:34Z,2016,2,8
862428,PHP : Learn to upload files to Amazon S3 and use CloudFront,TRUE,50,1216,36,28,All Levels,3 hours,2016-06-15T22:08:40Z,Web Development,60800,15-06-2016,22:08:40Z,2016,6,15
739770,PHP MySQL: Learn PHP MySQL with Project,TRUE,20,2314,77,25,All Levels,2 hours,2016-04-21T02:06:22Z,Web Development,46280,21-04-2016,02:06:22Z,2016,4,21
599532,How to Set Up a Self-Hosted Wordpress Website in 30 Minutes,FALSE,0,8770,261,13,Beginner Level,32 mins,2015-09-20T23:05:59Z,Web Development,0,20-09-2015,23:05:59Z,2015,9,20
270808,Projects in Django and Python,TRUE,60,1764,53,28,All Levels,6.5 hours,2014-10-21T07:58:07Z,Web Development,105840,21-10-2014,07:58:07Z,2014,10,21
106156,"Create, Update and Manage Your Own Website Using Drupal 7",TRUE,120,2837,68,49,All Levels,7 hours,2013-10-16T21:22:35Z,Web Development,340440,16-10-2013,21:22:35Z,2013,10,16
589342,Learn HTML - The programming language to build a webpage!,TRUE,25,1655,39,19,Beginner Level,1 hour,2016-01-17T18:25:23Z,Web Development,41375,17-01-2016,18:25:23Z,2016,1,17
37684,Learn To Program JavaScript (in ten easy steps),TRUE,75,2721,96,44,Beginner Level,5.5 hours,2013-05-20T09:36:54Z,Web Development,204075,20-05-2013,09:36:54Z,2013,5,20
964118,Bootstrap :basics for beginners,TRUE,40,1152,20,14,All Levels,1 hour,2016-09-21T14:49:10Z,Web Development,46080,21-09-2016,14:49:10Z,2016,9,21
212374,Introduction to CSS Development,FALSE,0,15493,415,25,Beginner Level,2 hours,2014-08-18T23:33:20Z,Web Development,0,18-08-2014,23:33:20Z,2014,8,18
970252,PHP :basics for beginners,TRUE,45,1562,4,12,All Levels,1.5 hours,2016-09-28T15:29:17Z,Web Development,70290,28-09-2016,15:29:17Z,2016,9,28
465870,Beginning Oracle WebLogic for Administrators,FALSE,0,9786,989,7,Beginner Level,42 mins,2015-04-15T18:28:50Z,Web Development,0,15-04-2015,18:28:50Z,2015,4,15
442504,Build an HTML5 and CSS3 Website in 35 Minutes,TRUE,20,1904,25,17,Beginner Level,42 mins,2015-03-10T21:52:42Z,Web Development,38080,10-03-2015,21:52:42Z,2015,3,10
1121650,Angular 2 Routing: Up And Running,FALSE,0,3357,84,13,Intermediate Level,37 mins,2017-02-21T23:34:56Z,Web Development,0,21-02-2017,23:34:56Z,2017,2,21
737758,Advanced Prezi: Make Amazing Presentations ,TRUE,30,2200,25,12,All Levels,1 hour,2016-01-24T20:47:28Z,Web Development,66000,24-01-2016,20:47:28Z,2016,1,24
72262,1 hour jQuery,TRUE,100,5456,133,25,Beginner Level,1 hour,2013-08-03T14:20:52Z,Web Development,545600,03-08-2013,14:20:52Z,2013,8,3
443746,The WpFASTER WordPress Speed Optimization Master Course,TRUE,175,2134,215,55,All Levels,7 hours,2015-04-13T20:49:19Z,Web Development,373450,13-04-2015,20:49:19Z,2015,4,13
416282,How to Build Your Own Website with WordPress: A Step-by-Step Guide ,TRUE,95,4675,15,56,All Levels,6 hours,2015-03-05T01:18:27Z,Web Development,444125,05-03-2015,01:18:27Z,2015,3,5
645714,Build Apps with ReactJS: The Complete Course,TRUE,40,1433,145,34,All Levels,5.5 hours,2015-10-22T21:07:29Z,Web Development,57320,22-10-2015,21:07:29Z,2015,10,22
929260,Learn SASS: from beginner to expert,TRUE,20,1734,9,13,Beginner Level,1 hour,2016-09-14T17:34:55Z,Web Development,34680,14-09-2016,17:34:55Z,2016,9,14
683394,The complete HTML5 course,TRUE,20,3461,11,23,Beginner Level,1.5 hours,2015-12-02T18:47:34Z,Web Development,69220,02-12-2015,18:47:34Z,2015,12,2
311916,Create a Responsive Website with Bootstrap 3,TRUE,50,4076,39,22,Intermediate Level,3 hours,2014-10-28T02:25:42Z,Web Development,203800,28-10-2014,02:25:42Z,2014,10,28
1009166,Lerning PHP by building website,TRUE,185,567,63,34,All Levels,8 hours,2016-11-17T16:20:05Z,Web Development,104895,17-11-2016,16:20:05Z,2016,11,17
947116,Learn PHP Object Oriented Features with Simple Examples,TRUE,20,1723,28,7,All Levels,1 hour,2016-10-05T13:47:13Z,Web Development,34460,05-10-2016,13:47:13Z,2016,10,5
835712,Crash Course - Learn to Create a PHP MVC Framework,TRUE,50,1282,117,12,All Levels,1 hour,2016-05-01T18:04:29Z,Web Development,64100,01-05-2016,18:04:29Z,2016,5,1
954036,JSON :basics for beginners,TRUE,45,2052,18,8,All Levels,33 mins,2016-09-09T16:42:59Z,Web Development,92340,09-09-2016,16:42:59Z,2016,9,9
745120,CSSCasts; CSS libraries Plugins Tips & Tricks for Developers,TRUE,200,1874,40,224,All Levels,44.5 hours,2016-03-16T21:09:10Z,Web Development,374800,16-03-2016,21:09:10Z,2016,3,16
797040,Complete Guide to Front-End Web Development and Design,TRUE,200,1119,111,204,Beginner Level,16.5 hours,2016-05-23T17:32:24Z,Web Development,223800,23-05-2016,17:32:24Z,2016,5,23
795278,"Build Ajax Web Apps with Laravel 5.2, Bootstrap and jQuery",TRUE,100,1023,131,44,All Levels,5 hours,2016-03-22T17:14:41Z,Web Development,102300,22-03-2016,17:14:41Z,2016,3,22
8324,Javascript for Beginners,TRUE,20,3697,195,48,All Levels,3 hours,2011-07-09T05:43:31Z,Web Development,73940,09-07-2011,05:43:31Z,2011,7,9
756914,MongooseJS Essentials - Learn MongoDB for Node.js,FALSE,0,21682,1106,8,Beginner Level,44 mins,2016-03-12T16:04:28Z,Web Development,0,12-03-2016,16:04:28Z,2016,3,12
405840,Regular Expressions for Beginners - Universal,TRUE,100,1975,141,36,All Levels,3 hours,2017-01-20T00:54:56Z,Web Development,197500,20-01-2017,00:54:56Z,2017,1,20
899534,Learn Redis from Scratch,TRUE,40,553,84,31,Intermediate Level,3 hours,2016-07-13T16:39:02Z,Web Development,22120,13-07-2016,16:39:02Z,2016,7,13
570848,WordPress Plugin Development -> Deep dive discovery!,TRUE,40,2650,19,39,All Levels,2 hours,2015-11-05T22:16:20Z,Web Development,106000,05-11-2015,22:16:20Z,2015,11,5
714678,Learn Ajax and jquery with PHP,TRUE,20,2964,8,9,Beginner Level,1.5 hours,2016-01-07T17:31:41Z,Web Development,59280,07-01-2016,17:31:41Z,2016,1,7
791610,Create a business website with WordPress,TRUE,50,1624,31,38,All Levels,4 hours,2016-03-14T22:22:28Z,Web Development,81200,14-03-2016,22:22:28Z,2016,3,14
631472,DesktopServer : Install WordPress Locally  - Work Anywhere!,TRUE,65,1640,22,29,Beginner Level,2 hours,2015-11-01T22:03:29Z,Web Development,106600,01-11-2015,22:03:29Z,2015,11,1
856530,Understand PHP Arrays and HTTP Request in a Better Way,TRUE,35,1627,38,7,All Levels,35 mins,2016-05-23T17:05:27Z,Web Development,56945,23-05-2016,17:05:27Z,2016,5,23
530092,Mastering CSS,TRUE,95,1815,249,42,Expert Level,5 hours,2015-06-17T21:54:47Z,Web Development,172425,17-06-2015,21:54:47Z,2015,6,17
1211160,The Complete Wordpress Theme Development Guide,TRUE,25,1011,2,19,Beginner Level,2 hours,2017-05-19T05:52:32Z,Web Development,25275,19-05-2017,05:52:32Z,2017,5,19
977470,The Complete HMTL5 Course - Go From Beginner To Advanced!,TRUE,95,2430,15,36,All Levels,2 hours,2016-10-13T21:24:51Z,Web Development,230850,13-10-2016,21:24:51Z,2016,10,13
504316,Learn Jquery from Scratch 2-Hour Training ,TRUE,20,5318,56,13,Beginner Level,1.5 hours,2015-07-16T00:40:57Z,Web Development,106360,16-07-2015,00:40:57Z,2015,7,16
389018,How to Create a Wordpress Website from Scratch - No Coding,TRUE,20,7018,28,38,All Levels,3 hours,2015-07-30T18:16:29Z,Web Development,140360,30-07-2015,18:16:29Z,2015,7,30
937206,Learn PHP CodeIgniter Framework with AJAX and Bootstrap,TRUE,75,1634,52,21,All Levels,2.5 hours,2016-09-13T16:14:43Z,Web Development,122550,13-09-2016,16:14:43Z,2016,9,13
739090,The Complete Guide to JavaScript Development,TRUE,110,3590,36,104,All Levels,14 hours,2016-01-25T04:46:37Z,Web Development,394900,25-01-2016,04:46:37Z,2016,1,25
720144,Basic HTML CSS and Web Design,TRUE,30,4030,92,46,Beginner Level,9 hours,2016-02-19T18:10:13Z,Web Development,120900,19-02-2016,18:10:13Z,2016,2,19
365816,Build Professional WordPress Website,TRUE,145,4020,95,52,All Levels,3.5 hours,2015-01-14T09:02:00Z,Web Development,582900,14-01-2015,09:02:00Z,2015,1,14
977474,Ultimate CSS3 Course - From Beginners To Professional,TRUE,95,2635,25,30,All Levels,2 hours,2016-10-13T22:36:36Z,Web Development,250325,13-10-2016,22:36:36Z,2016,10,13
481696,Code & Grow Rich:  Earn More As An Entrepreneur Or Developer,TRUE,200,7211,52,491,All Levels,57 hours,2016-02-10T01:09:19Z,Web Development,1442200,10-02-2016,01:09:19Z,2016,2,10
978850,Learn by Example : ReactJS,TRUE,50,1496,37,74,Beginner Level,7.5 hours,2016-12-27T19:39:12Z,Web Development,74800,27-12-2016,19:39:12Z,2016,12,27
825354,React.js Quickly: Developing Scalable Web User Interfaces,TRUE,50,4447,76,24,Intermediate Level,4 hours,2016-04-19T17:27:00Z,Web Development,222350,19-04-2016,17:27:00Z,2016,4,19
822670,JavaScript - Tricks and Workarounds,TRUE,100,1410,134,67,All Levels,5 hours,2016-04-15T18:47:45Z,Web Development,141000,15-04-2016,18:47:45Z,2016,4,15
65492,Kids Coding - Beginner HTML,TRUE,20,6628,53,19,Beginner Level,1 hour,2013-07-19T20:44:50Z,Web Development,132560,19-07-2013,20:44:50Z,2013,7,19
1051672,Learn PHP from scratch!!,TRUE,25,1908,12,17,Beginner Level,1.5 hours,2017-04-28T13:57:56Z,Web Development,47700,28-04-2017,13:57:56Z,2017,4,28
688968,PHP with PDO - ULTIMATE Crash Course,TRUE,50,1248,171,18,All Levels,1.5 hours,2015-12-06T23:01:34Z,Web Development,62400,06-12-2015,23:01:34Z,2015,12,6
495484,JavaScript for beginners with live examples,TRUE,195,4587,46,49,Beginner Level,4 hours,2015-09-29T21:41:16Z,Web Development,894465,29-09-2015,21:41:16Z,2015,9,29
398456,Bootstrap 3 Introduction : Create RESPONSIVE Websites Fast,TRUE,50,2351,302,16,All Levels,2.5 hours,2015-01-21T04:02:16Z,Web Development,117550,21-01-2015,04:02:16Z,2015,1,21
615084,Laravel(5.2) PHP Framework  Jump Start for beginners,TRUE,20,3898,95,32,Beginner Level,3 hours,2015-12-29T18:54:13Z,Web Development,77960,29-12-2015,18:54:13Z,2015,12,29
492818,Professional WordPress Theme Development For 2017,TRUE,20,3185,102,94,All Levels,8 hours,2015-05-08T19:10:30Z,Web Development,63700,08-05-2015,19:10:30Z,2015,5,8
1055322,Learn Laravel PHP Framework Building Multi User SEO Blog APP,TRUE,100,557,92,133,All Levels,9.5 hours,2017-01-04T23:51:26Z,Web Development,55700,04-01-2017,23:51:26Z,2017,1,4
1112604,Javascript Specialist,TRUE,200,408,39,80,Beginner Level,8 hours,2017-02-23T00:54:07Z,Web Development,81600,23-02-2017,00:54:07Z,2017,2,23
424864,Write PHP Like a Pro: Build a PHP MVC Framework From Scratch,TRUE,70,1703,435,65,All Levels,3 hours,2016-02-04T22:36:17Z,Web Development,119210,04-02-2016,22:36:17Z,2016,2,4
516062,JavaScript Intro to learning JavaScript web programming,TRUE,20,17554,94,16,Beginner Level,1.5 hours,2015-06-01T20:44:42Z,Web Development,351080,01-06-2015,20:44:42Z,2015,6,1
92760,Crash Course: Fundamentals Of HTML & CSS From Scratch.,TRUE,20,7368,216,52,Beginner Level,2 hours,2013-09-20T19:48:56Z,Web Development,147360,20-09-2013,19:48:56Z,2013,9,20
1064104,"Laravel, the complete guide with real world projects",TRUE,200,676,119,125,All Levels,14 hours,2017-02-03T16:28:48Z,Web Development,135200,03-02-2017,16:28:48Z,2017,2,3
900434,VueJS V1 Introduction to VueJS JavaScript Framework,TRUE,200,3632,28,31,Beginner Level,2 hours,2016-07-26T16:53:56Z,Web Development,726400,26-07-2016,16:53:56Z,2016,7,26
609992,HTML CSS: Essential steps to learn HTML CSS,TRUE,145,10576,154,23,Beginner Level,2.5 hours,2015-11-11T22:43:15Z,Web Development,1533520,11-11-2015,22:43:15Z,2015,11,11
77642,Learn HTML 5 in 1 hour,TRUE,100,11643,169,21,Beginner Level,1 hour,2013-08-12T23:26:32Z,Web Development,1164300,12-08-2013,23:26:32Z,2013,8,12
269006,Learn Html5 & CSS3 from scratch,TRUE,20,13960,239,19,All Levels,2.5 hours,2014-07-26T22:24:03Z,Web Development,279200,26-07-2014,22:24:03Z,2014,7,26
151956,Responsive Web Design: Made Easy,TRUE,195,5085,106,27,All Levels,6.5 hours,2014-02-13T08:32:31Z,Web Development,991575,13-02-2014,08:32:31Z,2014,2,13
908996,Parse Server: From Front End to Full Stack,TRUE,200,1130,162,66,Intermediate Level,6 hours,2016-07-29T00:54:17Z,Web Development,226000,29-07-2016,00:54:17Z,2016,7,29
269638,Codeigniter: How to use Codeigniter that drives knowledge,TRUE,150,14606,235,21,All Levels,3 hours,2014-07-29T21:39:04Z,Web Development,2190900,29-07-2014,21:39:04Z,2014,7,29
452684,jQuery for Beginners - Create Website Animations Easily,TRUE,100,2971,285,28,All Levels,3 hours,2015-03-24T00:40:39Z,Web Development,297100,24-03-2015,00:40:39Z,2015,3,24
844458,How to Build Chat Bots: From Beginner to Intermediate,TRUE,140,2814,107,35,All Levels,2 hours,2016-10-03T21:00:58Z,Web Development,393960,03-10-2016,21:00:58Z,2016,10,3
403604,Web Development with BootStrap - 16 Instant Themes Included!,TRUE,40,1355,45,27,All Levels,3.5 hours,2015-07-14T20:32:14Z,Web Development,54200,14-07-2015,20:32:14Z,2015,7,14
549094,Install a Wordpress Theme the Correct Way & Charge Others,TRUE,20,2335,13,18,All Levels,1 hour,2015-09-20T18:51:51Z,Web Development,46700,20-09-2015,18:51:51Z,2015,9,20
59014,Coding for Entrepreneurs Basic,FALSE,0,161029,279,27,Beginner Level,3.5 hours,2013-06-09T15:51:55Z,Web Development,0,09-06-2013,15:51:55Z,2013,6,9
45941,The CSS and CSS3 Crash Course,TRUE,150,2051,99,76,All Levels,13 hours,2013-03-15T16:13:42Z,Web Development,307650,15-03-2013,16:13:42Z,2013,3,15
851868,Build a Business or Personal Website Using Wordpress,TRUE,200,1069,12,61,Beginner Level,4.5 hours,2016-07-25T17:34:51Z,Web Development,213800,25-07-2016,17:34:51Z,2016,7,25
814206,Learn By Example: PHP For Dynamic Websites,TRUE,50,1439,10,77,Beginner Level,13 hours,2016-04-06T19:52:40Z,Web Development,71950,06-04-2016,19:52:40Z,2016,4,6
590406,Learn ReactJS: Code Like A Facebook Developer,TRUE,20,1948,72,45,Intermediate Level,5 hours,2015-08-24T20:31:54Z,Web Development,38960,24-08-2015,20:31:54Z,2015,8,24
680180,Learn to Build Web Apps using D3JS,TRUE,40,841,99,29,All Levels,3.5 hours,2015-12-01T23:08:23Z,Web Development,33640,01-12-2015,23:08:23Z,2015,12,1
899492,How to create awesome website and e-commerce in 1 hour,TRUE,20,937,4,10,All Levels,1 hour,2016-07-18T16:56:23Z,Web Development,18740,18-07-2016,16:56:23Z,2016,7,18
1056848,Joomla for Beginners - Learn how to build a website with CMS,TRUE,95,583,7,35,Beginner Level,3.5 hours,2017-01-23T22:41:08Z,Web Development,55385,23-01-2017,22:41:08Z,2017,1,23
846412,Learning Drupal 8,TRUE,50,577,97,101,All Levels,9.5 hours,2016-05-11T21:05:20Z,Web Development,28850,11-05-2016,21:05:20Z,2016,5,11
336938,Learn How To Build a Web Application Without Coding,FALSE,0,9364,311,10,Beginner Level,32 mins,2015-03-04T21:44:18Z,Web Development,0,04-03-2015,21:44:18Z,2015,3,4
375136,Rock Solid Wordpress Security - Secure Web Development,FALSE,0,5052,92,23,All Levels,1.5 hours,2014-12-28T01:13:28Z,Web Development,0,28-12-2014,01:13:28Z,2014,12,28
602218,Mastering JavaScript,TRUE,95,694,39,39,Expert Level,4 hours,2015-09-04T20:18:51Z,Web Development,65930,04-09-2015,20:18:51Z,2015,9,4
1022682,PHP Laravel 5:Creating a CRUD application,TRUE,45,511,12,7,All Levels,33 mins,2016-11-28T17:44:21Z,Web Development,22995,28-11-2016,17:44:21Z,2016,11,28
968304,XQUERY :basics for beginners,TRUE,40,937,2,6,All Levels,38 mins,2016-09-27T15:26:05Z,Web Development,37480,27-09-2016,15:26:05Z,2016,9,27
180547,PHP Development with the Laravel Framework,TRUE,50,1611,24,20,All Levels,3.5 hours,2014-03-11T20:40:48Z,Web Development,80550,11-03-2014,20:40:48Z,2014,3,11
1178762,WordPress Development - Themes and Plugins Complete Guide,TRUE,200,103,11,72,All Levels,5.5 hours,2017-06-30T23:14:31Z,Web Development,20600,30-06-2017,23:14:31Z,2017,6,30
641236,Basic JavaScript: Build 4 Basic JavaScript Projects,TRUE,40,670,33,37,Beginner Level,4.5 hours,2016-02-04T03:55:24Z,Web Development,26800,04-02-2016,03:55:24Z,2016,2,4
130168,HTML and CSS for Beginning Web Developers,TRUE,100,1606,28,73,Beginner Level,9 hours,2013-12-13T18:19:58Z,Web Development,160600,13-12-2013,18:19:58Z,2013,12,13
1002210,Popular JavaScript Framework:Learn The Language Of Angular 2,TRUE,200,260,22,64,Beginner Level,11 hours,2016-11-11T21:27:55Z,Web Development,52000,11-11-2016,21:27:55Z,2016,11,11
1076424,The Ultimate Guide to the Best WordPress Plugins Part 1,TRUE,50,122,10,116,All Levels,10.5 hours,2017-02-16T23:30:02Z,Web Development,6100,16-02-2017,23:30:02Z,2017,2,16
968278,XSLT :basics for beginners,TRUE,35,877,6,7,All Levels,32 mins,2016-09-27T15:14:59Z,Web Development,30695,27-09-2016,15:14:59Z,2016,9,27
50528,The Complete Wordpress Plugin Development Course - 8 Plugins,TRUE,200,1215,58,33,All Levels,2.5 hours,2013-05-29T15:09:48Z,Web Development,243000,29-05-2013,15:09:48Z,2013,5,29
1075808,JSON Crash Course for Beginners,TRUE,45,3323,90,7,Beginner Level,38 mins,2017-01-17T05:11:14Z,Web Development,149535,17-01-2017,05:11:14Z,2017,1,17
560996,You can create Incredible Websites with HTML CSS learn how,TRUE,100,11892,50,28,All Levels,2.5 hours,2015-09-12T01:35:41Z,Web Development,1189200,12-09-2015,01:35:41Z,2015,9,12
654680,JavaScript Tricks how to create code projects from scratch,TRUE,75,15106,31,16,All Levels,1.5 hours,2015-10-29T23:39:45Z,Web Development,1132950,29-10-2015,23:39:45Z,2015,10,29
975906,The Sass Course! Learn Sass for Real-World Websites,TRUE,95,975,141,18,All Levels,3.5 hours,2016-12-08T16:53:19Z,Web Development,92625,08-12-2016,16:53:19Z,2016,12,8
951060,Web Design How to Create a Website HTML CSS Bootstrap,TRUE,75,5263,29,29,Beginner Level,2 hours,2016-09-12T13:14:13Z,Web Development,394725,12-09-2016,13:14:13Z,2016,9,12
1142202,Master Angular 4 by Example - Build 7 Awesome Apps!,TRUE,195,596,32,84,All Levels,8 hours,2017-05-01T22:06:23Z,Web Development,116220,01-05-2017,22:06:23Z,2017,5,1
159760,Create A Custom Responsive WordPress Website For A Client,TRUE,95,7517,89,47,All Levels,4.5 hours,2014-04-21T11:35:18Z,Web Development,714115,21-04-2014,11:35:18Z,2014,4,21
30243,Mastering HTML5 Programming - The Easier Way,TRUE,75,21653,138,35,All Levels,7 hours,2013-01-07T11:44:35Z,Web Development,1623975,07-01-2013,11:44:35Z,2013,1,7
566910,How to Launch Your Own Website Builder Service,TRUE,20,9028,87,12,Beginner Level,1.5 hours,2015-07-28T20:20:59Z,Web Development,180560,28-07-2015,20:20:59Z,2015,7,28
783158,Getting Started with HTML,TRUE,40,7375,52,17,Beginner Level,1.5 hours,2016-03-07T18:40:52Z,Web Development,295000,07-03-2016,18:40:52Z,2016,3,7
554384,Spring Framework 4 (Java Enterprise JEE) with AngularJS,TRUE,95,5177,318,70,All Levels,13.5 hours,2015-09-21T23:12:59Z,Web Development,491815,21-09-2015,23:12:59Z,2015,9,21
1027812,Build A Weather App With Ajax Using Open Weather Map API,TRUE,20,6548,44,38,All Levels,4 hours,2016-12-01T21:49:26Z,Web Development,130960,01-12-2016,21:49:26Z,2016,12,1
607048,Essentials of JavaScript Practice Coding Exercises Tips,TRUE,80,28125,115,21,Beginner Level,2 hours,2015-09-25T22:30:00Z,Web Development,2250000,25-09-2015,22:30:00Z,2015,9,25
704732,Learn and Earn with HTML & CSS,TRUE,20,9349,206,69,All Levels,4 hours,2016-03-11T20:11:22Z,Web Development,186980,11-03-2016,20:11:22Z,2016,3,11
574876,Get started Creating Websites Everything you need provided,TRUE,100,14260,44,43,Beginner Level,3 hours,2015-09-25T18:13:40Z,Web Development,1426000,25-09-2015,18:13:40Z,2015,9,25
803378,JavaScript in Action JavaScript Projects,TRUE,150,7720,58,17,Beginner Level,1.5 hours,2016-03-29T18:01:39Z,Web Development,1158000,29-03-2016,18:01:39Z,2016,3,29
715516,Modern Web Development with Laravel 5.2 (PHP Framework),TRUE,120,2142,536,71,All Levels,12 hours,2016-01-24T17:33:52Z,Web Development,257040,24-01-2016,17:33:52Z,2016,1,24
101864,Programming for Entrepreneurs - JavaScript,TRUE,200,12873,106,38,Beginner Level,2.5 hours,2013-11-11T00:28:17Z,Web Development,2574600,11-11-2013,00:28:17Z,2013,11,11
682484,Create a Website from Scratch using HTML CSS step by step,TRUE,75,12882,95,20,Beginner Level,1.5 hours,2015-11-27T23:15:24Z,Web Development,966150,27-11-2015,23:15:24Z,2015,11,27
657734,Complete AJAX Course: Learn AJAX Techniques Using Bootstrap,TRUE,195,12368,89,26,All Levels,3.5 hours,2015-11-13T22:03:15Z,Web Development,2411760,13-11-2015,22:03:15Z,2015,11,13
797038,Learn jQuery by Example Course,TRUE,170,8625,94,73,Beginner Level,5 hours,2016-04-23T07:47:40Z,Web Development,1466250,23-04-2016,07:47:40Z,2016,4,23
1099956,Bootstrap 4 Theme Development Masterclass,TRUE,150,2641,28,15,All Levels,39 mins,2017-02-24T02:29:03Z,Web Development,396150,24-02-2017,02:29:03Z,2017,2,24
1211800,Wordpress Theme Development for Beginners,TRUE,20,1052,14,47,All Levels,8 hours,2017-05-17T22:55:23Z,Web Development,21040,17-05-2017,22:55:23Z,2017,5,17
958750,Web Design Creating websites from scratch,TRUE,75,13920,64,28,Beginner Level,2 hours,2016-09-19T22:32:38Z,Web Development,1044000,19-09-2016,22:32:38Z,2016,9,19
515188,HTML Learning the Basics Intro to HTML website coding,TRUE,20,7416,65,14,Beginner Level,39 mins,2015-05-31T21:28:27Z,Web Development,148320,31-05-2015,21:28:27Z,2015,5,31
1172740,Learn how to use Javascript Components with PHP and Symfony,TRUE,90,1822,4,25,All Levels,2 hours,2017-06-05T17:43:55Z,Web Development,163980,05-06-2017,17:43:55Z,2017,6,5
846832,So you think you know JavaScript?,TRUE,50,1010,154,25,All Levels,6 hours,2016-05-12T14:52:32Z,Web Development,50500,12-05-2016,14:52:32Z,2016,5,12
943306,Learn Node.js by building Udemy: Stripe + MailChimp + Wistia,TRUE,110,1425,36,34,All Levels,5.5 hours,2016-09-12T23:42:46Z,Web Development,156750,12-09-2016,23:42:46Z,2016,9,12
11153,Learn jQuery: An In-depth Course For Beginners,TRUE,50,7014,95,62,All Levels,4.5 hours,2011-11-29T01:29:11Z,Web Development,350700,29-11-2011,01:29:11Z,2011,11,29
147908,JavaScript for Beginning Web Developers,TRUE,75,7785,416,33,Beginner Level,4.5 hours,2014-01-16T18:07:39Z,Web Development,583875,16-01-2014,18:07:39Z,2014,1,16
688092,JQuery Create Overlay Popups from scratch using Jquery,TRUE,50,4407,17,29,All Levels,2.5 hours,2015-12-04T17:06:24Z,Web Development,220350,04-12-2015,17:06:24Z,2015,12,4
1047968,Vue JS 2: From Beginner to Professional,TRUE,145,602,93,214,All Levels,15.5 hours,2016-12-28T03:56:24Z,Web Development,87290,28-12-2016,03:56:24Z,2016,12,28
585496,Ultimate AngularJS: Build a Real-World App from Scratch,TRUE,100,1712,438,49,All Levels,5.5 hours,2016-02-08T23:41:51Z,Web Development,171200,08-02-2016,23:41:51Z,2016,2,8
911712,Wordpress Site Migration,TRUE,20,1894,40,35,All Levels,1.5 hours,2016-07-28T02:38:31Z,Web Development,37880,28-07-2016,02:38:31Z,2016,7,28
803074,introduction to HTML Course,TRUE,20,3258,32,16,Beginner Level,2 hours,2016-05-16T15:14:17Z,Web Development,65160,16-05-2016,15:14:17Z,2016,5,16
200742,Create Single Page Website using Twitter Bootstrap 3,TRUE,20,7449,111,13,Intermediate Level,1 hour,2014-04-19T20:10:39Z,Web Development,148980,19-04-2014,20:10:39Z,2014,4,19
1072248,The All-In-One Web Development Course,TRUE,85,538,13,113,All Levels,18.5 hours,2017-04-27T21:06:16Z,Web Development,45730,27-04-2017,21:06:16Z,2017,4,27
143028,Code a Responsive Website Using HTML5 and CSS for Beginners,TRUE,50,1271,136,110,Beginner Level,7.5 hours,2014-01-09T17:51:10Z,Web Development,63550,09-01-2014,17:51:10Z,2014,1,9
173888,AngularJS for the Real World - Learn by creating a WebApp,TRUE,115,1407,137,69,All Levels,7 hours,2015-09-07T17:54:39Z,Web Development,161805,07-09-2015,17:54:39Z,2015,9,7
361620,Wordpress Tutorial   ,TRUE,200,2311,8,44,All Levels,1.5 hours,2014-12-04T19:17:17Z,Web Development,462200,04-12-2014,19:17:17Z,2014,12,4
418386,Create a REAL Social Network like Facebook in PHP + MySQL,TRUE,45,1002,178,174,All Levels,16.5 hours,2016-09-19T15:54:37Z,Web Development,45090,19-09-2016,15:54:37Z,2016,9,19
212398,Advanced Node.js Development,TRUE,55,2565,32,41,Expert Level,3 hours,2014-08-28T03:35:30Z,Web Development,141075,28-08-2014,03:35:30Z,2014,8,28
1097778,ASP.NET MVC 5 Project - Facebook Clone,TRUE,30,210,19,41,All Levels,5 hours,2017-02-09T04:38:46Z,Web Development,6300,09-02-2017,04:38:46Z,2017,2,9
653852,Bootstrap For Beginners: A  Basic Introduction,TRUE,55,1186,14,9,Beginner Level,40 mins,2015-11-13T19:13:51Z,Web Development,65230,13-11-2015,19:13:51Z,2015,11,13
598516,jQuery for Beginners,TRUE,20,1421,17,36,All Levels,4 hours,2015-11-10T21:52:55Z,Web Development,28420,10-11-2015,21:52:55Z,2015,11,10
900794,JavaScript Basics For Web Developers,TRUE,20,958,14,17,Beginner Level,1 hour,2016-07-11T17:30:42Z,Web Development,19160,11-07-2016,17:30:42Z,2016,7,11
564546,Learn PHP from Scratch,TRUE,50,1550,25,27,Beginner Level,1.5 hours,2015-07-26T20:44:15Z,Web Development,77500,26-07-2015,20:44:15Z,2015,7,26
516064,Learn Express,TRUE,25,1309,60,14,Intermediate Level,1.5 hours,2015-06-01T21:34:14Z,Web Development,32725,01-06-2015,21:34:14Z,2015,6,1
1024844,"Build A Web App with VueJS, Spring Framework and MongoDB",TRUE,145,251,32,25,All Levels,3.5 hours,2016-11-30T21:59:37Z,Web Development,36395,30-11-2016,21:59:37Z,2016,11,30
631754,Zend Framework 2: Learn the PHP framework ZF2 from scratch,TRUE,40,723,130,37,All Levels,6.5 hours,2015-11-11T18:55:45Z,Web Development,28920,11-11-2015,18:55:45Z,2015,11,11
142666,Improved SEO with Rich Snippets and MicroData,FALSE,0,11026,228,13,Intermediate Level,1 hour,2014-06-09T10:35:40Z,Web Development,0,09-06-2014,10:35:40Z,2014,6,9
440006,X theme for WordPress: Responsive web design without code!,TRUE,20,1318,81,55,All Levels,7 hours,2015-03-22T22:46:36Z,Web Development,26360,22-03-2015,22:46:36Z,2015,3,22
857270,Become a HTML and CSS Developer - Build a Responsive Site,FALSE,0,3894,91,29,Beginner Level,2 hours,2016-05-26T04:46:39Z,Web Development,0,26-05-2016,04:46:39Z,2016,5,26
370752,How to Make a Wordpress Website 2017,FALSE,0,12293,235,18,All Levels,3 hours,2015-01-14T22:25:58Z,Web Development,0,14-01-2015,22:25:58Z,2015,1,14
651990,Install Wordpress,TRUE,20,1447,35,7,Beginner Level,40 mins,2015-11-06T22:04:41Z,Web Development,28940,06-11-2015,22:04:41Z,2015,11,6
923146,CSS Specialist: Comprehensive CSS Training,TRUE,100,487,31,52,Beginner Level,6 hours,2016-08-08T20:48:38Z,Web Development,48700,08-08-2016,20:48:38Z,2016,8,8
295843,Introduction to Laravel 4,FALSE,0,9110,411,22,All Levels,2.5 hours,2014-09-12T22:52:21Z,Web Development,0,12-09-2014,22:52:21Z,2014,9,12
1170690,Introduction to Elm,FALSE,0,1519,28,20,Intermediate Level,1 hour,2017-05-15T22:50:07Z,Web Development,0,15-05-2017,22:50:07Z,2017,5,15
603408,Learn to Freelance with People Per hour  (URDU),TRUE,20,948,48,8,All Levels,36 mins,2015-09-14T21:25:01Z,Web Development,18960,14-09-2015,21:25:01Z,2015,9,14
578900,Learn Wordpress 4 from Scratch : Create Awesome Websites,TRUE,75,2023,8,25,All Levels,2 hours,2015-08-13T21:02:21Z,Web Development,151725,13-08-2015,21:02:21Z,2015,8,13
997916,Amazon Alexa Development: From Beginner to Intermediate,TRUE,140,1858,110,52,All Levels,2.5 hours,2016-12-03T20:51:00Z,Web Development,260120,03-12-2016,20:51:00Z,2016,12,3
856526,The Build a SAAS App with Flask Course,TRUE,40,2244,365,168,All Levels,10 hours,2016-06-02T19:32:03Z,Web Development,89760,02-06-2016,19:32:03Z,2016,6,2
993146,Learn JSON with JavaScript Objects and APIs in 1 hour,TRUE,95,3619,93,19,Intermediate Level,1 hour,2016-10-26T14:19:40Z,Web Development,343805,26-10-2016,14:19:40Z,2016,10,26
63612,1 Hour JavaScript,TRUE,200,22999,602,18,Beginner Level,1 hour,2013-07-04T15:27:02Z,Web Development,4599800,04-07-2013,15:27:02Z,2013,7,4
745468,Building An E-Commerce Store Using Java Spring Framework,TRUE,95,2743,589,61,All Levels,14.5 hours,2016-02-01T17:27:04Z,Web Development,260585,01-02-2016,17:27:04Z,2016,2,1
986406,Typescript Masterclass & FREE E-Book,TRUE,150,1229,139,108,All Levels,7.5 hours,2016-11-08T22:57:58Z,Web Development,184350,08-11-2016,22:57:58Z,2016,11,8
593544,PHP MVC Framework CodeIgniter Tutorial for Beginners Project,TRUE,100,3701,508,125,All Levels,10.5 hours,2015-08-28T00:29:28Z,Web Development,370100,28-08-2015,00:29:28Z,2015,8,28
1128560,JavaScript - Become Higly Paid Front End Developer,TRUE,105,710,137,49,Beginner Level,3.5 hours,2017-04-17T16:39:08Z,Web Development,74550,17-04-2017,16:39:08Z,2017,4,17
242574,Object Oriented Programming (OOP) in PHP - Build An OOP Site,TRUE,20,6588,721,36,All Levels,2 hours,2014-06-17T07:34:03Z,Web Development,131760,17-06-2014,07:34:03Z,2014,6,17
1109736,Beginners Introduction to Web Development,TRUE,200,7331,55,18,Beginner Level,1.5 hours,2017-02-13T17:40:58Z,Web Development,1466200,13-02-2017,17:40:58Z,2017,2,13
982860,Django + AngularJS for a Powerful Web Application,TRUE,95,4463,59,36,Intermediate Level,5.5 hours,2016-10-13T17:34:00Z,Web Development,423985,13-10-2016,17:34:00Z,2016,10,13
859936,WordPress Academy: Learn WordPress step by step,TRUE,150,1873,360,79,Beginner Level,7.5 hours,2016-07-12T23:10:02Z,Web Development,280950,12-07-2016,23:10:02Z,2016,7,12
532008,Web Development Essential Skills - Complete HTML and CSS,TRUE,95,1388,11,58,All Levels,7 hours,2015-09-29T21:30:21Z,Web Development,131860,29-09-2015,21:30:21Z,2015,9,29
783746,Byte-Sized-Chunks: Closures in Javascript,TRUE,20,1292,2,12,All Levels,2 hours,2016-03-10T19:41:59Z,Web Development,25840,10-03-2016,19:41:59Z,2016,3,10
595818,Laravel Account Activation Project,TRUE,50,1147,19,19,All Levels,2.5 hours,2016-12-07T20:41:15Z,Web Development,57350,07-12-2016,20:41:15Z,2016,12,7
774910,WordPress: Create an Amazing Website With Ease,TRUE,200,1109,13,24,All Levels,2.5 hours,2016-05-03T19:53:12Z,Web Development,221800,03-05-2016,19:53:12Z,2016,5,3
447136,Mastering the Google Chrome Developer Tools,TRUE,20,2002,41,31,All Levels,40 mins,2015-04-21T16:45:07Z,Web Development,40040,21-04-2015,16:45:07Z,2015,4,21
525034,Kali Linux Web App Testing,TRUE,75,876,48,29,All Levels,3 hours,2015-06-11T18:38:08Z,Web Development,65700,11-06-2015,18:38:08Z,2015,6,11
769314,Learn Ruby Programming The Easy Way - Lite,TRUE,20,1186,12,7,All Levels,34 mins,2016-02-21T20:31:57Z,Web Development,23720,21-02-2016,20:31:57Z,2016,2,21
574082,"Web Scraping with Python, Ruby & import. io",TRUE,75,973,50,46,All Levels,4.5 hours,2015-08-09T22:16:41Z,Web Development,72975,09-08-2015,22:16:41Z,2015,8,9
770526,Sending email with PHP: from Basic to Advanced,TRUE,40,379,58,45,All Levels,2 hours,2016-06-10T16:23:33Z,Web Development,15160,10-06-2016,16:23:33Z,2016,6,10
510784,WordPress 2016 for Beginners : Build awesome websites!,TRUE,20,2177,13,43,All Levels,4 hours,2015-07-13T20:39:05Z,Web Development,43540,13-07-2015,20:39:05Z,2015,7,13
551702,Learn to make websites with Google's Material Design Lite,TRUE,20,1063,72,84,All Levels,5.5 hours,2015-07-20T17:23:16Z,Web Development,21260,20-07-2015,17:23:16Z,2015,7,20
311638,Joomla 3 : Develop a Professional Website in 3 Simple Steps!,TRUE,35,1309,74,43,All Levels,5 hours,2015-03-13T18:53:07Z,Web Development,45815,13-03-2015,18:53:07Z,2015,3,13
631128,Complete Python Web Course: Build 8 Python Web Apps,TRUE,110,7489,941,173,All Levels,16 hours,2015-11-08T20:57:35Z,Web Development,823790,08-11-2015,20:57:35Z,2015,11,8
246154,Web Design for Beginners: Real World Coding in HTML & CSS,TRUE,100,9103,1724,58,All Levels,9 hours,2014-09-22T23:58:31Z,Web Development,910300,22-09-2014,23:58:31Z,2014,9,22
967058,Ethereum Developer: Build A Decentralised Blockchain App,TRUE,195,3169,527,38,All Levels,3.5 hours,2016-09-26T17:50:36Z,Web Development,617955,26-09-2016,17:50:36Z,2016,9,26
548278,The Complete Web Development Course -  Build 15 Projects,TRUE,200,7501,1213,384,All Levels,76.5 hours,2015-11-09T22:01:02Z,Web Development,1500200,09-11-2015,22:01:02Z,2015,11,9
1004134,Angular 2 + Rails 5 Bootcamp,TRUE,150,1967,372,60,Intermediate Level,9 hours,2016-11-15T19:00:50Z,Web Development,295050,15-11-2016,19:00:50Z,2016,11,15
1025026,Javascript - From Beginner to Pro-Build real world JS apps,TRUE,195,28694,688,77,Beginner Level,11.5 hours,2016-12-11T21:16:42Z,Web Development,5595330,11-12-2016,21:16:42Z,2016,12,11
1251786,Redux in Angular (2 and 4+),TRUE,70,909,16,13,Intermediate Level,1.5 hours,2017-06-23T00:54:11Z,Web Development,63630,23-06-2017,00:54:11Z,2017,6,23
687466,The complete JavaScript developer: MEAN stack zero-to-hero,TRUE,75,4820,983,53,All Levels,11.5 hours,2015-12-16T00:07:00Z,Web Development,361500,16-12-2015,00:07:00Z,2015,12,16
369662,Running a Web Development Business: The Complete Guide,TRUE,150,24575,525,98,All Levels,19.5 hours,2015-08-26T19:25:06Z,Web Development,3686250,26-08-2015,19:25:06Z,2015,8,26
318638,Projects In JavaScript & JQuery,TRUE,60,9109,620,50,All Levels,9 hours,2014-10-16T09:56:39Z,Web Development,546540,16-10-2014,09:56:39Z,2014,10,16
231176,Learn To Build Beautiful HTML5 And CSS3 Websites In 1 Month,TRUE,50,18818,407,80,All Levels,11 hours,2014-06-03T08:48:34Z,Web Development,940900,03-06-2014,08:48:34Z,2014,6,3
1115348,"Full stack Universal React with Redux, Node js and MongoDB",TRUE,195,1121,174,62,Intermediate Level,5 hours,2017-05-08T21:59:53Z,Web Development,218595,08-05-2017,21:59:53Z,2017,5,8
34882,Creating an MP3 Player with HTML5,TRUE,20,14551,169,14,All Levels,1.5 hours,2013-01-31T13:44:52Z,Web Development,291020,31-01-2013,13:44:52Z,2013,1,31
537008,Be a Bootstrap Developer from scratch,TRUE,100,5800,185,32,Beginner Level,3.5 hours,2015-07-20T20:38:56Z,Web Development,580000,20-07-2015,20:38:56Z,2015,7,20
806020,Create Your First Wordpress Site in Under an Hour,TRUE,20,4867,128,12,Beginner Level,1 hour,2016-03-30T00:41:00Z,Web Development,97340,30-03-2016,00:41:00Z,2016,3,30
1253650,Learn Coding as RF or Telecom Engineer - Build Real Program,TRUE,25,1006,4,8,Beginner Level,2 hours,2017-06-22T16:28:40Z,Web Development,25150,22-06-2017,16:28:40Z,2017,6,22
1023070,Creating FaceBook Design Using Bootstrap - Handson Project,TRUE,80,4616,20,19,All Levels,2 hours,2016-12-06T23:46:15Z,Web Development,369280,06-12-2016,23:46:15Z,2016,12,6
778226,Building HTML5 Canvas projects from scratch,TRUE,100,8968,35,25,Beginner Level,2 hours,2016-03-03T20:36:35Z,Web Development,896800,03-03-2016,20:36:35Z,2016,3,3
1217948,Learn How To Become a Web Developer From Scratch,TRUE,200,7062,72,172,Beginner Level,11 hours,2017-05-28T19:38:52Z,Web Development,1412400,28-05-2017,19:38:52Z,2017,5,28
1027276,"Earn Big Profits With Web Development, Simple and Easy!",TRUE,90,3073,27,13,Beginner Level,1.5 hours,2017-01-18T22:48:53Z,Web Development,276570,18-01-2017,22:48:53Z,2017,1,18
531360,BDD with Ruby on Rails using RSpec 3 and Capybara,TRUE,175,2706,179,103,All Levels,13 hours,2015-08-14T16:48:51Z,Web Development,473550,14-08-2015,16:48:51Z,2015,8,14
958132,Learn By Example: jQuery,TRUE,50,1702,49,78,All Levels,7 hours,2016-09-19T21:27:18Z,Web Development,85100,19-09-2016,21:27:18Z,2016,9,19
368340,Professional Python Web Development Using Flask,TRUE,120,3420,489,102,Beginner Level,14.5 hours,2015-03-04T00:10:36Z,Web Development,410400,04-03-2015,00:10:36Z,2015,3,4
584786,JavaScript HTML CSS Project make a Quiz Tutorial,TRUE,95,7130,39,24,All Levels,2 hours,2015-08-18T18:37:17Z,Web Development,677350,18-08-2015,18:37:17Z,2015,8,18
584522,Voiceover Audio Secrets - Your Way to Top Audio Quality,TRUE,195,918,8,39,Beginner Level,2.5 hours,2015-11-11T18:11:55Z,Web Development,179010,11-11-2015,18:11:55Z,2015,11,11
56259,jQuery UI In Depth,TRUE,25,1520,21,52,All Levels,10.5 hours,2013-07-28T18:48:28Z,Web Development,38000,28-07-2013,18:48:28Z,2013,7,28
402508,Codeless Website Development with Adobe Muse,TRUE,50,461,67,46,All Levels,3.5 hours,2015-02-25T18:29:55Z,Web Development,23050,25-02-2015,18:29:55Z,2015,2,25
1013380,Learn To Build A Google Map App Using Angular 2,TRUE,30,116,12,7,Beginner Level,1 hour,2016-11-21T15:07:46Z,Web Development,3480,21-11-2016,15:07:46Z,2016,11,21
961996,Learn Reactivex From Ground Up,TRUE,40,207,32,32,Intermediate Level,5 hours,2016-09-22T14:56:51Z,Web Development,8280,22-09-2016,14:56:51Z,2016,9,22
551962,Learn HTML in 59 Minutes - Your intro to front-end dev,TRUE,35,333,15,14,Beginner Level,1 hour,2015-07-14T21:37:16Z,Web Development,11655,14-07-2015,21:37:16Z,2015,7,14
520870,WordPress Theme Customization 101 (for beginners),TRUE,40,305,40,9,Beginner Level,2 hours,2015-06-05T19:58:14Z,Web Development,12200,05-06-2015,19:58:14Z,2015,6,5
592352,Supercharging Development With Atom Text Editor,TRUE,20,644,42,28,All Levels,1.5 hours,2015-09-02T18:52:18Z,Web Development,12880,02-09-2015,18:52:18Z,2015,9,2
676554,Master WCF 4.0 From Scratch Using C#,TRUE,50,415,67,53,All Levels,7 hours,2015-11-23T21:05:09Z,Web Development,20750,23-11-2015,21:05:09Z,2015,11,23
19422,Drupal 7 for Beginners,TRUE,35,926,102,37,All Levels,2.5 hours,2012-06-14T18:15:00Z,Web Development,32410,14-06-2012,18:15:00Z,2012,6,14
994362,Critical Web Dev Skills & Tools for the Non-Tech Hustler,FALSE,0,3118,8,33,All Levels,1.5 hours,2016-12-20T22:39:30Z,Web Development,0,20-12-2016,22:39:30Z,2016,12,20
593128,Install WordPress on Computer using XAMPP,FALSE,0,4290,150,15,Beginner Level,37 mins,2015-08-26T23:22:24Z,Web Development,0,26-08-2015,23:22:24Z,2015,8,26
1053406,Java Web Services Part 2,TRUE,20,959,51,74,Intermediate Level,3 hours,2017-01-12T03:10:56Z,Web Development,19180,12-01-2017,03:10:56Z,2017,1,12
580466,Complete PHP Course With Bootstrap3 CMS System & Admin Panel,TRUE,195,55332,1225,144,All Levels,20 hours,2015-09-22T18:14:08Z,Web Development,10789740,22-09-2015,18:14:08Z,2015,9,22
857162,Learn To Create WordPress Themes By Building 10 Projects,TRUE,60,2273,384,91,All Levels,16.5 hours,2016-05-24T21:03:37Z,Web Development,136380,24-05-2016,21:03:37Z,2016,5,24
1107524,The Complete NodeJS Course: Build a Full Business Rating App,TRUE,195,17784,260,61,All Levels,12.5 hours,2017-02-13T17:18:59Z,Web Development,3467880,13-02-2017,17:18:59Z,2017,2,13
653846,Master the MEAN Stack - Learn By Example,TRUE,195,25799,382,42,Intermediate Level,4.5 hours,2016-01-03T23:24:04Z,Web Development,5030805,03-01-2016,23:24:04Z,2016,1,3
1090788,First Web Application with Spring Boot,TRUE,40,2865,95,32,Beginner Level,4 hours,2017-01-27T16:45:13Z,Web Development,114600,27-01-2017,16:45:13Z,2017,1,27
1210652,HTML5 and CSS3: Learn Web Design with HTML + CSS + Bootstrap,TRUE,200,346,28,74,Beginner Level,8.5 hours,2017-06-21T18:15:23Z,Web Development,69200,21-06-2017,18:15:23Z,2017,6,21
306556,Backbone Tutorial: Learn Backbonejs from Scratch,TRUE,90,4957,634,60,All Levels,5.5 hours,2014-10-27T07:29:00Z,Web Development,446130,27-10-2014,07:29:00Z,2014,10,27
420652,AngularJS Custom Directives with Dan Wahlin,TRUE,75,4128,434,61,All Levels,6 hours,2015-02-21T01:54:51Z,Web Development,309600,21-02-2015,01:54:51Z,2015,2,21
866460,Angular 2+ with Typescript - Essential Training,TRUE,195,29348,780,66,Beginner Level,3 hours,2016-11-29T04:08:03Z,Web Development,5722860,29-11-2016,04:08:03Z,2016,11,29
949282,Learn Angular 2 from Beginner to Advanced,TRUE,195,32696,526,67,Beginner Level,10 hours,2016-10-07T00:25:59Z,Web Development,6375720,07-10-2016,00:25:59Z,2016,10,7
994740,Create an eCommerce Wordpress Website 2016 - New Divi Theme!,TRUE,30,3503,123,41,Beginner Level,4 hours,2016-10-27T14:30:01Z,Web Development,105090,27-10-2016,14:30:01Z,2016,10,27
926206,HTML5 and CSS3 : Landing Pages for Entrepreneurs 2016,TRUE,195,2354,16,45,All Levels,4 hours,2016-08-12T15:50:50Z,Web Development,459030,12-08-2016,15:50:50Z,2016,8,12
1075662,Learning Docker and Kubernetes by Lab,TRUE,30,586,54,56,All Levels,5 hours,2017-02-13T23:31:07Z,Web Development,17580,13-02-2017,23:31:07Z,2017,2,13
606756,Projects in ExpressJS - Learn ExpressJs building 10 projects,TRUE,50,1949,149,102,All Levels,15.5 hours,2015-09-15T00:07:28Z,Web Development,97450,15-09-2015,00:07:28Z,2015,9,15
1013314,PHP For Beginners : Learn PHP From Scratch!,TRUE,100,1825,17,58,All Levels,3.5 hours,2016-11-18T21:16:33Z,Web Development,182500,18-11-2016,21:16:33Z,2016,11,18
859422,Bootstrap 4.0 New Features: Build Responsive Website,TRUE,40,2296,28,14,All Levels,1.5 hours,2016-06-16T20:34:50Z,Web Development,91840,16-06-2016,20:34:50Z,2016,6,16
1035923,ASP.NET MVC 5 Project - CMS and Shopping Cart with Paypal,TRUE,30,550,97,70,All Levels,9 hours,2016-12-14T15:35:31Z,Web Development,16500,14-12-2016,15:35:31Z,2016,12,14
1035940,Professional RESTful API Design using Python Flask,TRUE,120,578,25,36,Intermediate Level,4.5 hours,2017-01-11T21:15:25Z,Web Development,69360,11-01-2017,21:15:25Z,2017,1,11
30911,HTML5 APIs For JavaScript - A Course For Web Developers ,TRUE,50,7706,62,45,All Levels,5 hours,2012-11-30T17:33:41Z,Web Development,385300,30-11-2012,17:33:41Z,2012,11,30
1063722,Learn Python Django - A Hands-On Course,TRUE,50,1339,21,18,Beginner Level,2 hours,2017-01-18T21:53:34Z,Web Development,66950,18-01-2017,21:53:34Z,2017,1,18
125806,Comprehensive JavaScript Programming,TRUE,20,6760,84,27,All Levels,3 hours,2013-11-26T23:59:20Z,Web Development,135200,26-11-2013,23:59:20Z,2013,11,26
1101204,Security for your WordPress site,TRUE,85,1096,8,7,Beginner Level,38 mins,2017-02-09T03:23:24Z,Web Development,93160,09-02-2017,03:23:24Z,2017,2,9
76052,Try Django 1.9 | Build a Blog and Learn Python's #1 Library,TRUE,50,7407,172,147,All Levels,20 hours,2014-03-04T07:12:21Z,Web Development,370350,04-03-2014,07:12:21Z,2014,3,4
886614,Accelerated ES6 JavaScript Training,TRUE,110,5811,850,114,Intermediate Level,6 hours,2016-07-12T18:22:37Z,Web Development,639210,12-07-2016,18:22:37Z,2016,7,12
1241254,AWS Serverless APIs & Apps - A Complete Introduction,TRUE,145,2145,166,136,All Levels,8 hours,2017-06-19T22:19:24Z,Web Development,311025,19-06-2017,22:19:24Z,2017,6,19
822444,Python and Django Full Stack Web Developer Bootcamp,TRUE,200,11832,1883,191,All Levels,31.5 hours,2017-02-24T18:40:55Z,Web Development,2366400,24-02-2017,18:40:55Z,2017,2,24
904462,The Complete Elixir and Phoenix Bootcamp,TRUE,50,5279,1375,123,All Levels,14.5 hours,2016-10-27T22:44:29Z,Web Development,263950,27-10-2016,22:44:29Z,2016,10,27
1144726,Build a Real-world App with ASP.NET Core and Angular 2 (4+),TRUE,190,5332,828,160,Intermediate Level,10.5 hours,2017-03-27T21:58:48Z,Web Development,1013080,27-03-2017,21:58:48Z,2017,3,27
970600,REST APIs with Flask and Python,TRUE,110,5151,737,115,Intermediate Level,12.5 hours,2016-11-06T19:00:38Z,Web Development,566610,06-11-2016,19:00:38Z,2016,11,6
756150,Angular 4 (formerly Angular 2) - The Complete Guide,TRUE,190,73783,19649,329,All Levels,22 hours,2016-02-11T07:29:29Z,Web Development,14018770,11-02-2016,07:29:29Z,2016,2,11
80940,Build Websites from Scratch with HTML & CSS,TRUE,145,51257,1955,77,Beginner Level,8 hours,2013-09-25T15:59:09Z,Web Development,7432265,25-09-2013,15:59:09Z,2013,9,25
405282,PHP for Beginners -Become a PHP Master - Project Included,TRUE,200,28880,4316,286,All Levels,30.5 hours,2015-02-14T00:54:08Z,Web Development,5776000,14-02-2015,00:54:08Z,2015,2,14
383204,The Professional Ruby on Rails Developer,TRUE,100,17334,676,96,All Levels,17 hours,2015-02-23T23:18:49Z,Web Development,1733400,23-02-2015,23:18:49Z,2015,2,23
519442,The Complete Ruby on Rails Developer Course,TRUE,195,33677,3809,283,All Levels,31.5 hours,2015-10-23T20:29:25Z,Web Development,6567015,23-10-2015,20:29:25Z,2015,10,23
714724,Docker Technologies for DevOps and Developers,TRUE,30,19210,3137,44,All Levels,3 hours,2016-08-29T19:02:30Z,Web Development,576300,29-08-2016,19:02:30Z,2016,8,29
791414,JavaScript programming: JavaScript for beginners,TRUE,55,2215,223,74,Beginner Level,5 hours,2016-04-13T18:10:18Z,Web Development,121825,13-04-2016,18:10:18Z,2016,4,13
661774,JSON in Action: Build JSON-Based Applications,TRUE,50,1322,171,37,All Levels,3.5 hours,2016-03-11T20:49:14Z,Web Development,66100,11-03-2016,20:49:14Z,2016,3,11
597256,Learn Ruby Programming The Easy Way,TRUE,35,3485,22,19,All Levels,2 hours,2015-09-15T19:07:14Z,Web Development,121975,15-09-2015,19:07:14Z,2015,9,15
380582,Learn OAuth 2.0 - Get started as an API Security Expert,TRUE,95,2185,283,45,All Levels,3.5 hours,2015-07-20T22:38:11Z,Web Development,207575,20-07-2015,22:38:11Z,2015,7,20
572268,AngularJS For .Net Developers From Scratch,TRUE,50,2494,303,40,Intermediate Level,4.5 hours,2016-03-09T20:03:42Z,Web Development,124700,09-03-2016,20:03:42Z,2016,3,9
704582,"Jekyll: make fast, secure static sites and blogs with Jekyll",TRUE,45,2091,86,29,Beginner Level,2.5 hours,2016-02-18T17:30:13Z,Web Development,94095,18-02-2016,17:30:13Z,2016,2,18
981600,HTML and CSS BootCamp for Beginners,TRUE,30,1777,35,48,Beginner Level,6.5 hours,2017-01-20T22:20:41Z,Web Development,53310,20-01-2017,22:20:41Z,2017,1,20
537282,Hosting Django: Amazon Web Services (AWS) Fundamentals,TRUE,45,2573,103,46,All Levels,5.5 hours,2015-10-19T21:30:02Z,Web Development,115785,19-10-2015,21:30:02Z,2015,10,19
1204590,Angular Advanced MasterClass & FREE E-Book,TRUE,150,228,9,72,Intermediate Level,6.5 hours,2017-07-03T21:59:45Z,Web Development,34200,03-07-2017,21:59:45Z,2017,7,3
128946,Learn Responsive Web Development from Scratch,FALSE,0,59639,2692,24,All Levels,4.5 hours,2013-12-09T12:16:40Z,Web Development,0,09-12-2013,12:16:40Z,2013,12,9
895040,Build WordPress Plugin to extend Beaver Builder,TRUE,50,1705,26,17,Intermediate Level,2 hours,2016-07-04T23:13:45Z,Web Development,85250,04-07-2016,23:13:45Z,2016,7,4
955194,Coding Made Easy: A Beginners Guide To JavaScript,TRUE,40,1950,33,16,Beginner Level,1 hour,2016-09-18T21:58:41Z,Web Development,78000,18-09-2016,21:58:41Z,2016,9,18
1000574,The Complete Developers Guide to MongoDB,TRUE,150,10945,1286,129,All Levels,13.5 hours,2016-11-15T01:25:44Z,Web Development,1641750,15-11-2016,01:25:44Z,2016,11,15
1200530,Electron for Desktop Apps: The Complete Developer's Guide,TRUE,50,2606,241,77,Beginner Level,8 hours,2017-05-16T19:43:44Z,Web Development,130300,16-05-2017,19:43:44Z,2017,5,16
995016,Vue JS 2 - The Complete Guide (incl. Vue Router & Vuex),TRUE,190,17671,4675,329,All Levels,18 hours,2016-11-08T18:55:21Z,Web Development,3357490,08-11-2016,18:55:21Z,2016,11,8
1208638,"React JS, Angular & Vue JS - Quickstart & Comparison",TRUE,160,2273,288,142,Beginner Level,8 hours,2017-05-09T20:37:25Z,Web Development,363680,09-05-2017,20:37:25Z,2017,5,9
851712,The Complete JavaScript Course: Build a Real-World Project,TRUE,195,27801,4340,113,All Levels,17.5 hours,2016-10-14T22:52:23Z,Web Development,5421195,14-10-2016,22:52:23Z,2016,10,14
833442,Angular (Angular 2 or 4) & NodeJS - The MEAN Stack Guide,TRUE,150,17297,3166,111,All Levels,8.5 hours,2016-05-02T23:09:15Z,Web Development,2594550,02-05-2016,23:09:15Z,2016,5,2
719002,Angular 2 with TypeScript for Beginners: The Pragmatic Guide,TRUE,150,40070,8341,194,All Levels,9.5 hours,2016-03-03T20:17:59Z,Web Development,6010500,03-03-2016,20:17:59Z,2016,3,3
832862,Meteor and React for Realtime Apps,TRUE,140,6527,1384,111,All Levels,9 hours,2016-05-23T16:51:48Z,Web Development,913780,23-05-2016,16:51:48Z,2016,5,23
625204,The Web Developer Bootcamp,TRUE,200,121584,27445,342,All Levels,43 hours,2015-11-02T21:13:27Z,Web Development,24316800,02-11-2015,21:13:27Z,2015,11,2
164554,AngularJS JumpStart with Dan Wahlin,TRUE,75,17802,2144,113,All Levels,10 hours,2014-03-24T17:31:15Z,Web Development,1335150,24-03-2014,17:31:15Z,2014,3,24
764164,The Complete Web Developer Course 2.0,TRUE,200,114512,22412,304,All Levels,30.5 hours,2016-03-08T22:28:36Z,Web Development,22902400,08-03-2016,22:28:36Z,2016,3,8
446134,Ultimate Web Designer & Developer Course: Build 23 Projects!,TRUE,200,33788,4434,246,All Levels,32.5 hours,2015-08-20T20:55:19Z,Web Development,6757600,20-08-2015,20:55:19Z,2015,8,20
701634,ExpressJS Fundamentals,FALSE,0,21245,914,9,Beginner Level,1 hour,2016-01-11T18:53:48Z,Web Development,0,11-01-2016,18:53:48Z,2016,1,11
866696,REST WCF Service in ASP.NET,FALSE,0,7905,561,5,All Levels,41 mins,2016-06-08T17:28:16Z,Web Development,0,08-06-2016,17:28:16Z,2016,6,8
720356,Projects in Node.js - Learn by Example,TRUE,195,869,99,38,All Levels,5 hours,2016-04-24T18:29:26Z,Web Development,169455,24-04-2016,18:29:26Z,2016,4,24
1107986,Building Data Visualizations with D3 and Angular 2,TRUE,125,293,30,31,Beginner Level,3.5 hours,2017-02-23T14:19:16Z,Web Development,36625,23-02-2017,14:19:16Z,2017,2,23
772618,Learn Object Oriented PHP By Building a Complete Website,FALSE,0,36322,2618,32,All Levels,4.5 hours,2016-03-01T17:38:10Z,Web Development,0,01-03-2016,17:38:10Z,2016,3,1
542254,Web Programming Course : Asp.Net MVC,TRUE,100,2760,76,26,All Levels,3.5 hours,2015-07-13T22:58:32Z,Web Development,276000,13-07-2015,22:58:32Z,2015,7,13
928040,Learn Spring Framework Practically - Hands On Recipies,TRUE,145,522,50,48,All Levels,5.5 hours,2016-08-11T05:58:08Z,Web Development,75690,11-08-2016,05:58:08Z,2016,8,11
369132,One-stop Ruby on Rails: Build Web Applications from Scratch,TRUE,145,1628,162,129,All Levels,18.5 hours,2015-01-13T06:40:32Z,Web Development,236060,13-01-2015,06:40:32Z,2015,1,13
777654,Learn what's new in PHP 7,FALSE,0,12336,271,26,Intermediate Level,3.5 hours,2016-04-04T22:32:13Z,Web Development,0,04-04-2016,22:32:13Z,2016,4,4
1161118,Dive Into Docker: The Docker Course for Developers,FALSE,0,6437,313,22,Beginner Level,1.5 hours,2017-04-14T22:57:32Z,Web Development,0,14-04-2017,22:57:32Z,2017,4,14
267286,"Basic Concepts of Web Development, HTTP and Java Servlets",TRUE,35,2797,59,10,Beginner Level,1 hour,2014-08-27T11:31:44Z,Web Development,97895,27-08-2014,11:31:44Z,2014,8,27
1093608,The Most Comprehensive Web Development Course,TRUE,200,333,22,353,All Levels,42 hours,2017-05-01T22:36:28Z,Web Development,66600,01-05-2017,22:36:28Z,2017,5,1
289230,Learn and Understand AngularJS,TRUE,175,59361,11580,55,All Levels,7 hours,2014-09-24T00:57:25Z,Web Development,10388175,24-09-2014,00:57:25Z,2014,9,24
364426,JavaScript: Understanding the Weird Parts,TRUE,175,79612,16976,85,All Levels,11.5 hours,2015-03-12T23:19:54Z,Web Development,13932100,12-03-2015,23:19:54Z,2015,3,12
1039062,Webpack 2: The Complete Developer's Guide,TRUE,75,8964,1893,56,All Levels,5.5 hours,2017-01-03T20:09:17Z,Web Development,672300,03-01-2017,20:09:17Z,2017,1,3
437398,Build Responsive Real World Websites with HTML5 and CSS3,TRUE,195,43977,7106,77,All Levels,12 hours,2015-03-24T22:06:26Z,Web Development,8575515,24-03-2015,22:06:26Z,2015,3,24
861624,ES6 Javascript: The Complete Developer's Guide,TRUE,80,13010,2709,68,Beginner Level,6.5 hours,2016-07-12T15:29:32Z,Web Development,1040800,12-07-2016,15:29:32Z,2016,7,12
461160,Learn and Understand NodeJS,TRUE,195,58208,11123,98,All Levels,13 hours,2015-08-31T21:07:48Z,Web Development,11350560,31-08-2015,21:07:48Z,2015,8,31
947098,Understanding TypeScript,TRUE,110,9132,1560,137,All Levels,7 hours,2016-09-12T17:33:38Z,Web Development,1004520,12-09-2016,17:33:38Z,2016,9,12
781532,Advanced React and Redux,TRUE,140,21998,3326,119,Intermediate Level,12 hours,2016-03-12T22:13:46Z,Web Development,3079720,12-03-2016,22:13:46Z,2016,3,12
705264,Modern React with Redux,TRUE,180,50815,15117,150,All Levels,26.5 hours,2015-12-28T19:20:21Z,Web Development,9146700,28-12-2015,19:20:21Z,2015,12,28
1145430,Angular Styling & Animations (for Angular 2 and Angular 4),TRUE,120,4138,307,107,Intermediate Level,6 hours,2017-03-28T00:01:39Z,Web Development,496560,28-03-2017,00:01:39Z,2017,3,28
806922,The Complete ASP.NET MVC 5 Course,TRUE,190,20652,6357,138,All Levels,7.5 hours,2016-05-16T17:04:54Z,Web Development,3923880,16-05-2016,17:04:54Z,2016,5,16
1109926,GraphQL with React: The Complete Developers Guide,TRUE,150,6412,987,114,Intermediate Level,13 hours,2017-02-14T22:55:58Z,Web Development,961800,14-02-2017,22:55:58Z,2017,2,14
1134456,"Create a Simple Photo Gallery with Dropzonejs, Slick and PHP",FALSE,0,2464,17,9,All Levels,44 mins,2017-03-07T15:40:37Z,Web Development,0,07-03-2017,15:40:37Z,2017,3,7
552598,WordPress in under an hour - Create/manage your own website!,FALSE,0,6474,86,15,All Levels,1 hour,2015-07-15T00:21:56Z,Web Development,0,15-07-2015,00:21:56Z,2015,7,15
56585,Twitter Bootstrap 2 for Beginners,TRUE,20,2388,139,12,Beginner Level,1 hour,2013-05-29T18:13:10Z,Web Development,47760,29-05-2013,18:13:10Z,2013,5,29
674040,Bootstrap Tutorial - Essentials From Basic to Advanced,TRUE,195,1494,23,62,All Levels,7.5 hours,2015-11-29T22:38:00Z,Web Development,291330,29-11-2015,22:38:00Z,2015,11,29
19260,Create an Engaging Website with Twitter Bootstrap 2.x,TRUE,20,1463,56,24,All Levels,1 hour,2012-06-18T17:06:55Z,Web Development,29260,18-06-2012,17:06:55Z,2012,6,18
944156,Javascript :basics for beginners,TRUE,30,1057,22,12,Beginner Level,37 mins,2016-08-29T17:01:28Z,Web Development,31710,29-08-2016,17:01:28Z,2016,8,29
742712,CSS Tutorial For Beginners: Style Your Wordpress Templates,TRUE,35,1049,22,47,Beginner Level,3.5 hours,2016-01-27T20:44:18Z,Web Development,36715,27-01-2016,20:44:18Z,2016,1,27
1193538,HTML5 And CSS3 - Build Modern Responsive Websites,TRUE,175,109,17,69,All Levels,9.5 hours,2017-06-02T18:58:51Z,Web Development,19075,02-06-2017,18:58:51Z,2017,6,2
228934,PSD to HTML5/CSS3 using Twitter Bootstrap 3! ,TRUE,95,2073,24,16,All Levels,2 hours,2015-02-25T21:35:25Z,Web Development,196935,25-02-2015,21:35:25Z,2015,2,25
65355,Web Development: Make A Website That Will Sell For Thousands,TRUE,50,1116,62,51,All Levels,7.5 hours,2013-09-03T00:08:55Z,Web Development,55800,03-09-2013,00:08:55Z,2013,9,3
814848,WordPress Basics to Business: Share and Sell your Expertise,TRUE,50,1125,10,45,Beginner Level,3.5 hours,2016-04-07T21:06:31Z,Web Development,56250,07-04-2016,21:06:31Z,2016,4,7
1021594,PHP Zend Framework 2:Creating a CRUD Application,TRUE,40,802,6,9,All Levels,38 mins,2016-11-25T01:33:50Z,Web Development,32080,25-11-2016,01:33:50Z,2016,11,25
548068,JavaScript Fundamentals,FALSE,0,4409,71,100,All Levels,5 hours,2016-12-20T15:34:05Z,Web Development,0,20-12-2016,15:34:05Z,2016,12,20
738552,Building a Website With Jekyll,TRUE,20,686,19,21,All Levels,3 hours,2016-01-25T19:07:31Z,Web Development,13720,25-01-2016,19:07:31Z,2016,1,25
128384,Big Data and Apache Hadoop for Developers - Fundamentals,TRUE,30,1154,89,9,Intermediate Level,3 hours,2013-12-10T09:14:57Z,Web Development,34620,10-12-2013,09:14:57Z,2013,12,10
610202,Wordpress Development : Create a Custom Wordpress Website,TRUE,120,885,3,13,All Levels,1.5 hours,2015-09-13T18:32:52Z,Web Development,106200,13-09-2015,18:32:52Z,2015,9,13
856968,How to Make a Wordpress Website 2017,FALSE,0,2437,137,10,Beginner Level,34 mins,2016-06-07T00:02:04Z,Web Development,0,07-06-2016,00:02:04Z,2016,6,7
352774,RESTful Services with ASP.NET Web API,TRUE,85,716,59,34,All Levels,2 hours,2014-11-21T10:28:47Z,Web Development,60860,21-11-2014,10:28:47Z,2014,11,21
130694,Web Hosting Fundamentals,TRUE,20,1867,19,8,All Levels,37 mins,2013-12-08T07:15:28Z,Web Development,37340,08-12-2013,07:15:28Z,2013,12,8
1179104,Learning Path: React: Make Stunning React Websites,TRUE,200,91,5,53,Expert Level,6.5 hours,2017-04-18T16:49:41Z,Web Development,18200,18-04-2017,16:49:41Z,2017,4,18
425084,Administering Microsoft SQL Server 2012 Databases - 70-462,TRUE,60,586,65,98,All Levels,5.5 hours,2015-03-23T00:20:29Z,Web Development,35160,23-03-2015,00:20:29Z,2015,3,23
1016650,PHP CodeIgniter:CRUD concepts in MVC,TRUE,40,601,4,6,All Levels,35 mins,2016-11-27T15:29:59Z,Web Development,24040,27-11-2016,15:29:59Z,2016,11,27
1152012,Adobe Experience Manager CMS Basics,TRUE,35,81,14,33,Beginner Level,1 hour,2017-05-02T16:54:56Z,Web Development,2835,02-05-2017,16:54:56Z,2017,5,2
673196,Introduction to Frontend Web Development For  Beginners,TRUE,145,1018,28,48,Beginner Level,4.5 hours,2016-08-02T16:54:13Z,Web Development,147610,02-08-2016,16:54:13Z,2016,8,2
519952,PHP: Complete Login and Registration System with PHP & MYSQL,TRUE,200,1448,173,48,All Levels,7.5 hours,2015-06-16T20:38:45Z,Web Development,289600,16-06-2015,20:38:45Z,2015,6,16
846156,JavaScript Complete Guide to learning JavaScript,TRUE,200,1296,22,72,Beginner Level,5.5 hours,2016-05-17T17:19:48Z,Web Development,259200,17-05-2016,17:19:48Z,2016,5,17
599504,Advanced Scalable Python Web Development Using Flask,TRUE,120,1299,56,71,Intermediate Level,14 hours,2016-08-11T22:09:24Z,Web Development,155880,11-08-2016,22:09:24Z,2016,8,11
710486,jQuery for Absolute Beginners - Lite,TRUE,20,1769,49,7,All Levels,35 mins,2015-12-30T20:13:46Z,Web Development,35380,30-12-2015,20:13:46Z,2015,12,30
766592,HTML Complete Course - Beginner to Expert,FALSE,0,20073,615,28,All Levels,1.5 hours,2016-02-29T00:15:42Z,Web Development,0,29-02-2016,00:15:42Z,2016,2,29
859446,Cross-Platform Development with ASP.NET Core 1.0 MVC,TRUE,35,601,126,64,All Levels,5.5 hours,2016-07-11T18:57:34Z,Web Development,21035,11-07-2016,18:57:34Z,2016,7,11
450068,Build a Photo Blog with Ruby on Rails,TRUE,20,2281,32,21,Intermediate Level,1.5 hours,2015-04-02T20:30:12Z,Web Development,45620,02-04-2015,20:30:12Z,2015,4,2
130064,Practical PHP: Master the Basics and Code Dynamic Websites,FALSE,0,83737,4598,45,All Levels,6.5 hours,2014-07-19T03:02:05Z,Web Development,0,19-07-2014,03:02:05Z,2014,7,19
382786,Sass Workflow,FALSE,0,20890,945,21,Beginner Level,3 hours,2015-02-06T15:54:23Z,Web Development,0,06-02-2015,15:54:23Z,2015,2,6
94432,Learn PHP Fundamentals From Scratch,FALSE,0,48650,1236,9,Beginner Level,2 hours,2013-10-16T08:12:40Z,Web Development,0,16-10-2013,08:12:40Z,2013,10,16
688872,XML For Absolute Beginners: Learn to create your own tags,TRUE,75,1945,58,10,Beginner Level,1 hour,2015-12-17T17:27:32Z,Web Development,145875,17-12-2015,17:27:32Z,2015,12,17
297390,Joomla: Create a Joomla Website This Weekend With NO CODING!,FALSE,0,18496,386,30,Beginner Level,2 hours,2014-10-06T20:19:00Z,Web Development,0,06-10-2014,20:19:00Z,2014,10,6
495678,JavaScript for beginners - A Complete Guide,TRUE,100,1193,87,58,All Levels,10.5 hours,2015-06-16T00:35:45Z,Web Development,119300,16-06-2015,00:35:45Z,2015,6,16
988982,Laravel Deployment - Launch your Laravel Application Online,FALSE,0,4905,101,13,Intermediate Level,1 hour,2016-10-22T20:12:05Z,Web Development,0,22-10-2016,20:12:05Z,2016,10,22
722754,WordPress Development Crash Course: From Zero To Hero,TRUE,60,1699,8,22,All Levels,2 hours,2016-02-01T22:07:26Z,Web Development,101940,01-02-2016,22:07:26Z,2016,2,1
563668,Learn how to create a WordPress theme using Pinegrow,FALSE,0,11812,152,19,Intermediate Level,2 hours,2015-07-27T18:26:45Z,Web Development,0,27-07-2015,18:26:45Z,2015,7,27
661878,Learn to Build Web Apps using Laravel Framework,TRUE,30,746,93,39,All Levels,6.5 hours,2015-11-10T22:15:21Z,Web Development,22380,10-11-2015,22:15:21Z,2015,11,10
1160196,Flexbox: The complete guide,TRUE,35,189,7,16,All Levels,1 hour,2017-06-09T23:29:48Z,Web Development,6615,09-06-2017,23:29:48Z,2017,6,9
335280,How to Safely Copy and Move Your WordPress Website,TRUE,60,1419,38,20,Intermediate Level,1.5 hours,2014-11-05T13:21:19Z,Web Development,85140,05-11-2014,13:21:19Z,2014,11,5
957362,AngularJs :basics for beginners,TRUE,45,1237,16,14,All Levels,1 hour,2016-09-19T14:50:49Z,Web Development,55665,19-09-2016,14:50:49Z,2016,9,19
688874,JSON For Beginners: A Very Basic Introduction,TRUE,65,1703,27,8,Beginner Level,1 hour,2016-01-18T23:06:45Z,Web Development,110695,18-01-2016,23:06:45Z,2016,1,18
343816,Learn SASS and improve your CSS,TRUE,55,1849,29,24,All Levels,3 hours,2014-12-20T00:21:05Z,Web Development,101695,20-12-2014,00:21:05Z,2014,12,20
1127988,Angular Tutorial For Beginners,FALSE,0,5397,112,36,Beginner Level,2.5 hours,2017-02-28T04:07:50Z,Web Development,0,28-02-2017,04:07:50Z,2017,2,28
1079624,HTML and CSS for Absolute Beginners,FALSE,0,4410,52,26,All Levels,3 hours,2017-01-20T17:02:27Z,Web Development,0,20-01-2017,17:02:27Z,2017,1,20
746790,"JavaScript, jQuery and Ajax",TRUE,20,1554,30,60,All Levels,4 hours,2016-02-02T18:36:12Z,Web Development,31080,02-02-2016,18:36:12Z,2016,2,2
1106646,Laravel Blog Development Starter,FALSE,0,4499,138,20,All Levels,2 hours,2017-02-14T00:38:18Z,Web Development,0,14-02-2017,00:38:18Z,2017,2,14
647564,React: Learn ReactJS Fundamentals for Front-End Developers,TRUE,55,1993,55,26,All Levels,4 hours,2016-06-06T15:29:42Z,Web Development,109615,06-06-2016,15:29:42Z,2016,6,6
963378,JavaScript For Absolute Beginners - Level Two,TRUE,30,424,85,9,Intermediate Level,1 hour,2016-09-20T17:59:39Z,Web Development,12720,20-09-2016,17:59:39Z,2016,9,20
1239022,How To Create A Real Estate Website With Wordpress 2017,FALSE,0,3782,32,11,Beginner Level,1.5 hours,2017-06-06T14:10:36Z,Web Development,0,06-06-2017,14:10:36Z,2017,6,6
650222,The Complete HTML5 and CSS3 Course - with 8 Websites Design,TRUE,30,1551,42,78,All Levels,7.5 hours,2015-12-07T19:32:22Z,Web Development,46530,07-12-2015,19:32:22Z,2015,12,7
565384,Introduction to Modern Programming with PHP,TRUE,20,954,183,123,Beginner Level,16 hours,2015-08-27T19:20:42Z,Web Development,19080,27-08-2015,19:20:42Z,2015,8,27
784544,HTML Introduction Course: Learn HTML in 2 hours!!!,FALSE,0,7304,368,28,All Levels,2 hours,2016-03-08T15:24:31Z,Web Development,0,08-03-2016,15:24:31Z,2016,3,8
340844,Learn HTML & CSS: How To Start Your Web Development Career,FALSE,0,15462,689,60,Beginner Level,4.5 hours,2015-09-29T19:46:45Z,Web Development,0,29-09-2015,19:46:45Z,2015,9,29
1227322,React vs Angular vs Vue.js by Example,FALSE,0,6958,132,30,Beginner Level,3.5 hours,2017-06-02T21:57:07Z,Web Development,0,02-06-2017,21:57:07Z,2017,6,2
792703,Create WordPress Plugins,TRUE,50,964,19,21,All Levels,2.5 hours,2016-04-08T21:24:12Z,Web Development,48200,08-04-2016,21:24:12Z,2016,4,8
1246622,Build and Deploy a LAMP server on AWS,FALSE,0,3571,18,8,Beginner Level,1 hour,2017-06-19T23:33:54Z,Web Development,0,19-06-2017,23:33:54Z,2017,6,19
679158,Build your own Beautiful Blog in WordPress + SEO,TRUE,200,2421,6,28,All Levels,3 hours,2015-11-25T18:00:35Z,Web Development,484200,25-11-2015,18:00:35Z,2015,11,25
808622,AngularJS Authentication: Secure Your App with Auth0,FALSE,0,21689,1080,13,All Levels,1 hour,2016-04-01T05:51:48Z,Web Development,0,01-04-2016,05:51:48Z,2016,4,1
1248974,Learn Bootstrap 4 by Example,FALSE,0,5542,54,9,All Levels,1 hour,2017-06-12T20:30:50Z,Web Development,0,12-06-2017,20:30:50Z,2017,6,12
1090870,Complete WooCommerce Plugin Tutorial For Wordpress 2017,FALSE,0,7922,183,16,Beginner Level,1.5 hours,2017-01-27T16:47:14Z,Web Development,0,27-01-2017,16:47:14Z,2017,1,27
1041426,How To Build And Make A Wordpress Website From Scratch 2017,FALSE,0,7055,166,24,All Levels,2 hours,2017-01-24T04:59:20Z,Web Development,0,24-01-2017,04:59:20Z,2017,1,24
909244,Docker for Developers - Newest Version 1.12 with Swarm Mode,TRUE,95,767,104,81,Beginner Level,5.5 hours,2016-07-22T15:37:25Z,Web Development,72865,22-07-2016,15:37:25Z,2016,7,22
1102962,Angular Material - Quickstart,FALSE,0,3766,135,14,Beginner Level,42 mins,2017-03-09T22:12:32Z,Web Development,0,09-03-2017,22:12:32Z,2017,3,9
405926,HTML and CSS for Beginners - Build a Website & Launch ONLINE,FALSE,0,70773,5660,50,All Levels,6 hours,2015-03-19T19:07:12Z,Web Development,0,19-03-2015,19:07:12Z,2015,3,19
186096,"Core: A Web App Reference Guide for Django, Python, and More",TRUE,195,2497,98,154,All Levels,26 hours,2014-05-29T00:58:43Z,Web Development,486915,29-05-2014,00:58:43Z,2014,5,29
832478,"JSON with Java APIs, jQuery and JSON REST Web Services",TRUE,95,799,87,41,Beginner Level,6 hours,2016-05-30T23:54:43Z,Web Development,75905,30-05-2016,23:54:43Z,2016,5,30
708578,Bootstrap 4 Quick Start: Code Modern Responsive Websites,FALSE,0,41478,2104,13,All Levels,3 hours,2015-12-30T21:28:31Z,Web Development,0,30-12-2015,21:28:31Z,2015,12,30
667992,Learn Symfony 3 framework by practical examples,TRUE,125,867,177,48,All Levels,4 hours,2016-09-19T21:05:38Z,Web Development,108375,19-09-2016,21:05:38Z,2016,9,19
1050632,"Complete Web Development with HTML, CSS and Javascript",FALSE,0,2097,16,10,Intermediate Level,2 hours,2017-06-27T21:49:31Z,Web Development,0,27-06-2017,21:49:31Z,2017,6,27
380178,Web Hosting Introduction: How to Publish Your Website Online,FALSE,0,5533,137,11,Beginner Level,1 hour,2015-02-09T00:55:50Z,Web Development,0,09-02-2015,00:55:50Z,2015,2,9
924216,Django For Beginners,TRUE,175,534,16,51,Beginner Level,4 hours,2016-08-23T18:49:41Z,Web Development,93450,23-08-2016,18:49:41Z,2016,8,23
1038538,Introduction to QGIS Python Programming,TRUE,85,197,26,28,Beginner Level,3.5 hours,2016-12-22T00:11:22Z,Web Development,16745,22-12-2016,00:11:22Z,2016,12,22
421018,Learning Object-Oriented JavaScript,TRUE,75,533,54,23,Intermediate Level,3 hours,2015-02-17T09:53:12Z,Web Development,39975,17-02-2015,09:53:12Z,2015,2,17
768612,Bootstrap Tutorial for Beginners,TRUE,20,1036,27,20,Beginner Level,2 hours,2016-02-21T16:50:57Z,Web Development,20720,21-02-2016,16:50:57Z,2016,2,21
764076,Learn Bootstrap3 With Multi Purposes Single Page Layout,FALSE,0,4503,146,122,All Levels,21 hours,2016-02-16T21:59:01Z,Web Development,0,16-02-2016,21:59:01Z,2016,2,16
59535,HTML for Beginners,FALSE,0,8592,336,35,Beginner Level,2.5 hours,2013-07-20T00:52:41Z,Web Development,0,20-07-2013,00:52:41Z,2013,7,20
1063430,How to Build WordPress Themes: A Web Designer's Guide,TRUE,165,183,30,47,Intermediate Level,5.5 hours,2017-03-31T23:56:08Z,Web Development,30195,31-03-2017,23:56:08Z,2017,3,31
967424,XML DTD :basics for beginners,TRUE,35,903,3,7,All Levels,33 mins,2016-09-26T16:52:50Z,Web Development,31605,26-09-2016,16:52:50Z,2016,9,26
520302,Learn to make an HTML 5 website with a video background,TRUE,80,1236,18,14,All Levels,30 mins,2015-06-05T18:13:08Z,Web Development,98880,05-06-2015,18:13:08Z,2015,6,5
774648,Learn Authentication With ASP.NET Identity Security 2017,TRUE,50,305,45,13,All Levels,2 hours,2016-02-26T17:41:37Z,Web Development,15250,26-02-2016,17:41:37Z,2016,2,26
1116366,HTML and CSS Foundations,FALSE,0,1544,15,29,Beginner Level,1 hour,2017-06-23T16:51:54Z,Web Development,0,23-06-2017,16:51:54Z,2017,6,23
523312,Python Web Programming,TRUE,100,1020,46,60,Beginner Level,6 hours,2015-07-01T21:46:36Z,Web Development,102000,01-07-2015,21:46:36Z,2015,7,1
884988,Build a Complete Registration and Login System using PHP MVC,TRUE,80,325,50,106,All Levels,5 hours,2017-02-23T22:20:23Z,Web Development,26000,23-02-2017,22:20:23Z,2017,2,23
1211366,ES6 / EcmaScript 6 for beginners an introduction,FALSE,0,3227,19,21,Intermediate Level,2 hours,2017-06-22T22:01:11Z,Web Development,0,22-06-2017,22:01:11Z,2017,6,22
904890,React for visual learners,TRUE,20,659,64,26,All Levels,3.5 hours,2016-07-18T21:41:36Z,Web Development,13180,18-07-2016,21:41:36Z,2016,7,18
255878,Learn to Create Advance Responsive Websites With Bootstrap,TRUE,20,2528,15,30,All Levels,2 hours,2014-10-26T09:54:16Z,Web Development,50560,26-10-2014,09:54:16Z,2014,10,26
1052518,Master the Art of Web Design with HTML & CSS,TRUE,145,550,15,59,All Levels,3 hours,2016-12-28T20:23:56Z,Web Development,79750,28-12-2016,20:23:56Z,2016,12,28
824412,Sell Courses On Your Own Website - No Coding Required!,TRUE,100,1032,9,21,All Levels,1 hour,2016-04-18T17:36:30Z,Web Development,103200,18-04-2016,17:36:30Z,2016,4,18
425086,Implementing a Data Warehouse with SQL Server 2012 ,TRUE,85,1142,148,90,All Levels,5 hours,2015-05-01T23:08:38Z,Web Development,97070,01-05-2015,23:08:38Z,2015,5,1
420982,Learning 200 jQuery Functions with 800 Examples,TRUE,195,1766,38,118,All Levels,18.5 hours,2015-02-24T22:57:40Z,Web Development,344370,24-02-2015,22:57:40Z,2015,2,24
552594,Create Complete Web Applications easily with APEX 5,TRUE,30,912,128,81,Intermediate Level,7 hours,2015-07-14T20:30:11Z,Web Development,27360,14-07-2015,20:30:11Z,2015,7,14
477250,"Learn Gulp, The Streaming Build System",TRUE,25,1305,38,16,All Levels,1.5 hours,2015-04-19T20:34:42Z,Web Development,32625,19-04-2015,20:34:42Z,2015,4,19
1075570,Perfect React JS Course - Understand Relevant Details,TRUE,200,653,20,25,Beginner Level,1 hour,2017-01-17T05:40:31Z,Web Development,130600,17-01-2017,05:40:31Z,2017,1,17
92194,Create a classified website in 2 hours - guaranteed,TRUE,50,3411,84,22,All Levels,1 hour,2013-11-09T09:36:07Z,Web Development,170550,09-11-2013,09:36:07Z,2013,11,9
699618,Learn HTML And CSS From Scratch,FALSE,0,11533,240,18,Beginner Level,2 hours,2016-02-19T15:50:39Z,Web Development,0,19-02-2016,15:50:39Z,2016,2,19
467426,Become a Certified Web Developer - Beginner to Expert,TRUE,200,3397,12,85,All Levels,8 hours,2015-04-06T16:38:49Z,Web Development,679400,06-04-2015,16:38:49Z,2015,4,6
1166070,Complete Bootstrap 4 course - build 3 projects,FALSE,0,7865,241,36,All Levels,5 hours,2017-04-07T17:26:02Z,Web Development,0,07-04-2017,17:26:02Z,2017,4,7
1005610,Up and Running with Phalcon,TRUE,20,715,12,12,All Levels,1.5 hours,2016-11-10T15:33:54Z,Web Development,14300,10-11-2016,15:33:54Z,2016,11,10
922750,HTML : HTML Awesomeness,TRUE,25,988,23,27,Beginner Level,38 mins,2016-08-17T19:33:35Z,Web Development,24700,17-08-2016,19:33:35Z,2016,8,17
1201054,Build CRUD Application - PHP & Mysql,FALSE,0,4405,71,12,Beginner Level,1.5 hours,2017-05-04T16:47:24Z,Web Development,0,04-05-2017,16:47:24Z,2017,5,4
177912,All You Need To Know About AngularJS - Training On AngularJS,TRUE,50,1936,88,53,All Levels,5 hours,2014-03-07T19:09:28Z,Web Development,96800,07-03-2014,19:09:28Z,2014,3,7
596192,PSD To a Creative Landing Page Using Twitter Bootstrap 3,FALSE,0,11666,546,20,Beginner Level,4 hours,2016-04-07T00:04:27Z,Web Development,0,07-04-2016,00:04:27Z,2016,4,7
1031780,Ready for Production with Spring Boot Actuator,TRUE,55,361,26,49,Intermediate Level,2.5 hours,2017-01-05T17:48:41Z,Web Development,19855,05-01-2017,17:48:41Z,2017,1,5
511934,AngularJS For Beginners,FALSE,0,30531,1948,53,All Levels,3 hours,2015-06-30T20:28:22Z,Web Development,0,30-06-2015,20:28:22Z,2015,6,30
1194232,Learning Path: Akka: Building Applications and Microservices,TRUE,200,88,8,55,Intermediate Level,4.5 hours,2017-05-04T00:35:35Z,Web Development,17600,04-05-2017,00:35:35Z,2017,5,4
1131732,Set up a localhost Web Server for Faster Website Development,TRUE,30,55,13,31,All Levels,1.5 hours,2017-06-12T15:12:19Z,Web Development,1650,12-06-2017,15:12:19Z,2017,6,12
693726,Mastering Meteor: Reactive Full Stack JavaScript,TRUE,95,494,46,37,Expert Level,3 hours,2015-12-10T18:16:09Z,Web Development,46930,10-12-2015,18:16:09Z,2015,12,10
365426,Build A Professional Wordpress Website In An Hour,TRUE,20,1294,11,15,All Levels,1 hour,2014-12-31T04:42:49Z,Web Development,25880,31-12-2014,04:42:49Z,2014,12,31
260444,Build a file hosting/sharing site in less than 2 hours ,TRUE,20,976,29,13,All Levels,1.5 hours,2014-07-14T18:43:39Z,Web Development,19520,14-07-2014,18:43:39Z,2014,7,14
12975,Introduction to Java Programming for Online Learners,TRUE,200,1586,87,124,Beginner Level,22 hours,2013-04-17T02:55:10Z,Web Development,317200,17-04-2013,02:55:10Z,2013,4,17
499904,Create full featured Landing Page in Ruby on Rails in 3 hour,TRUE,30,1550,15,23,All Levels,3 hours,2015-05-15T18:53:55Z,Web Development,46500,15-05-2015,18:53:55Z,2015,5,15
733694,How to create a  video blog with WordPress,TRUE,25,1209,8,62,All Levels,4.5 hours,2016-03-29T17:43:26Z,Web Development,30225,29-03-2016,17:43:26Z,2016,3,29
818958,PHP For WordPress Development,TRUE,35,850,12,16,Beginner Level,1 hour,2016-04-12T18:00:47Z,Web Development,29750,12-04-2016,18:00:47Z,2016,4,12
374590,Create a Professional Website Without Programming/Coding,FALSE,0,5421,93,20,All Levels,1.5 hours,2015-01-17T09:15:37Z,Web Development,0,17-01-2015,09:15:37Z,2015,1,17
982328,How to Build an Autocomplete System Like Google,TRUE,30,255,5,9,All Levels,1 hour,2016-10-12T23:24:28Z,Web Development,7650,12-10-2016,23:24:28Z,2016,10,12
511942,Master EmberJS : Learn Ember JS From Scratch,TRUE,120,707,59,103,All Levels,6.5 hours,2015-07-10T21:24:15Z,Web Development,84840,10-07-2015,21:24:15Z,2015,7,10
1024888,How To Make A Modern Wordpress BLOG 2017! Create Your Blog!,FALSE,0,6856,137,19,Beginner Level,2 hours,2016-11-29T23:01:43Z,Web Development,0,29-11-2016,23:01:43Z,2016,11,29
740762,Learn Top Ten PHP FrameWorks By Building Projects,TRUE,60,1007,96,87,All Levels,17.5 hours,2016-01-27T18:05:12Z,Web Development,60420,27-01-2016,18:05:12Z,2016,1,27
646056,How to Make a Video Blog Website From Scratch w/ Wordpress ,FALSE,0,12952,163,22,All Levels,1 hour,2015-10-21T23:31:22Z,Web Development,0,21-10-2015,23:31:22Z,2015,10,21
545524,Build Websites And Apps By Outsourcing,TRUE,20,2299,11,22,All Levels,2 hours,2015-07-20T22:16:39Z,Web Development,45980,20-07-2015,22:16:39Z,2015,7,20
1270222,Learning Path: Web Applications with Spring and Angular,TRUE,200,19,2,33,Expert Level,4 hours,2017-06-28T21:04:21Z,Web Development,3800,28-06-2017,21:04:21Z,2017,6,28
340362,Learn Ruby on Rails By Building Projects,TRUE,60,1736,79,47,All Levels,13 hours,2014-11-12T09:33:28Z,Web Development,104160,12-11-2014,09:33:28Z,2014,11,12
782194,Canvas image Creator HTML5 JavaScript project from Scratch,TRUE,100,2195,10,35,Intermediate Level,3.5 hours,2016-03-06T21:41:43Z,Web Development,219500,06-03-2016,21:41:43Z,2016,3,6
707962,Javascript Essentials,FALSE,0,47062,5590,41,Beginner Level,8.5 hours,2016-01-20T19:08:27Z,Web Development,0,20-01-2016,19:08:27Z,2016,1,20
1178394,Devtools 2017: The Basics of Chrome Developer Tools,FALSE,0,4569,108,18,Beginner Level,1 hour,2017-04-14T16:58:12Z,Web Development,0,14-04-2017,16:58:12Z,2017,4,14
1084894,Chrome Extensions : Develop 5 chrome extensions from scratch,FALSE,0,3655,85,44,Beginner Level,2 hours,2017-03-30T15:22:46Z,Web Development,0,30-03-2017,15:22:46Z,2017,3,30
364616,Learn how to quickly build websites using Wordpress,FALSE,0,15715,406,28,All Levels,3.5 hours,2014-12-18T12:50:07Z,Web Development,0,18-12-2014,12:50:07Z,2014,12,18
990532,Advance Unix : File Processing: AWK | SED | GREP | CUT | VIM,TRUE,75,578,40,84,Expert Level,5.5 hours,2017-01-27T05:12:57Z,Web Development,43350,27-01-2017,05:12:57Z,2017,1,27
933110,Develop a Professional OnePage WordPress site With No Coding,TRUE,20,1747,13,13,Beginner Level,1.5 hours,2016-08-29T16:47:15Z,Web Development,34940,29-08-2016,16:47:15Z,2016,8,29
1158836,PHP Specialist (2017 Edition),TRUE,100,197,11,53,Beginner Level,3.5 hours,2017-03-28T23:39:37Z,Web Development,19700,28-03-2017,23:39:37Z,2017,3,28
70640,Python Programming: Create an Digital Marketplace in Django,TRUE,195,4198,145,161,All Levels,26 hours,2013-10-20T19:53:28Z,Web Development,818610,20-10-2013,19:53:28Z,2013,10,20
1176460,Create Ajax Chat App with PHP & Mysql,TRUE,45,540,11,19,Beginner Level,1 hour,2017-04-15T00:56:41Z,Web Development,24300,15-04-2017,00:56:41Z,2017,4,15
736250,Mastering Thymeleaf with Spring,TRUE,75,942,161,64,All Levels,4.5 hours,2016-02-05T20:42:25Z,Web Development,70650,05-02-2016,20:42:25Z,2016,2,5
617886,Learn Rails Programming in Less than 2 Hours,TRUE,35,2470,24,19,All Levels,2.5 hours,2015-09-23T02:21:50Z,Web Development,86450,23-09-2015,02:21:50Z,2015,9,23
934570,Wordpress Backup & Restore,TRUE,95,478,37,18,All Levels,1.5 hours,2016-09-15T17:20:21Z,Web Development,45410,15-09-2016,17:20:21Z,2016,9,15
760306,Learn JavaScript Dynamic Interactive Projects for Beginners,TRUE,100,2558,12,36,Beginner Level,3 hours,2016-02-14T18:51:48Z,Web Development,255800,14-02-2016,18:51:48Z,2016,2,14
780058,Build Modern Websites Super Fast,TRUE,25,2178,22,19,All Levels,1.5 hours,2016-03-10T00:04:59Z,Web Development,54450,10-03-2016,00:04:59Z,2016,3,10
828042,SAP - Learn SAPUI5 Professional Development,TRUE,195,860,201,56,All Levels,7 hours,2016-04-25T15:22:50Z,Web Development,167700,25-04-2016,15:22:50Z,2016,4,25
473338,Wordpress Security,TRUE,95,2888,26,24,All Levels,2.5 hours,2015-04-13T17:53:02Z,Web Development,274360,13-04-2015,17:53:02Z,2015,4,13
14571,Learn HTML5 At Your Own Pace. Ideal for Beginners,TRUE,50,3026,60,67,All Levels,7 hours,2012-02-28T18:52:32Z,Web Development,151300,28-02-2012,18:52:32Z,2012,2,28
713098,Build an Amazon clone: Nodejs + MongoDB + Stripe Payment,TRUE,20,2164,290,70,All Levels,8.5 hours,2016-01-08T17:16:48Z,Web Development,43280,08-01-2016,17:16:48Z,2016,1,8
701570,Build Real World Websites from Scratch using HTML5 and CSS3,TRUE,195,10874,114,59,Beginner Level,7.5 hours,2016-01-25T18:00:51Z,Web Development,2120430,25-01-2016,18:00:51Z,2016,1,25
1198704,How to become an App Developer,TRUE,200,1935,17,10,Beginner Level,1 hour,2017-05-19T21:39:35Z,Web Development,387000,19-05-2017,21:39:35Z,2017,5,19
807874,"Modern JavaScript: Building Real-World, Real-Time Apps",TRUE,50,1871,154,60,Intermediate Level,13.5 hours,2016-03-30T21:15:15Z,Web Development,93550,30-03-2016,21:15:15Z,2016,3,30
607056,JavaScript Introduction to Object Oriented JavaScript,TRUE,90,7789,59,23,Beginner Level,1.5 hours,2015-10-01T17:43:34Z,Web Development,701010,01-10-2015,17:43:34Z,2015,10,1
587902,Core HTML How to get online quickly HTML to HTML5 ,TRUE,90,10394,33,34,Beginner Level,3.5 hours,2015-08-21T18:53:23Z,Web Development,935460,21-08-2015,18:53:23Z,2015,8,21
963412,Building Websites JavaScript and the DOM,TRUE,120,17759,64,37,Beginner Level,3 hours,2016-09-26T14:48:26Z,Web Development,2131080,26-09-2016,14:48:26Z,2016,9,26
552198,Complete Login and Registration System in PHP and MYSQL,TRUE,200,4714,149,28,All Levels,4 hours,2015-07-16T22:09:55Z,Web Development,942800,16-07-2015,22:09:55Z,2015,7,16
916902,The Complete E-Commerce Web Developer Course 5.0,TRUE,195,3209,58,96,All Levels,12.5 hours,2016-09-13T16:12:58Z,Web Development,625755,13-09-2016,16:12:58Z,2016,9,13
778112,HTML5 canvas Bootcamp for beginners 25 easy steps,TRUE,120,14118,30,27,Beginner Level,2 hours,2016-03-01T23:04:23Z,Web Development,1694160,01-03-2016,23:04:23Z,2016,3,1
26845,Advanced HTML5 Tutorial for Web Developers,TRUE,50,11847,57,57,All Levels,7.5 hours,2012-10-17T11:07:41Z,Web Development,592350,17-10-2012,11:07:41Z,2012,10,17
460056,Learn the Basics of Programming for Marketers,TRUE,55,11339,43,26,Beginner Level,3.5 hours,2015-04-21T17:24:26Z,Web Development,623645,21-04-2015,17:24:26Z,2015,4,21
641732,Css For Beginners,TRUE,85,1156,13,28,Beginner Level,2.5 hours,2015-10-21T20:14:34Z,Web Development,98260,21-10-2015,20:14:34Z,2015,10,21
417914,GRUNT js: Automate web development tasks and save your time,TRUE,55,1534,33,18,All Levels,1.5 hours,2015-03-02T23:34:14Z,Web Development,84370,02-03-2015,23:34:14Z,2015,3,2
707682,Mastering Web and Mobile Debugging Using Chrome Dev Tools,TRUE,195,1102,12,21,All Levels,2 hours,2016-01-29T21:02:49Z,Web Development,214890,29-01-2016,21:02:49Z,2016,1,29
913966,HTML : Beginner Guide to HTML writing,TRUE,20,783,20,13,Beginner Level,37 mins,2016-07-28T18:50:58Z,Web Development,15660,28-07-2016,18:50:58Z,2016,7,28
684794,Build Web Apps Using EmberJS: The Complete Course,TRUE,40,627,126,31,All Levels,4.5 hours,2015-12-10T18:01:55Z,Web Development,25080,10-12-2015,18:01:55Z,2015,12,10
326326,SharePoint 2013 Development using C# - Part I,TRUE,50,891,101,119,All Levels,8.5 hours,2014-11-06T13:59:44Z,Web Development,44550,06-11-2014,13:59:44Z,2014,11,6
436496,SAP Crystal Reports with ASP.Net (Step by step),FALSE,0,7484,304,5,Beginner Level,1 hour,2015-03-04T01:33:32Z,Web Development,0,04-03-2015,01:33:32Z,2015,3,4
525114,Building Responsive Data Visualizations with D3 JS,TRUE,85,876,59,28,All Levels,2 hours,2015-06-12T20:17:52Z,Web Development,74460,12-06-2015,20:17:52Z,2015,6,12
709460,Learn Rails Programming in Less than 30 Minute - Lite,TRUE,20,1235,25,7,All Levels,38 mins,2016-01-06T17:49:01Z,Web Development,24700,06-01-2016,17:49:01Z,2016,1,6
413618,SASS - Beginner Crash Course,TRUE,25,1143,34,13,Beginner Level,1 hour,2015-02-12T17:13:26Z,Web Development,28575,12-02-2015,17:13:26Z,2015,2,12
821788,Angular 2 Fundamentals for Web Developers,TRUE,40,450,61,41,All Levels,6 hours,2016-04-14T18:43:47Z,Web Development,18000,14-04-2016,18:43:47Z,2016,4,14
392836,Easily Learn Web Development With Drop & Drag: OptimizePress,TRUE,20,1442,9,25,Beginner Level,2 hours,2015-01-23T06:46:27Z,Web Development,28840,23-01-2015,06:46:27Z,2015,1,23
1115126,XML XSLT - Crash Course for Beginners,TRUE,45,426,4,9,All Levels,1 hour,2017-02-19T18:11:07Z,Web Development,19170,19-02-2017,18:11:07Z,2017,2,19
348920,Create Your Own Successful Online School To Sell Courses,TRUE,95,2814,14,39,Beginner Level,2 hours,2014-11-18T04:02:55Z,Web Development,267330,18-11-2014,04:02:55Z,2014,11,18
1114060,Flask Tutorial Step by Step,FALSE,0,4645,171,19,Intermediate Level,2 hours,2017-02-28T16:27:45Z,Web Development,0,28-02-2017,16:27:45Z,2017,2,28
778084,Ruby on Rails a Beginners Guide ,FALSE,0,13130,346,88,Beginner Level,6.5 hours,2016-03-18T14:58:53Z,Web Development,0,18-03-2016,14:58:53Z,2016,3,18
1176686,Mastering Basic CSS Selectors.,FALSE,0,3933,23,14,Beginner Level,3 hours,2017-05-09T22:13:22Z,Web Development,0,09-05-2017,22:13:22Z,2017,5,9
744618,Create a Website Similar to Facebook from Scratch!,TRUE,25,2197,9,12,All Levels,1.5 hours,2016-02-09T06:15:07Z,Web Development,54925,09-02-2016,06:15:07Z,2016,2,9
473622,Comprehensive TypeScript,TRUE,125,1318,78,51,All Levels,4.5 hours,2015-04-13T19:00:50Z,Web Development,164750,13-04-2015,19:00:50Z,2015,4,13
470412,"Essential HTML, CSS & HTML5 Training",TRUE,50,1553,35,43,Beginner Level,5.5 hours,2015-04-12T22:20:58Z,Web Development,77650,12-04-2015,22:20:58Z,2015,4,12
758208,HTML 5 and CSS 3 - tricks and workarounds,TRUE,80,2007,10,113,All Levels,5.5 hours,2016-02-18T00:21:26Z,Web Development,160560,18-02-2016,00:21:26Z,2016,2,18
505780,"How to Register a Domain, Set Up Hosting, and Edit Web Pages",TRUE,45,1540,19,39,Beginner Level,3 hours,2015-05-21T19:37:46Z,Web Development,69300,21-05-2015,19:37:46Z,2015,5,21
568524,WordPress Plugins Treasure Chest,TRUE,25,1655,10,44,Intermediate Level,3 hours,2015-08-06T21:01:21Z,Web Development,41375,06-08-2015,21:01:21Z,2015,8,6
890810,Practical Understanding of PHP and MySQL,FALSE,0,12201,217,24,Beginner Level,5.5 hours,2016-07-06T16:35:25Z,Web Development,0,06-07-2016,16:35:25Z,2016,7,6
332252,"AngularJS for Beginners, Single-Page Applications Made Easy",TRUE,200,1284,46,30,All Levels,1.5 hours,2014-11-18T06:03:56Z,Web Development,256800,18-11-2014,06:03:56Z,2014,11,18
431576,Building a Social Network in PHP & MySQL From Scratch,TRUE,50,869,125,78,All Levels,14 hours,2015-03-17T16:54:15Z,Web Development,43450,17-03-2015,16:54:15Z,2015,3,17
1115128,XML DOM - Crash Course for Beginners,TRUE,45,396,6,8,All Levels,34 mins,2017-02-19T23:41:32Z,Web Development,17820,19-02-2017,23:41:32Z,2017,2,19
716310,Create a Powerful Website with the Cool Bootstrap Framework,FALSE,0,7142,41,25,All Levels,4 hours,2016-02-02T23:35:43Z,Web Development,0,02-02-2016,23:35:43Z,2016,2,2
467186,HTML5 and CSS3 -Start building beautiful websites,TRUE,150,1414,14,22,All Levels,2.5 hours,2015-05-14T22:21:39Z,Web Development,212100,14-05-2015,22:21:39Z,2015,5,14
212376,Getting Started as a Web Developer,FALSE,0,9833,241,15,Beginner Level,1 hour,2014-08-16T22:20:47Z,Web Development,0,16-08-2014,22:20:47Z,2014,8,16
496006,Learn Laravel: Create Your Web App Step-By-Step,TRUE,45,604,47,35,All Levels,4 hours,2015-05-20T19:48:45Z,Web Development,27180,20-05-2015,19:48:45Z,2015,5,20
756050,Professional Web Scraping with Java,TRUE,50,685,37,14,Intermediate Level,1 hour,2016-05-16T00:11:41Z,Web Development,34250,16-05-2016,00:11:41Z,2016,5,16
592594,3D Programming with WebGL and Babylon.js for Beginners,TRUE,200,549,49,18,Intermediate Level,2 hours,2015-08-31T21:07:26Z,Web Development,109800,31-08-2015,21:07:26Z,2015,8,31
520308,Learn to make a colorful one page website,TRUE,200,1220,16,16,All Levels,34 mins,2015-06-05T18:09:58Z,Web Development,244000,05-06-2015,18:09:58Z,2015,6,5
494510,WordPress Plugin Tutorial,TRUE,40,1588,8,15,Beginner Level,34 mins,2015-05-14T21:38:00Z,Web Development,63520,14-05-2015,21:38:00Z,2015,5,14
212624,Introduction to HTML,FALSE,0,8371,212,18,Beginner Level,1.5 hours,2014-08-30T01:33:38Z,Web Development,0,30-08-2014,01:33:38Z,2014,8,30
1259422,Learn JavaScript From Scratch:Become Top Rated Web Developer,TRUE,65,2570,17,87,All Levels,5 hours,2017-06-29T18:10:15Z,Web Development,167050,29-06-2017,18:10:15Z,2017,6,29
326244,"Installing Wordpress 4 - Installation, Registrars & Hosting",TRUE,45,6117,188,28,Beginner Level,2.5 hours,2014-10-31T07:21:32Z,Web Development,275265,31-10-2014,07:21:32Z,2014,10,31
573716,Learn PHP Programming for Absolute Beginners,TRUE,35,5368,78,20,All Levels,2 hours,2015-08-05T18:47:48Z,Web Development,187880,05-08-2015,18:47:48Z,2015,8,5
1172166,WordPress for Beginners 2017 + Google AdSense Implementation,TRUE,195,2225,14,64,All Levels,6.5 hours,2017-06-05T18:20:34Z,Web Development,433875,05-06-2017,18:20:34Z,2017,6,5
1021834,JavaScript for beginners in 1 hour,TRUE,95,2086,56,22,Beginner Level,1 hour,2016-12-12T16:52:38Z,Web Development,198170,12-12-2016,16:52:38Z,2016,12,12
1210098,HTML5 and CSS for Beginner To Expert,TRUE,20,1732,15,48,All Levels,4.5 hours,2017-06-06T22:27:23Z,Web Development,34640,06-06-2017,22:27:23Z,2017,6,6
288466,Become a Kick-Ass Web Developer: From Newbie to Pro,TRUE,200,6751,44,353,All Levels,48.5 hours,2014-10-02T15:47:45Z,Web Development,1350200,02-10-2014,15:47:45Z,2014,10,2
581256,Django Tutorial: Build Your First App Fast & Free! ,TRUE,20,5228,180,27,Beginner Level,2.5 hours,2015-09-08T00:17:23Z,Web Development,104560,08-09-2015,00:17:23Z,2015,9,8
1189508,Create a social network using PHP Mysqli HTML Css and JQuery,TRUE,40,1477,17,27,Intermediate Level,6 hours,2017-04-24T00:18:42Z,Web Development,59080,24-04-2017,00:18:42Z,2017,4,24
863976,PHP - Send and Receive Mobile Text Messages (SMS),TRUE,50,1626,81,18,All Levels,1.5 hours,2016-06-15T23:04:19Z,Web Development,81300,15-06-2016,23:04:19Z,2016,6,15
681514,Complete PHP Course with OOP Start to Finish!,TRUE,200,4529,54,29,All Levels,2 hours,2015-11-26T22:25:33Z,Web Development,905800,26-11-2015,22:25:33Z,2015,11,26
864482,Coding Made Easy: HTML & CSS For Beginners,TRUE,40,3254,92,16,Beginner Level,1.5 hours,2016-06-07T17:35:07Z,Web Development,130160,07-06-2016,17:35:07Z,2016,6,7
339086,WordPress Security - The Ultimate Security Guide,TRUE,60,2267,17,29,All Levels,1.5 hours,2015-01-04T20:28:06Z,Web Development,136020,04-01-2015,20:28:06Z,2015,1,4
639654,How to Make a Single Page Website for Freelancers & Agencies,FALSE,0,17463,283,30,All Levels,1.5 hours,2015-10-15T20:13:38Z,Web Development,0,15-10-2015,20:13:38Z,2015,10,15
60792,Learn to Use jQuery UI Widgets,FALSE,0,23669,521,9,Beginner Level,1 hour,2013-06-23T02:38:19Z,Web Development,0,23-06-2013,02:38:19Z,2013,6,23
1054814,Learn to Create Responsive Layouts in 30 Minutes,FALSE,0,5301,174,6,Beginner Level,30 mins,2017-01-17T22:26:51Z,Web Development,0,17-01-2017,22:26:51Z,2017,1,17
948204,Web Building Starter Pack. Html Css and JQuery Animations,TRUE,30,1033,16,42,All Levels,7.5 hours,2016-10-07T21:58:04Z,Web Development,30990,07-10-2016,21:58:04Z,2016,10,7
1191946,Getting Started with Angular 2+,FALSE,0,6909,401,14,Beginner Level,2 hours,2017-04-27T22:25:40Z,Web Development,0,27-04-2017,22:25:40Z,2017,4,27
82412,Intro to PHP Web Application Development with Symfony,TRUE,200,4040,72,20,Beginner Level,1.5 hours,2013-09-06T02:34:20Z,Web Development,808000,06-09-2013,02:34:20Z,2013,9,6
986742,Learn OAuth 2.0 - Theory and Hands On,TRUE,145,546,69,21,All Levels,3 hours,2016-10-17T22:18:40Z,Web Development,79170,17-10-2016,22:18:40Z,2016,10,17
18448,Learning CSS3 - A Comprehensive Tutorial For Web Developers,TRUE,50,2459,107,101,All Levels,8 hours,2012-05-24T21:14:57Z,Web Development,122950,24-05-2012,21:14:57Z,2012,5,24
552258,Professional WordPress Theme Development from Scratch,TRUE,200,1284,173,301,All Levels,25.5 hours,2015-10-13T00:41:30Z,Web Development,256800,13-10-2015,00:41:30Z,2015,10,13
1020722,PHP Zend Framework 1.11:Creating a CRUD Application,TRUE,40,1122,5,7,All Levels,35 mins,2016-11-24T04:49:57Z,Web Development,44880,24-11-2016,04:49:57Z,2016,11,24
752706,Write quicker HTML5 and CSS 3; productivity hacks with emmet,FALSE,0,13016,286,15,All Levels,1.5 hours,2016-03-03T17:45:31Z,Web Development,0,03-03-2016,17:45:31Z,2016,3,3
633606,The Ultimate jQuery Course,TRUE,20,1098,15,54,All Levels,2.5 hours,2015-11-13T19:37:48Z,Web Development,21960,13-11-2015,19:37:48Z,2015,11,13
461176,Build an Advanced Single Page with Bootstrap & WordPress,TRUE,95,481,75,77,Intermediate Level,6 hours,2015-04-08T16:23:36Z,Web Development,45695,08-04-2015,16:23:36Z,2015,4,8
1030774,Master all PHP ideas 2017 to build any project,TRUE,50,376,19,49,Beginner Level,3 hours,2017-02-12T17:54:34Z,Web Development,18800,12-02-2017,17:54:34Z,2017,2,12
221920,A Beginner's Guide to the Meteor JavaScript Framework,TRUE,50,898,132,40,Beginner Level,2 hours,2014-09-27T02:27:57Z,Web Development,44900,27-09-2014,02:27:57Z,2014,9,27
372442,Create an E-commerce website without any coding,TRUE,20,1393,40,9,All Levels,31 mins,2014-12-18T00:04:38Z,Web Development,27860,18-12-2014,00:04:38Z,2014,12,18
851560,Learn To Build Apps Using Play Framework,TRUE,40,434,69,23,All Levels,5.5 hours,2016-06-07T17:38:29Z,Web Development,17360,07-06-2016,17:38:29Z,2016,6,7
755932,Introducing Ionic 2,TRUE,50,394,78,22,Beginner Level,1.5 hours,2016-02-08T20:43:47Z,Web Development,19700,08-02-2016,20:43:47Z,2016,2,8
1031620,Learn Laravel with Database Migration & Seeding & Faker,TRUE,20,263,14,7,All Levels,1 hour,2017-01-09T16:39:16Z,Web Development,5260,09-01-2017,16:39:16Z,2017,1,9
416738,Create a Client Network by Hosting WordPress Sites,TRUE,35,1061,8,17,Intermediate Level,1 hour,2015-03-02T21:42:06Z,Web Development,37135,02-03-2015,21:42:06Z,2015,3,2
576108,Introduction to PHP Slim Microframework,TRUE,20,1312,19,11,Intermediate Level,1 hour,2015-08-07T16:53:35Z,Web Development,26240,07-08-2015,16:53:35Z,2015,8,7
971022,ASP :basics for beginners,TRUE,35,764,7,8,All Levels,1 hour,2016-09-29T15:52:42Z,Web Development,26740,29-09-2016,15:52:42Z,2016,9,29
966794,"WordPress Development With NodeJS, Gulp, Composer & More",TRUE,25,289,30,30,Intermediate Level,4 hours,2016-10-25T13:47:26Z,Web Development,7225,25-10-2016,13:47:26Z,2016,10,25
1200874,Become PHP Facebook Developer: Password-Less Authentication,TRUE,195,4001,8,37,All Levels,4 hours,2017-05-07T19:30:36Z,Web Development,780195,07-05-2017,19:30:36Z,2017,5,7
780056,How To Create Your Very First Website With HTML and CSS,TRUE,100,5097,196,37,Beginner Level,2 hours,2016-04-09T01:56:01Z,Web Development,509700,09-04-2016,01:56:01Z,2016,4,9
1274210,Learn JSON for beginners with JavaScript,TRUE,200,3193,10,23,Beginner Level,1.5 hours,2017-06-30T17:40:02Z,Web Development,638600,30-06-2017,17:40:02Z,2017,6,30
615106,Ultimate guide to Social Media Web development integration ,TRUE,200,11011,13,36,All Levels,2.5 hours,2015-09-20T18:13:38Z,Web Development,2202200,20-09-2015,18:13:38Z,2015,9,20
1023196,A Complete Laravel basics from beginner to expert,TRUE,25,3492,61,12,All Levels,1.5 hours,2016-12-06T22:07:53Z,Web Development,87300,06-12-2016,22:07:53Z,2016,12,6
1249968,JQuery Basics - Learn JQuery From Scratch,TRUE,100,3559,24,18,Beginner Level,1 hour,2017-06-18T21:23:07Z,Web Development,355900,18-06-2017,21:23:07Z,2017,6,18
565000,Learn MeteorJS By Building 10 Real World Projects,TRUE,50,2784,221,79,All Levels,15 hours,2015-07-28T17:23:14Z,Web Development,139200,28-07-2015,17:23:14Z,2015,7,28
760752,JavaScript Basics for Beginners Introduction to coding,TRUE,150,5495,52,18,Beginner Level,1.5 hours,2016-02-17T04:53:50Z,Web Development,824250,17-02-2016,04:53:50Z,2016,2,17
419318,AngularJS Masterclass - Deep Dive & Understand AngularJS,TRUE,100,2912,309,85,All Levels,6 hours,2015-03-04T22:52:26Z,Web Development,291200,04-03-2015,22:52:26Z,2015,3,4
482834,HTML5 for beginners,TRUE,195,9687,59,59,Beginner Level,5 hours,2015-04-24T18:04:21Z,Web Development,1888965,24-04-2015,18:04:21Z,2015,4,24
1090194,All in one HTML CSS and JQuery,TRUE,20,3444,35,16,All Levels,3 hours,2017-01-27T22:27:20Z,Web Development,68880,27-01-2017,22:27:20Z,2017,1,27
561136,Responsive Design with NEW Materialize,TRUE,75,12629,88,36,All Levels,1.5 hours,2015-07-23T20:03:45Z,Web Development,947175,23-07-2015,20:03:45Z,2015,7,23
41356,Create a Responsive Business Website with WordPress,TRUE,95,1659,73,38,All Levels,5.5 hours,2013-03-25T01:44:54Z,Web Development,157605,25-03-2013,01:44:54Z,2013,3,25
946310,PHP webservices,TRUE,30,1305,25,8,All Levels,34 mins,2016-08-31T16:41:53Z,Web Development,39150,31-08-2016,16:41:53Z,2016,8,31
661780,JavaScript Promises: Applications in ES6 and AngularJS,TRUE,75,651,52,20,Beginner Level,2.5 hours,2015-11-06T19:02:46Z,Web Development,48825,06-11-2015,19:02:46Z,2015,11,6
563020,Learn to build 20 websites and build 14 iOS9 apps with swift,TRUE,40,1926,9,458,All Levels,22.5 hours,2015-07-24T21:45:40Z,Web Development,77040,24-07-2015,21:45:40Z,2015,7,24
772224,Professional CSS Flexbox,TRUE,35,396,130,21,Intermediate Level,43 mins,2016-04-07T23:21:42Z,Web Development,13860,07-04-2016,23:21:42Z,2016,4,7
967410,XML :basics for beginners,TRUE,40,1062,12,11,All Levels,39 mins,2016-09-26T16:38:41Z,Web Development,42480,26-09-2016,16:38:41Z,2016,9,26
1007766,How to create Paypal and Credit card Payment Buttons,TRUE,65,578,6,8,Beginner Level,1 hour,2016-11-17T20:57:25Z,Web Development,37570,17-11-2016,20:57:25Z,2016,11,17
837950,Customizr - Learn WordPress with the ultimate creative theme,FALSE,0,4735,81,69,Beginner Level,5 hours,2016-05-05T19:08:34Z,Web Development,0,05-05-2016,19:08:34Z,2016,5,5
737468,How To Create a Local Wordpress Environment,FALSE,0,4306,163,12,Beginner Level,31 mins,2016-02-07T18:58:40Z,Web Development,0,07-02-2016,18:58:40Z,2016,2,7
394832,Fun and creative web engineering with Python and Web2py,FALSE,0,10917,319,25,All Levels,2 hours,2015-06-09T19:51:50Z,Web Development,0,09-06-2015,19:51:50Z,2015,6,9
384318,WordPress for Beginners - Build Your First Website in 2017,TRUE,100,1701,125,88,Beginner Level,7 hours,2015-06-23T20:16:55Z,Web Development,170100,23-06-2015,20:16:55Z,2015,6,23
294408,Learn to Make an Animated Image Gallery using HTML5,FALSE,0,11080,165,7,Beginner Level,1 hour,2014-11-20T11:37:05Z,Web Development,0,20-11-2014,11:37:05Z,2014,11,20
564268,Projects in Foundation Framework - Learn By Building 10 Apps,TRUE,50,636,33,54,All Levels,10 hours,2015-07-27T20:56:27Z,Web Development,31800,27-07-2015,20:56:27Z,2015,7,27
368786,Drupal for Beginners,TRUE,30,1478,18,83,Beginner Level,5 hours,2015-01-26T06:54:58Z,Web Development,44340,26-01-2015,06:54:58Z,2015,1,26
1036170,Laravel : CRUD Application Using AJAX In Laravel 5.3,TRUE,20,362,19,8,Intermediate Level,1 hour,2017-01-09T16:52:33Z,Web Development,7240,09-01-2017,16:52:33Z,2017,1,9
311538,Foundations of Front-End Web Development,FALSE,0,8337,300,129,Beginner Level,20.5 hours,2014-12-12T21:47:15Z,Web Development,0,12-12-2014,21:47:15Z,2014,12,12
825752,Angular 2 - Superheroic Framework,TRUE,20,702,21,30,Beginner Level,3 hours,2016-05-04T16:35:07Z,Web Development,14040,04-05-2016,16:35:07Z,2016,5,4
56513,Social Network Web Development,TRUE,200,2698,29,57,All Levels,8 hours,2013-09-03T06:29:24Z,Web Development,539600,03-09-2013,06:29:24Z,2013,9,3
921560,For Free - Deploy Quickly Spring Boot on Heroku With MySQL,TRUE,95,177,19,10,All Levels,1 hour,2016-08-06T07:33:17Z,Web Development,16815,06-08-2016,07:33:17Z,2016,8,6
366608,Building Web Applications with Spring MVC,TRUE,85,714,48,28,All Levels,3 hours,2014-12-09T13:34:19Z,Web Development,60690,09-12-2014,13:34:19Z,2014,12,9
527834,"HTML5, CSS3 & Bootstrap - How to Create a Responsive Website",TRUE,20,1062,20,32,All Levels,3.5 hours,2015-07-31T23:56:22Z,Web Development,21240,31-07-2015,23:56:22Z,2015,7,31
287010,HTML & CSS - Learn to build sleek websites ,TRUE,55,1552,14,44,All Levels,3.5 hours,2014-10-21T03:35:47Z,Web Development,85360,21-10-2014,03:35:47Z,2014,10,21
1019918,Master Angular 2 - The No Nonsense Course,TRUE,25,102,27,36,Beginner Level,2.5 hours,2016-11-24T04:06:21Z,Web Development,2550,24-11-2016,04:06:21Z,2016,11,24
442580,Master ASP . NET 4 from scratch,TRUE,50,613,135,116,All Levels,16 hours,2015-08-18T20:58:37Z,Web Development,30650,18-08-2015,20:58:37Z,2015,8,18
388286,CoffeeScript: The Good Parts—Write Better javaScript,TRUE,50,2152,19,15,Beginner Level,2.5 hours,2015-01-13T04:50:51Z,Web Development,107600,13-01-2015,04:50:51Z,2015,1,13
368679,Mastering Magento,TRUE,85,1063,101,40,All Levels,3.5 hours,2014-12-15T07:05:38Z,Web Development,90355,15-12-2014,07:05:38Z,2014,12,15
909836,Ultimate JavaScript Strings,FALSE,0,3142,117,20,Beginner Level,37 mins,2016-07-29T12:53:13Z,Web Development,0,29-07-2016,12:53:13Z,2016,7,29
328960,Your Own Site in 45 Min: The Complete Wordpress Course,TRUE,120,1566,29,36,All Levels,4 hours,2015-04-20T22:15:17Z,Web Development,187920,20-04-2015,22:15:17Z,2015,4,20
407796,Redirect Your Visitors By Country Easily -Wordpress Tutorial,TRUE,20,2306,3,24,Beginner Level,1 hour,2015-02-05T18:04:53Z,Web Development,46120,05-02-2015,18:04:53Z,2015,2,5
637840,Learn Knockout JS Framework from GroundUp,TRUE,40,633,104,31,All Levels,5 hours,2015-10-15T17:04:20Z,Web Development,25320,15-10-2015,17:04:20Z,2015,10,15
954948,Build Responsive Websites  in an Hour using Portalfin,FALSE,0,2859,42,17,All Levels,44 mins,2016-09-25T17:45:52Z,Web Development,0,25-09-2016,17:45:52Z,2016,9,25
806536,Master Riot: Learn Riot.js from Scratch,TRUE,125,299,75,34,Intermediate Level,3.5 hours,2016-07-14T16:57:24Z,Web Development,37375,14-07-2016,16:57:24Z,2016,7,14
947204,Learn W3.CSS,TRUE,50,1002,7,10,All Levels,34 mins,2016-09-01T17:18:52Z,Web Development,50100,01-09-2016,17:18:52Z,2016,9,1
468726,Learning Axure RP,TRUE,75,631,103,65,All Levels,4.5 hours,2015-04-08T19:29:35Z,Web Development,47325,08-04-2015,19:29:35Z,2015,4,8
697798,"Complete guide to install Wordpress, PHP on Cloud,AWS or VPS",TRUE,50,1386,17,28,All Levels,3 hours,2016-01-06T17:20:55Z,Web Development,69300,06-01-2016,17:20:55Z,2016,1,6
30261,"Kids Coding -Introduction to HTML, CSS and JavaScript",TRUE,200,2355,143,215,Beginner Level,7 hours,2012-11-26T20:00:40Z,Web Development,471000,26-11-2012,20:00:40Z,2012,11,26
730542,Introduction to Voice Design with Amazon's Alexa,FALSE,0,6742,1036,6,Beginner Level,41 mins,2016-01-18T00:18:08Z,Web Development,0,18-01-2016,00:18:08Z,2016,1,18
524248,How to Create a Social Network For a Niche-Related Community,TRUE,100,1853,34,39,All Levels,2 hours,2015-07-12T22:55:57Z,Web Development,185300,12-07-2015,22:55:57Z,2015,7,12
1037666,Webpack 1 & 2 - The Complete Guide,TRUE,40,252,46,79,All Levels,6.5 hours,2017-03-10T22:04:41Z,Web Development,10080,10-03-2017,22:04:41Z,2017,3,10
726290,Star Rating Project AJAX with JSON response from PHP MySQL,TRUE,120,1302,18,22,Beginner Level,1.5 hours,2016-01-13T17:02:38Z,Web Development,156240,13-01-2016,17:02:38Z,2016,1,13
602702,Wordpress for beginners :Build Websites Fast without Coding ,TRUE,50,1658,72,68,All Levels,5 hours,2015-09-08T19:33:25Z,Web Development,82900,08-09-2015,19:33:25Z,2015,9,8
309820,ASP.Net MVC Quick Start,FALSE,0,15092,1234,65,Intermediate Level,5.5 hours,2016-08-23T15:59:10Z,Web Development,0,23-08-2016,15:59:10Z,2016,8,23
1163894,Build a Chatbot integrated Website using Bootstrap 4,TRUE,50,165,13,28,All Levels,3 hours,2017-04-28T16:54:20Z,Web Development,8250,28-04-2017,16:54:20Z,2017,4,28
320798,How To Create A WordPress Website Without Paying A Developer,TRUE,20,4333,16,17,Beginner Level,1 hour,2014-10-20T11:53:12Z,Web Development,86660,20-10-2014,11:53:12Z,2014,10,20
611688,PSD to Bootstrap 3 for Beginners using HTML & CSS,TRUE,20,976,93,46,Beginner Level,2.5 hours,2015-11-03T21:03:34Z,Web Development,19520,03-11-2015,21:03:34Z,2015,11,3
495958,Build Advanced Responsive Websites with Foundation 6 & SASS,TRUE,200,1276,245,271,All Levels,22.5 hours,2015-07-08T22:31:50Z,Web Development,255200,08-07-2015,22:31:50Z,2015,7,8
652376,Learn Essential Javascript Fundamentals - Lite,TRUE,20,1476,27,8,All Levels,39 mins,2016-01-04T18:17:31Z,Web Development,29520,04-01-2016,18:17:31Z,2016,1,4
846210,Learn HTML in 2 hours!,FALSE,0,5351,235,13,Beginner Level,1.5 hours,2016-05-17T19:11:43Z,Web Development,0,17-05-2016,19:11:43Z,2016,5,17
313484,Laravel 4 try and enjoy php coding,TRUE,20,2402,26,23,Beginner Level,2 hours,2014-10-20T10:48:09Z,Web Development,48040,20-10-2014,10:48:09Z,2014,10,20
883706,Wordpress Beginner Tutorial: Build Your First Website,FALSE,0,6402,104,23,Beginner Level,1.5 hours,2016-06-21T03:29:46Z,Web Development,0,21-06-2016,03:29:46Z,2016,6,21
1039596,Build Complex Express Sites with Redis and Socket IO,TRUE,125,223,26,27,Intermediate Level,3.5 hours,2016-12-22T00:14:13Z,Web Development,27875,22-12-2016,00:14:13Z,2016,12,22
826366,Building a ASP.NET MVC 5 Membership Website,TRUE,95,654,86,239,Intermediate Level,25.5 hours,2016-06-26T21:15:57Z,Web Development,62130,26-06-2016,21:15:57Z,2016,6,26
488220,Drupal Views: Introduction to Enhancing Your Drupal Website,TRUE,105,1262,36,40,Beginner Level,2.5 hours,2015-05-07T19:49:34Z,Web Development,132510,07-05-2015,19:49:34Z,2015,5,7
1012040,Bootstrap Bootcamp - Responsive web development- 8 projects,TRUE,100,253,34,45,All Levels,7 hours,2016-12-12T00:23:57Z,Web Development,25300,12-12-2016,00:23:57Z,2016,12,12
669346,Self Advertise Using PowerPoint Twitter and Facebook on ios,TRUE,20,1780,15,6,Beginner Level,36 mins,2015-11-17T00:55:11Z,Web Development,35600,17-11-2015,00:55:11Z,2015,11,17
123566,Learning Bootstrap 3 - Tutorial From Infinite Skills,TRUE,50,1266,90,50,All Levels,3 hours,2013-11-21T23:53:03Z,Web Development,63300,21-11-2013,23:53:03Z,2013,11,21
628876,Practical Web Development: Make Websites Quickly And Easily,TRUE,20,2389,7,20,All Levels,2 hours,2015-11-29T23:31:46Z,Web Development,47780,29-11-2015,23:31:46Z,2015,11,29
378924,"Learn animation using CSS3, Javascript and HTML5",TRUE,40,1468,54,18,All Levels,2.5 hours,2015-03-24T18:43:38Z,Web Development,58720,24-03-2015,18:43:38Z,2015,3,24
869448,Creating Interactive HTML5 Video,TRUE,25,838,13,23,Intermediate Level,2 hours,2016-06-06T15:24:53Z,Web Development,20950,06-06-2016,15:24:53Z,2016,6,6
1207382,Optimizing Wordpress for More Speed and Revenue,FALSE,0,2649,16,7,Intermediate Level,35 mins,2017-06-12T22:56:09Z,Web Development,0,12-06-2017,22:56:09Z,2017,6,12
628430,JavaScript project Learn to create a memory Game and more,TRUE,95,6000,21,25,Beginner Level,1.5 hours,2015-10-02T17:26:20Z,Web Development,570000,02-10-2015,17:26:20Z,2015,10,2
882128,The Complete JavaScript Bootcamp,TRUE,195,1839,91,47,All Levels,5 hours,2016-06-20T16:56:06Z,Web Development,358605,20-06-2016,16:56:06Z,2016,6,20
149042,JavaScript for Absolute Beginners,TRUE,20,10689,394,17,Beginner Level,2 hours,2014-01-21T03:56:12Z,Web Development,213780,21-01-2014,03:56:12Z,2014,1,21
513958,Complete JavaScript Course for Beginners with Easy Examples,TRUE,200,7449,91,32,All Levels,4 hours,2015-06-08T00:39:47Z,Web Development,1489800,08-06-2015,00:39:47Z,2015,6,8
769390,Angular 2 Master Class with Alejandro Rangel,TRUE,30,4157,206,80,All Levels,9.5 hours,2016-03-01T00:07:14Z,Web Development,124710,01-03-2016,00:07:14Z,2016,3,1
830834,Quick learning jQuery web development,TRUE,150,3388,67,39,Intermediate Level,3 hours,2016-04-25T17:04:36Z,Web Development,508200,25-04-2016,17:04:36Z,2016,4,25
1203040,Google Blogger Course,TRUE,60,1343,11,22,Intermediate Level,3.5 hours,2017-05-05T16:32:38Z,Web Development,80580,05-05-2017,16:32:38Z,2017,5,5
564366,"Ajax in JavaScript and JQuery, with PHP - Creating Chat App",TRUE,200,3399,85,15,All Levels,1.5 hours,2015-07-27T20:23:28Z,Web Development,679800,27-07-2015,20:23:28Z,2015,7,27
1124280,PHP Tutorial: Learn PHP Basic Programming for Beginners,TRUE,20,2510,21,23,Beginner Level,1.5 hours,2017-03-08T19:04:55Z,Web Development,50200,08-03-2017,19:04:55Z,2017,3,8
1135712,Mastering Modern Web Development Using React,TRUE,195,1537,8,29,All Levels,2.5 hours,2017-03-13T21:46:44Z,Web Development,299715,13-03-2017,21:46:44Z,2017,3,13
823996,"Full Stack JavaScript: Learn Backbone.js, Node.js & MongoDB",TRUE,50,6134,93,15,Beginner Level,2 hours,2016-04-17T20:13:31Z,Web Development,306700,17-04-2016,20:13:31Z,2016,4,17
260756,The Essential Web Developer Course - Build 12 Websites,TRUE,200,9355,390,177,All Levels,16.5 hours,2015-11-02T17:41:42Z,Web Development,1871000,02-11-2015,17:41:42Z,2015,11,2
533416,Build Powerful Websites & Blogs using WordPress - No Coding,TRUE,20,1024,14,26,Beginner Level,3 hours,2016-04-04T17:54:52Z,Web Development,20480,04-04-2016,17:54:52Z,2016,4,4
672090,Learn to Build Web Apps using UnderscoreJS : Code Like a Pro,TRUE,40,325,37,27,All Levels,3.5 hours,2015-11-18T17:58:36Z,Web Development,13000,18-11-2015,17:58:36Z,2015,11,18
873844,Building Web Apps Using Flask and Neo4j,TRUE,50,166,21,37,All Levels,2.5 hours,2016-06-10T17:41:39Z,Web Development,8300,10-06-2016,17:41:39Z,2016,6,10
628356,Learn Web Animation the Easy Way: An Intro to SVG and GSAP,TRUE,50,203,33,15,All Levels,3 hours,2015-10-02T17:23:24Z,Web Development,10150,02-10-2015,17:23:24Z,2015,10,2
362360,Build Your Own Membership Website With Joomla,TRUE,95,1134,9,24,All Levels,1.5 hours,2014-12-03T17:10:58Z,Web Development,107730,03-12-2014,17:10:58Z,2014,12,3
961508,Learn Spring Security 4 Basics - Hands On,TRUE,95,216,28,16,Beginner Level,2 hours,2016-09-19T14:44:43Z,Web Development,20520,19-09-2016,14:44:43Z,2016,9,19
1250934,Display and analyze GIS data on the web with Leaflet.js,TRUE,100,25,4,66,Intermediate Level,12.5 hours,2017-06-15T21:17:43Z,Web Development,2500,15-06-2017,21:17:43Z,2017,6,15
58653,How to Build a CMS with PHP,TRUE,50,1096,33,10,Beginner Level,1 hour,2013-06-07T01:50:46Z,Web Development,54800,07-06-2013,01:50:46Z,2013,6,7
152244,Responsive Web Design with HTML5 and CSS3 - Introduction,TRUE,35,770,65,84,Beginner Level,8 hours,2014-01-28T00:45:04Z,Web Development,26950,28-01-2014,00:45:04Z,2014,1,28
591116,Master Typescript : Learn Typescript from scratch,TRUE,95,424,45,60,All Levels,3.5 hours,2015-10-16T20:21:09Z,Web Development,40280,16-10-2015,20:21:09Z,2015,10,16
969170,XSD :basics for beginners,TRUE,35,755,0,7,All Levels,42 mins,2016-09-27T18:01:26Z,Web Development,26425,27-09-2016,18:01:26Z,2016,9,27
572270,Angularjs-WebApi2-EFCodeFirst Web App On 3-Tier Architecture,TRUE,60,652,48,46,Intermediate Level,6.5 hours,2017-01-16T21:52:59Z,Web Development,39120,16-01-2017,21:52:59Z,2017,1,16
653754,Css Positioning For Absolute Beginners: A Basic Introduction,TRUE,65,4797,97,11,Beginner Level,1 hour,2015-10-30T21:14:58Z,Web Development,311805,30-10-2015,21:14:58Z,2015,10,30
1034636,Creating User Authentication System in CodeIgniter,TRUE,200,2783,9,21,All Levels,1.5 hours,2016-12-22T12:44:26Z,Web Development,556600,22-12-2016,12:44:26Z,2016,12,22
169144,How to easily Manage your WordPress Website,TRUE,20,8462,50,21,Beginner Level,2 hours,2014-02-20T17:28:42Z,Web Development,169240,20-02-2014,17:28:42Z,2014,2,20
507992,Wordpress For Beginners: Create a Professional Website,TRUE,200,5129,183,35,Beginner Level,1.5 hours,2015-06-07T18:57:30Z,Web Development,1025800,07-06-2015,18:57:30Z,2015,6,7
554570,"Building a Portfolio in 90 minutes ( HTML, CSS, Js ) ",TRUE,20,5272,111,24,All Levels,2 hours,2015-07-28T18:09:41Z,Web Development,105440,28-07-2015,18:09:41Z,2015,7,28
284076,Automate Web Development With Gulp JS,TRUE,20,2784,425,29,All Levels,3.5 hours,2014-08-23T20:11:57Z,Web Development,55680,23-08-2014,20:11:57Z,2014,8,23
1031626,Bootstrap 4 Responsive Web Design and Development,TRUE,20,3086,17,73,Beginner Level,7.5 hours,2017-06-20T16:24:37Z,Web Development,61720,20-06-2017,16:24:37Z,2017,6,20
399640,Intro To HTML & CSS: Web Development For Beginners,TRUE,20,6008,203,35,Beginner Level,4 hours,2015-01-24T18:32:40Z,Web Development,120160,24-01-2015,18:32:40Z,2015,1,24
50522,Become Exceptional in HTML and HTML5,TRUE,20,16486,86,34,All Levels,6.5 hours,2014-03-21T08:58:42Z,Web Development,329720,21-03-2014,08:58:42Z,2014,3,21
800148,Become a Rockstar Web Developer - Learn By Coding,TRUE,200,2076,125,56,All Levels,11 hours,2016-03-22T16:51:16Z,Web Development,415200,22-03-2016,16:51:16Z,2016,3,22
976854,Spring 4 Mastercourse: Covers Annotation & XML Configuration,TRUE,200,1353,53,320,Intermediate Level,23.5 hours,2016-11-01T22:08:04Z,Web Development,270600,01-11-2016,22:08:04Z,2016,11,1
529028,WordPress Plugin Development for 2017 - Build 14 Plugins,TRUE,50,3770,108,72,All Levels,7 hours,2015-08-11T20:52:21Z,Web Development,188500,11-08-2015,20:52:21Z,2015,8,11
563880,Single Page Application of MVC 5 Using AngularJS,TRUE,20,722,53,18,Intermediate Level,1.5 hours,2015-08-16T18:37:02Z,Web Development,14440,16-08-2015,18:37:02Z,2015,8,16
288258,"Learn to Code in HTML5, CSS3, and JavaScript",TRUE,20,1404,7,17,Beginner Level,2.5 hours,2014-11-13T20:52:11Z,Web Development,28080,13-11-2014,20:52:11Z,2014,11,13
137650,Web Application Development - Learn by Building 3 Web Apps,TRUE,30,1688,16,29,Beginner Level,1.5 hours,2014-06-23T08:06:43Z,Web Development,50640,23-06-2014,08:06:43Z,2014,6,23
858762,Rails Ecommerce App with HTML Template from Themeforest,TRUE,25,214,34,24,Intermediate Level,2 hours,2016-05-27T18:13:20Z,Web Development,5350,27-05-2016,18:13:20Z,2016,5,27
113888,Writing CSS with {LESS} - Tutorial From Infinite Skills,TRUE,50,788,21,25,All Levels,2 hours,2013-11-01T18:13:28Z,Web Development,39400,01-11-2013,18:13:28Z,2013,11,1
25615,Login and Registration from Scratch with PHP and MySQL,TRUE,20,1128,77,36,Intermediate Level,2 hours,2012-10-24T09:54:08Z,Web Development,22560,24-10-2012,09:54:08Z,2012,10,24
352748,Getting Started with Magento,TRUE,85,608,88,48,All Levels,3.5 hours,2014-11-21T09:09:23Z,Web Development,51680,21-11-2014,09:09:23Z,2014,11,21
656522,Ruby on Rails Foundations,TRUE,20,359,45,73,All Levels,6.5 hours,2015-11-16T17:28:36Z,Web Development,7180,16-11-2015,17:28:36Z,2015,11,16
253246,Core Concepts in HTML 5,TRUE,75,1532,19,23,Beginner Level,2 hours,2014-07-30T22:16:40Z,Web Development,114900,30-07-2014,22:16:40Z,2014,7,30
690966,Learn Azure Cloud Step by Step,TRUE,20,791,29,24,Intermediate Level,2.5 hours,2016-02-08T17:29:35Z,Web Development,15820,08-02-2016,17:29:35Z,2016,2,8
655298,Learn Facebook Flux Architecture for Web Applications,TRUE,40,395,26,36,All Levels,6.5 hours,2015-11-05T21:16:07Z,Web Development,15800,05-11-2015,21:16:07Z,2015,11,5
910624,"Create free, fast and secure static website",TRUE,50,322,9,9,Beginner Level,31 mins,2016-07-21T15:30:23Z,Web Development,16100,21-07-2016,15:30:23Z,2016,7,21
735796,Object Orientation in PHP,TRUE,20,151,40,30,Beginner Level,5 hours,2016-02-29T22:40:52Z,Web Development,3020,29-02-2016,22:40:52Z,2016,2,29
873824,Creating Custom Web Maps,TRUE,50,208,48,29,Intermediate Level,2 hours,2016-06-10T17:26:48Z,Web Development,10400,10-06-2016,17:26:48Z,2016,6,10
642940,Build A YouTube Downloader With C# And GitHub,TRUE,20,385,39,32,Intermediate Level,2.5 hours,2015-11-10T21:57:19Z,Web Development,7700,10-11-2015,21:57:19Z,2015,11,10
422012,Querying Microsoft SQL Server 2012 - (Exam No. 70-461),TRUE,85,666,89,115,All Levels,6.5 hours,2015-03-12T21:20:41Z,Web Development,56610,12-03-2015,21:20:41Z,2015,3,12
897314,HTTP Clients with Laravel: Use and Consume Services and APIs,TRUE,65,237,22,52,Intermediate Level,3.5 hours,2016-07-18T19:09:21Z,Web Development,15405,18-07-2016,19:09:21Z,2016,7,18
1008246,Modern E-Commerce Store In php & mysqli With Bootstrap,TRUE,50,240,45,358,All Levels,66.5 hours,2016-12-09T16:18:49Z,Web Development,12000,09-12-2016,16:18:49Z,2016,12,9
576722,Simple And Easy: Wordpress For Beginners,FALSE,0,5014,196,32,Beginner Level,3 hours,2015-08-09T23:12:40Z,Web Development,0,09-08-2015,23:12:40Z,2015,8,9
811452,Create Website from scratch in Urdu & Hindi,FALSE,0,3033,91,9,Intermediate Level,1 hour,2016-06-05T15:48:54Z,Web Development,0,05-06-2016,15:48:54Z,2016,6,5
990284,Advance Unix : File Processing: AWK | GREP | VIM,TRUE,20,458,2,12,All Levels,1 hour,2017-05-03T18:11:54Z,Web Development,9160,03-05-2017,18:11:54Z,2017,5,3
212394,Introduction to Node.js Development,TRUE,55,1779,48,16,Expert Level,1 hour,2014-08-28T03:28:55Z,Web Development,97845,28-08-2014,03:28:55Z,2014,8,28
845794,Advance JavaScript for Coders: Learn OOP in JavaScript,TRUE,40,334,41,54,Intermediate Level,11.5 hours,2016-05-13T18:28:07Z,Web Development,13360,13-05-2016,18:28:07Z,2016,5,13
1009236,Web Development With Google Maps,TRUE,50,222,9,60,Beginner Level,8.5 hours,2017-01-03T15:44:32Z,Web Development,11100,03-01-2017,15:44:32Z,2017,1,3
835346,jQuery UI Ultimate:Design Amazing Interfaces Using jQuery UI,TRUE,145,422,86,69,All Levels,12.5 hours,2016-06-08T19:47:11Z,Web Development,61190,08-06-2016,19:47:11Z,2016,6,8
973932,Learn Spring Security 4 Intermediate - Hands On,TRUE,95,227,16,20,Intermediate Level,2 hours,2016-10-03T16:16:36Z,Web Development,21565,03-10-2016,16:16:36Z,2016,10,3
1227578,Learning Path: The Road to Elasticsearch,TRUE,200,50,5,60,Beginner Level,5 hours,2017-05-29T17:56:24Z,Web Development,10000,29-05-2017,17:56:24Z,2017,5,29
954710,HTML/CSS Bootcamp,TRUE,40,194,26,87,Beginner Level,10 hours,2016-10-18T15:11:13Z,Web Development,7760,18-10-2016,15:11:13Z,2016,10,18
525818,JavaScript High Performance,TRUE,95,458,28,40,All Levels,4.5 hours,2015-06-12T20:39:37Z,Web Development,43510,12-06-2015,20:39:37Z,2015,6,12
1170920,Node:js : Building Rest Apis with Sails.js,TRUE,100,61,9,44,Beginner Level,2 hours,2017-04-27T16:49:06Z,Web Development,6100,27-04-2017,16:49:06Z,2017,4,27
826568,Fundamentals of Angular 2 Full Stack Design,TRUE,95,314,43,49,Beginner Level,6.5 hours,2016-04-21T15:10:14Z,Web Development,29830,21-04-2016,15:10:14Z,2016,4,21
665686,Create Newsletter Subscription Form with PHP/AJAX in 40 Min,TRUE,50,586,10,17,All Levels,38 mins,2015-11-11T20:51:09Z,Web Development,29300,11-11-2015,20:51:09Z,2015,11,11
969348,AppML :basics for beginners,TRUE,30,770,0,8,All Levels,38 mins,2016-09-27T18:41:31Z,Web Development,23100,27-09-2016,18:41:31Z,2016,9,27
599628,How to manage your own VPS and create websites,TRUE,120,735,16,30,All Levels,1.5 hours,2015-09-17T17:37:57Z,Web Development,88200,17-09-2015,17:37:57Z,2015,9,17
403106,Learn BuddyPress: Build A Social Network with WordPress,TRUE,20,1299,15,23,All Levels,1 hour,2015-01-29T05:32:25Z,Web Development,25980,29-01-2015,05:32:25Z,2015,1,29
145812,HTML FOR BEGINNERS,TRUE,20,791,8,16,All Levels,1 hour,2014-01-19T17:33:55Z,Web Development,15820,19-01-2014,17:33:55Z,2014,1,19
1115132,XML XQuery - Crash Course for Beginners,TRUE,45,426,4,10,All Levels,1 hour,2017-02-19T22:52:36Z,Web Development,19170,19-02-2017,22:52:36Z,2017,2,19
935014,Simplified Cross Browser Web Testing Using VirtualBox,TRUE,20,796,3,18,Beginner Level,1 hour,2016-09-13T00:45:39Z,Web Development,15920,13-09-2016,00:45:39Z,2016,9,13
616818,JavaScript and jQuery Basics: Start The Journey,TRUE,25,1316,22,45,All Levels,5 hours,2015-09-21T00:53:26Z,Web Development,32900,21-09-2015,00:53:26Z,2015,9,21
264790,How to Install WordPress From Scratch,FALSE,0,8415,56,13,Beginner Level,1 hour,2014-07-19T23:03:39Z,Web Development,0,19-07-2014,23:03:39Z,2014,7,19
943386,CSS :basics for beginners,TRUE,30,1085,8,13,All Levels,32 mins,2016-08-29T14:34:31Z,Web Development,32550,29-08-2016,14:34:31Z,2016,8,29
576054,"WordPress Development - Themes, Plugins & Single Page Apps",TRUE,150,817,164,131,Intermediate Level,19.5 hours,2016-03-02T06:26:16Z,Web Development,122550,02-03-2016,06:26:16Z,2016,3,2
392526,Learn Effective HTML in No Time!,TRUE,40,1275,11,18,All Levels,1 hour,2015-10-12T21:38:50Z,Web Development,51000,12-10-2015,21:38:50Z,2015,10,12
258886,HTML5 Geolocation in Depth:Build 7 HTML5 Geolocation Apps,TRUE,90,1526,72,86,All Levels,6.5 hours,2015-05-26T00:00:59Z,Web Development,137340,26-05-2015,00:00:59Z,2015,5,26
155640,Building a Search Engine in PHP & MySQL,FALSE,0,10110,379,12,All Levels,2.5 hours,2014-02-03T18:07:52Z,Web Development,0,03-02-2014,18:07:52Z,2014,2,3
261148,create a search engine for your website!,TRUE,20,1832,6,12,Intermediate Level,1.5 hours,2014-07-17T18:28:04Z,Web Development,36640,17-07-2014,18:28:04Z,2014,7,17
939536,Learn basics of HTML in 30 Minutes,TRUE,20,945,17,11,Beginner Level,33 mins,2016-09-02T16:37:09Z,Web Development,18900,02-09-2016,16:37:09Z,2016,9,2
368908,JavaScript from Scratch for Very Beginners,TRUE,30,1272,31,29,Beginner Level,5 hours,2014-12-22T10:08:19Z,Web Development,38160,22-12-2014,10:08:19Z,2014,12,22
709324,Learn Web Development by Creating a Social Network,TRUE,200,442,48,80,Beginner Level,6.5 hours,2015-12-30T16:53:44Z,Web Development,88400,30-12-2015,16:53:44Z,2015,12,30
366720,CSS Image filters - The modern web images color manipulation,FALSE,0,6315,53,16,All Levels,1.5 hours,2014-12-10T19:43:40Z,Web Development,0,10-12-2014,19:43:40Z,2014,12,10
554136,Building Responsive Websites with Bootstrap 3 Framework,TRUE,75,1322,14,27,Intermediate Level,3 hours,2015-07-22T22:54:03Z,Web Development,99150,22-07-2015,22:54:03Z,2015,7,22
455680,Create a Membership Site with Wishlist Member & Wordpress,TRUE,95,557,39,28,All Levels,2.5 hours,2015-03-31T00:48:23Z,Web Development,52915,31-03-2015,00:48:23Z,2015,3,31
667744,Convert HTML Websites into PHP: Learn by Doing in 40 Minutes,TRUE,50,540,13,15,All Levels,36 mins,2015-11-12T17:53:12Z,Web Development,27000,12-11-2015,17:53:12Z,2015,11,12
975916,17 Complete JavaScript   projects explained step by step,TRUE,185,327,26,106,Beginner Level,9.5 hours,2016-10-26T14:03:38Z,Web Development,60495,26-10-2016,14:03:38Z,2016,10,26
1159822,Mastering Unix : AWK Commands,TRUE,20,358,0,23,All Levels,2 hours,2017-05-03T22:21:05Z,Web Development,7160,03-05-2017,22:21:05Z,2017,5,3
1018530,Cakephp:Creating a CRUD application,TRUE,40,803,2,7,All Levels,31 mins,2016-11-22T17:55:42Z,Web Development,32120,22-11-2016,17:55:42Z,2016,11,22
516790,HTML and CSS: A Guide to Web Design,TRUE,25,1557,13,74,All Levels,14 hours,2015-06-02T22:41:13Z,Web Development,38925,02-06-2015,22:41:13Z,2015,6,2
1079078,Drupal 8 Site Building,FALSE,0,1942,23,48,All Levels,4.5 hours,2017-05-02T05:15:52Z,Web Development,0,02-05-2017,05:15:52Z,2017,5,2
919354,Learn Bootstrap 4 The Most Popular HTML5 CSS3 & JS Framework,TRUE,200,279,37,119,All Levels,10 hours,2017-04-25T00:57:35Z,Web Development,55800,25-04-2017,00:57:35Z,2017,4,25
1248172,Essentials of Spring 5.0 for Developers,TRUE,125,34,2,21,Expert Level,1.5 hours,2017-06-11T18:34:40Z,Web Development,4250,11-06-2017,18:34:40Z,2017,6,11
949134,The Extreme Web Development Course - For Beginners,TRUE,200,1420,62,152,All Levels,5.5 hours,2016-09-04T20:51:08Z,Web Development,284000,04-09-2016,20:51:08Z,2016,9,4
833182,JQuery DOM and Ajax Concept Explained for Beginners,TRUE,35,1812,112,7,All Levels,37 mins,2016-04-27T15:26:57Z,Web Development,63420,27-04-2016,15:26:57Z,2016,4,27
654832,HTML Forms For Beginners: A Basic Introduction  ,TRUE,45,2472,41,8,Beginner Level,1 hour,2015-11-05T17:49:01Z,Web Development,111240,05-11-2015,17:49:01Z,2015,11,5
895096,Ultimate JavaScript Objects,TRUE,20,1525,43,65,All Levels,2.5 hours,2016-07-07T21:00:57Z,Web Development,30500,07-07-2016,21:00:57Z,2016,7,7
459922,The Complete Web Developer Course - Build 20 Websites,TRUE,20,2650,61,304,All Levels,15.5 hours,2015-03-26T22:11:15Z,Web Development,53000,26-03-2015,22:11:15Z,2015,3,26
577796,"Simple Javascript: Learn by Doing, Beginners Welcome!",TRUE,25,2753,10,18,All Levels,2 hours,2015-09-07T17:55:11Z,Web Development,68825,07-09-2015,17:55:11Z,2015,9,7
747650,"Learn HTML, CSS, and Ruby on Rails: Build Your First Blog",TRUE,20,2985,40,27,Beginner Level,1.5 hours,2016-11-29T23:41:06Z,Web Development,59700,29-11-2016,23:41:06Z,2016,11,29
761770,Learn HTML5 Canvas for beginners,TRUE,100,2360,12,49,Beginner Level,3.5 hours,2016-03-01T17:53:34Z,Web Development,236000,01-03-2016,17:53:34Z,2016,3,1
723878,Bootstrap 4 Beginners: Code a Responsive Landing Page,TRUE,30,948,193,48,All Levels,3.5 hours,2016-09-13T16:54:49Z,Web Development,28440,13-09-2016,16:54:49Z,2016,9,13
1036028,Build Wordpress CMS Clone with Laravel 5,TRUE,150,392,81,63,All Levels,8.5 hours,2016-12-19T22:00:20Z,Web Development,58800,19-12-2016,22:00:20Z,2016,12,19
1115064,XML DTD - Crash Course for Beginners,TRUE,45,944,1,10,All Levels,1 hour,2017-02-18T20:21:12Z,Web Development,42480,18-02-2017,20:21:12Z,2017,2,18
21386,Beginner Photoshop to HTML5 and CSS3,FALSE,0,73110,1716,22,All Levels,2 hours,2012-07-27T12:54:57Z,Web Development,0,27-07-2012,12:54:57Z,2012,7,27
968292,XPATH :basics for beginners,TRUE,40,878,6,8,All Levels,37 mins,2016-09-27T15:20:47Z,Web Development,35120,27-09-2016,15:20:47Z,2016,9,27
523216,The Fastest Way to Create a Website Using Godaddy,TRUE,30,1454,14,12,Beginner Level,30 mins,2015-11-09T20:44:25Z,Web Development,43620,09-11-2015,20:44:25Z,2015,11,9
270976,A how to guide in HTML,FALSE,0,7318,205,8,Beginner Level,35 mins,2014-08-10T20:19:10Z,Web Development,0,10-08-2014,20:19:10Z,2014,8,10
679992,Building Better APIs with GraphQL,TRUE,50,555,89,16,All Levels,2.5 hours,2015-11-29T22:02:02Z,Web Development,27750,29-11-2015,22:02:02Z,2015,11,29
330900,Learn Grunt with Examples: Automate Your Front End Workflow,TRUE,20,496,113,17,All Levels,1 hour,2014-12-19T21:38:54Z,Web Development,9920,19-12-2014,21:38:54Z,2014,12,19
667122,Build A Stock Downloader With Visual Studio 2015 And C#,TRUE,20,436,36,22,Intermediate Level,1.5 hours,2015-11-19T17:22:47Z,Web Development,8720,19-11-2015,17:22:47Z,2015,11,19
865438,jQuery UI in Action: Build 5 jQuery UI Projects,TRUE,150,382,28,140,All Levels,15.5 hours,2016-10-10T22:00:32Z,Web Development,57300,10-10-2016,22:00:32Z,2016,10,10
775618,Learn jQuery from Scratch - Master of JavaScript library,TRUE,100,1040,14,21,All Levels,2 hours,2016-06-14T17:36:46Z,Web Development,104000,14-06-2016,17:36:46Z,2016,6,14
1088178,How To Design A WordPress Website With No Coding At All,TRUE,25,306,3,42,Beginner Level,3.5 hours,2017-03-10T22:24:30Z,Web Development,7650,10-03-2017,22:24:30Z,2017,3,10
635248,Learn and Build using Polymer,TRUE,40,513,169,48,All Levels,3.5 hours,2015-12-30T16:41:42Z,Web Development,20520,30-12-2015,16:41:42Z,2015,12,30
905096,CSS Animations: Create Amazing Effects on Your Website,TRUE,50,300,31,38,All Levels,3 hours,2016-08-11T19:06:15Z,Web Development,15000,11-08-2016,19:06:15Z,2016,8,11
297602,Using MODX CMS to Build Websites: A Beginner's Guide,TRUE,45,901,36,20,Beginner Level,2 hours,2014-09-28T19:51:11Z,Web Development,40545,28-09-2014,19:51:11Z,2014,9,28
